chapter,segment_id,segment_order,context,surface_text,default_pinyin,candidates,risk_type,annotation_id,review_classification
上古天真论篇第一,01a0d5d5-3b2a-76d8-84fb-5c2190b6e058,0,昔在黄帝，生而神灵，弱而能言，幼而徇齐，长而敦敏，成而登天。乃问于天师曰：,昔,xi1,cuo4 | xi1,polyphone,01a0d5d5-3b7e-74fb-b50a-18f86624794f,unclear
上古天真论篇第一,01a0d5d5-3b2a-76d8-84fb-5c2190b6e058,0,昔在黄帝，生而神灵，弱而能言，幼而徇齐，长而敦敏，成而登天。乃问于天师曰：“余闻上古之,而,er2,er2 | neng2,polyphone,01a0d5d5-3b7e-74fb-b50a-18f97db590e5,likely_unnecessary
上古天真论篇第一,01a0d5d5-3b2a-76d8-84fb-5c2190b6e058,0,昔在黄帝，生而神灵，弱而能言，幼而徇齐，长而敦敏，成而登天。乃问于天师曰：“余闻上古之人,神,shen2,shen1 | shen2,polyphone,01a0d5d5-3b7e-74fb-b50a-18fafef3ba00,unclear
上古天真论篇第一,01a0d5d5-3b2a-76d8-84fb-5c2190b6e058,0,昔在黄帝，生而神灵，弱而能言，幼而徇齐，长而敦敏，成而登天。乃问于天师曰：“余闻上古之人，春秋皆,而,er2,er2 | neng2,polyphone,01a0d5d5-3b7e-74fb-b50a-18fb64c99c15,likely_unnecessary
上古天真论篇第一,01a0d5d5-3b2a-76d8-84fb-5c2190b6e058,0,昔在黄帝，生而神灵，弱而能言，幼而徇齐，长而敦敏，成而登天。乃问于天师曰：“余闻上古之人，春秋皆度,能,neng2,nai2 | nai4 | neng2 | tai2 | xiong2,polyphone,01a0d5d5-3b7e-74fb-b50a-18fcc8d1a2ff,likely_unnecessary
上古天真论篇第一,01a0d5d5-3b2a-76d8-84fb-5c2190b6e058,0,昔在黄帝，生而神灵，弱而能言，幼而徇齐，长而敦敏，成而登天。乃问于天师曰：“余闻上古之人，春秋皆度百,言,yan2,yan2 | yan4 | yin2,polyphone,01a0d5d5-3b7e-74fb-b50a-18fda19e9f17,likely_unnecessary
上古天真论篇第一,01a0d5d5-3b2a-76d8-84fb-5c2190b6e058,0,昔在黄帝，生而神灵，弱而能言，幼而徇齐，长而敦敏，成而登天。乃问于天师曰：“余闻上古之人，春秋皆度百岁，,幼,you4,yao4 | you4,polyphone,01a0d5d5-3b7e-74fb-b50a-18fe422eda9a,likely_unnecessary
上古天真论篇第一,01a0d5d5-3b2a-76d8-84fb-5c2190b6e058,0,昔在黄帝，生而神灵，弱而能言，幼而徇齐，长而敦敏，成而登天。乃问于天师曰：“余闻上古之人，春秋皆度百岁，而,而,er2,er2 | neng2,polyphone,01a0d5d5-3b7e-74fb-b50a-18ff42c46666,likely_unnecessary
上古天真论篇第一,01a0d5d5-3b2a-76d8-84fb-5c2190b6e058,0,昔在黄帝，生而神灵，弱而能言，幼而徇齐，长而敦敏，成而登天。乃问于天师曰：“余闻上古之人，春秋皆度百岁，而动作,齐,qi2,ji4 | qi2,polyphone,01a0d5d5-3b7e-74fb-b50a-19007122aca9,unclear
上古天真论篇第一,01a0d5d5-3b2a-76d8-84fb-5c2190b6e058,0,昔在黄帝，生而神灵，弱而能言，幼而徇齐，长而敦敏，成而登天。乃问于天师曰：“余闻上古之人，春秋皆度百岁，而动作不衰,长,zhang3,chang2 | zhang3,polyphone,01a0d5d5-3b7e-74fb-b50a-19012516a6d0,likely_useful
上古天真论篇第一,01a0d5d5-3b2a-76d8-84fb-5c2190b6e058,0,昔在黄帝，生而神灵，弱而能言，幼而徇齐，长而敦敏，成而登天。乃问于天师曰：“余闻上古之人，春秋皆度百岁，而动作不衰；,而,er2,er2 | neng2,polyphone,01a0d5d5-3b7e-74fb-b50a-19020d802696,likely_unnecessary
上古天真论篇第一,01a0d5d5-3b2a-76d8-84fb-5c2190b6e058,0,昔在黄帝，生而神灵，弱而能言，幼而徇齐，长而敦敏，成而登天。乃问于天师曰：“余闻上古之人，春秋皆度百岁，而动作不衰；今,敦,dun1,dao4 | diao1 | dui1 | dui4 | dun1 | dun4 | tuan2 | tun1 | tun2 | zhun3,polyphone,01a0d5d5-3b7e-74fb-b50a-19035a1a621d,unclear
上古天真论篇第一,01a0d5d5-3b2a-76d8-84fb-5c2190b6e058,0,昔在黄帝，生而神灵，弱而能言，幼而徇齐，长而敦敏，成而登天。乃问于天师曰：“余闻上古之人，春秋皆度百岁，而动作不衰；今时之人，,而,er2,er2 | neng2,polyphone,01a0d5d5-3b7e-74fb-b50a-1904e5736e91,likely_unnecessary
上古天真论篇第一,01a0d5d5-3b2a-76d8-84fb-5c2190b6e058,0,昔在黄帝，生而神灵，弱而能言，幼而徇齐，长而敦敏，成而登天。乃问于天师曰：“余闻上古之人，春秋皆度百岁，而动作不衰；今时之人，年,登,deng1,de2 | deng1,polyphone,01a0d5d5-3b7e-74fb-b50a-1905965d6e41,likely_unnecessary
上古天真论篇第一,01a0d5d5-3b2b-7013-acb2-e00781ba4095,1,昔在黄帝，生而神灵，弱而能言，幼而徇齐，长而敦敏，成而登天。乃问于天师曰：“余闻上古之人，春秋皆度百岁，而动作不衰；今时之人，年半百而,乃,nai3,ai3 | nai3,polyphone,01a0d5d5-3b81-76da-b1f4-a1e881833130,likely_unnecessary
上古天真论篇第一,01a0d5d5-3b2b-7013-acb2-e00781ba4095,1,昔在黄帝，生而神灵，弱而能言，幼而徇齐，长而敦敏，成而登天。乃问于天师曰：“余闻上古之人，春秋皆度百岁，而动作不衰；今时之人，年半百而动作,于,yu2,wei2 | xu1 | yu1 | yu2,polyphone,01a0d5d5-3b81-76da-b1f4-a1e96ffd762c,likely_unnecessary
上古天真论篇第一,01a0d5d5-3b2b-7013-acb2-e00781ba4095,1,黄帝，生而神灵，弱而能言，幼而徇齐，长而敦敏，成而登天。乃问于天师曰：“余闻上古之人，春秋皆度百岁，而动作不衰；今时之人，年半百而动作皆衰者，时世,余,yu2,tu2 | xu2 | yu2 | yu4,polyphone,01a0d5d5-3b81-76da-b1f4-a1ea7a513f4f,likely_unnecessary
上古天真论篇第一,01a0d5d5-3b2b-7013-acb2-e00781ba4095,1,，生而神灵，弱而能言，幼而徇齐，长而敦敏，成而登天。乃问于天师曰：“余闻上古之人，春秋皆度百岁，而动作不衰；今时之人，年半百而动作皆衰者，时世异耶,上,shang4,shang3 | shang4,polyphone,01a0d5d5-3b81-76da-b1f4-a1eb48d3782b,likely_unnecessary
上古天真论篇第一,01a0d5d5-3b2b-7013-acb2-e00781ba4095,1,生而神灵，弱而能言，幼而徇齐，长而敦敏，成而登天。乃问于天师曰：“余闻上古之人，春秋皆度百岁，而动作不衰；今时之人，年半百而动作皆衰者，时世异耶？,古,gu3,gu3 | gu4 | ku1,polyphone,01a0d5d5-3b81-76da-b1f4-a1ec2420cd76,likely_unnecessary
上古天真论篇第一,01a0d5d5-3b2b-7013-acb2-e00781ba4095,1,而神灵，弱而能言，幼而徇齐，长而敦敏，成而登天。乃问于天师曰：“余闻上古之人，春秋皆度百岁，而动作不衰；今时之人，年半百而动作皆衰者，时世异耶？人,之,zhi1,zhi1 | zhi4 | zhu1,polyphone,01a0d5d5-3b81-76da-b1f4-a1edfcd839a4,likely_unnecessary
上古天真论篇第一,01a0d5d5-3b2b-7013-acb2-e00781ba4095,1,，弱而能言，幼而徇齐，长而敦敏，成而登天。乃问于天师曰：“余闻上古之人，春秋皆度百岁，而动作不衰；今时之人，年半百而动作皆衰者，时世异耶？人将失之,春,chun1,chun1 | chun3,polyphone,01a0d5d5-3b81-76da-b1f4-a1ee96661f36,
上古天真论篇第一,01a0d5d5-3b2b-7013-acb2-e00781ba4095,1,能言，幼而徇齐，长而敦敏，成而登天。乃问于天师曰：“余闻上古之人，春秋皆度百岁，而动作不衰；今时之人，年半百而动作皆衰者，时世异耶？人将失之耶？”,度,du4,du4 | duo2 | zhai2,polyphone,01a0d5d5-3b81-76da-b1f4-a1ef09aa51c8,
上古天真论篇第一,01a0d5d5-3b2b-7013-acb2-e00781ba4095,1,言，幼而徇齐，长而敦敏，成而登天。乃问于天师曰：“余闻上古之人，春秋皆度百岁，而动作不衰；今时之人，年半百而动作皆衰者，时世异耶？人将失之耶？”岐,百,bai3,bai3 | bo2 | mo4,polyphone,01a0d5d5-3b81-76da-b1f4-a1f02b0ab702,
上古天真论篇第一,01a0d5d5-3b2b-7013-acb2-e00781ba4095,1,而徇齐，长而敦敏，成而登天。乃问于天师曰：“余闻上古之人，春秋皆度百岁，而动作不衰；今时之人，年半百而动作皆衰者，时世异耶？人将失之耶？”岐伯对曰,而,er2,er2 | neng2,polyphone,01a0d5d5-3b81-76da-b1f4-a1f16facd05b,
上古天真论篇第一,01a0d5d5-3b2b-7013-acb2-e00781ba4095,1,齐，长而敦敏，成而登天。乃问于天师曰：“余闻上古之人，春秋皆度百岁，而动作不衰；今时之人，年半百而动作皆衰者，时世异耶？人将失之耶？”岐伯对曰：“,作,zuo4,zuo1 | zuo2 | zuo4,polyphone,01a0d5d5-3b81-76da-b1f4-a1f2bd626b74,
上古天真论篇第一,01a0d5d5-3b2b-7013-acb2-e00781ba4095,1,，长而敦敏，成而登天。乃问于天师曰：“余闻上古之人，春秋皆度百岁，而动作不衰；今时之人，年半百而动作皆衰者，时世异耶？人将失之耶？”岐伯对曰：“上,不,bu4,bu2 | bu4 | fou1 | fou3 | fu1,polyphone,01a0d5d5-3b81-76da-b1f4-a1f37ca8e999,
上古天真论篇第一,01a0d5d5-3b2b-7013-acb2-e00781ba4095,1,长而敦敏，成而登天。乃问于天师曰：“余闻上古之人，春秋皆度百岁，而动作不衰；今时之人，年半百而动作皆衰者，时世异耶？人将失之耶？”岐伯对曰：“上古,衰,shuai1,cui1 | shuai1 | suo1,polyphone,01a0d5d5-3b81-76da-b1f4-a1f49b0fe383,
上古天真论篇第一,01a0d5d5-3b2b-7013-acb2-e00812354941,2,，成而登天。乃问于天师曰：“余闻上古之人，春秋皆度百岁，而动作不衰；今时之人，年半百而动作皆衰者，时世异耶？人将失之耶？”岐伯对曰：“上古之人，其,之,zhi1,zhi1 | zhi4 | zhu1,polyphone,01a0d5d5-3b84-76e0-81c2-afaf67063847,
上古天真论篇第一,01a0d5d5-3b2b-7013-acb2-e00812354941,2,登天。乃问于天师曰：“余闻上古之人，春秋皆度百岁，而动作不衰；今时之人，年半百而动作皆衰者，时世异耶？人将失之耶？”岐伯对曰：“上古之人，其知道者,年,nian2,nian2 | ning4,polyphone,01a0d5d5-3b84-76e0-81c2-afb04ea627fa,
上古天真论篇第一,01a0d5d5-3b2b-7013-acb2-e00812354941,2,天。乃问于天师曰：“余闻上古之人，春秋皆度百岁，而动作不衰；今时之人，年半百而动作皆衰者，时世异耶？人将失之耶？”岐伯对曰：“上古之人，其知道者，,半,ban4,ban4 | pan4,polyphone,01a0d5d5-3b84-76e0-81c2-afb1983f7f71,
上古天真论篇第一,01a0d5d5-3b2b-7013-acb2-e00812354941,2,。乃问于天师曰：“余闻上古之人，春秋皆度百岁，而动作不衰；今时之人，年半百而动作皆衰者，时世异耶？人将失之耶？”岐伯对曰：“上古之人，其知道者，法,百,bai3,bai3 | bo2 | mo4,polyphone,01a0d5d5-3b84-76e0-81c2-afb2652e2fa5,
上古天真论篇第一,01a0d5d5-3b2b-7013-acb2-e00812354941,2,乃问于天师曰：“余闻上古之人，春秋皆度百岁，而动作不衰；今时之人，年半百而动作皆衰者，时世异耶？人将失之耶？”岐伯对曰：“上古之人，其知道者，法于,而,er2,er2 | neng2,polyphone,01a0d5d5-3b84-76e0-81c2-afb3c897e61e,
上古天真论篇第一,01a0d5d5-3b2b-7013-acb2-e00812354941,2,于天师曰：“余闻上古之人，春秋皆度百岁，而动作不衰；今时之人，年半百而动作皆衰者，时世异耶？人将失之耶？”岐伯对曰：“上古之人，其知道者，法于阴阳,作,zuo4,zuo1 | zuo2 | zuo4,polyphone,01a0d5d5-3b84-76e0-81c2-afb45d8b159d,
上古天真论篇第一,01a0d5d5-3b2b-7013-acb2-e00812354941,2,师曰：“余闻上古之人，春秋皆度百岁，而动作不衰；今时之人，年半百而动作皆衰者，时世异耶？人将失之耶？”岐伯对曰：“上古之人，其知道者，法于阴阳，和,衰,shuai1,cui1 | shuai1 | suo1,polyphone,01a0d5d5-3b84-76e0-81c2-afb523ae9bbd,
上古天真论篇第一,01a0d5d5-3b2b-7013-acb2-e00812354941,2,闻上古之人，春秋皆度百岁，而动作不衰；今时之人，年半百而动作皆衰者，时世异耶？人将失之耶？”岐伯对曰：“上古之人，其知道者，法于阴阳，和于术数，食,异,yi4,yi2 | yi4,polyphone,01a0d5d5-3b84-76e0-81c2-afb611988db9,
上古天真论篇第一,01a0d5d5-3b2b-7013-acb2-e00812354941,2,上古之人，春秋皆度百岁，而动作不衰；今时之人，年半百而动作皆衰者，时世异耶？人将失之耶？”岐伯对曰：“上古之人，其知道者，法于阴阳，和于术数，食饮,耶,ye2,xie2 | ye1 | ye2,polyphone,01a0d5d5-3b84-76e0-81c2-afb76954586e,
上古天真论篇第一,01a0d5d5-3b2b-7013-acb2-e00812354941,2,人，春秋皆度百岁，而动作不衰；今时之人，年半百而动作皆衰者，时世异耶？人将失之耶？”岐伯对曰：“上古之人，其知道者，法于阴阳，和于术数，食饮有节，,将,jiang1,jiang1 | jiang4 | qiang1,polyphone,01a0d5d5-3b84-76e0-81c2-afb8e443b5f2,
上古天真论篇第一,01a0d5d5-3b2b-7013-acb2-e00812354941,2,，春秋皆度百岁，而动作不衰；今时之人，年半百而动作皆衰者，时世异耶？人将失之耶？”岐伯对曰：“上古之人，其知道者，法于阴阳，和于术数，食饮有节，起,失,shi1,shi1 | yi4,polyphone,01a0d5d5-3b84-76e0-81c2-afb98f9571ca,
上古天真论篇第一,01a0d5d5-3b2b-7013-acb2-e00812354941,2,春秋皆度百岁，而动作不衰；今时之人，年半百而动作皆衰者，时世异耶？人将失之耶？”岐伯对曰：“上古之人，其知道者，法于阴阳，和于术数，食饮有节，起居,之,zhi1,zhi1 | zhi4 | zhu1,polyphone,01a0d5d5-3b84-76e0-81c2-afbac64b2ccf,
上古天真论篇第一,01a0d5d5-3b2b-7013-acb2-e00812354941,2,秋皆度百岁，而动作不衰；今时之人，年半百而动作皆衰者，时世异耶？人将失之耶？”岐伯对曰：“上古之人，其知道者，法于阴阳，和于术数，食饮有节，起居有,耶,ye2,xie2 | ye1 | ye2,polyphone,01a0d5d5-3b84-76e0-81c2-afbb81aa1df2,
上古天真论篇第一,01a0d5d5-3b2b-7013-acb2-e0094bca4406,3,岁，而动作不衰；今时之人，年半百而动作皆衰者，时世异耶？人将失之耶？”岐伯对曰：“上古之人，其知道者，法于阴阳，和于术数，食饮有节，起居有常，不妄,伯,bo2,ba4 | bai3 | bo2 | mo4,polyphone,01a0d5d5-3b97-7189-99e9-f6f5a5a4420f,
上古天真论篇第一,01a0d5d5-3b2b-7013-acb2-e0094bca4406,3,不衰；今时之人，年半百而动作皆衰者，时世异耶？人将失之耶？”岐伯对曰：“上古之人，其知道者，法于阴阳，和于术数，食饮有节，起居有常，不妄作劳，故能,上,shang4,shang3 | shang4,polyphone,01a0d5d5-3b97-7189-99e9-f6f62343d6bc,
上古天真论篇第一,01a0d5d5-3b2b-7013-acb2-e0094bca4406,3,衰；今时之人，年半百而动作皆衰者，时世异耶？人将失之耶？”岐伯对曰：“上古之人，其知道者，法于阴阳，和于术数，食饮有节，起居有常，不妄作劳，故能形,古,gu3,gu3 | gu4 | ku1,polyphone,01a0d5d5-3b97-7189-99e9-f6f761dc9036,
上古天真论篇第一,01a0d5d5-3b2b-7013-acb2-e0094bca4406,3,；今时之人，年半百而动作皆衰者，时世异耶？人将失之耶？”岐伯对曰：“上古之人，其知道者，法于阴阳，和于术数，食饮有节，起居有常，不妄作劳，故能形与,之,zhi1,zhi1 | zhi4 | zhu1,polyphone,01a0d5d5-3b97-7189-99e9-f6f8b9a4f2bc,
上古天真论篇第一,01a0d5d5-3b2b-7013-acb2-e0094bca4406,3,之人，年半百而动作皆衰者，时世异耶？人将失之耶？”岐伯对曰：“上古之人，其知道者，法于阴阳，和于术数，食饮有节，起居有常，不妄作劳，故能形与神俱，,其,qi2,ji1 | ji4 | qi2,polyphone,01a0d5d5-3b97-7189-99e9-f6f90e976cdf,
上古天真论篇第一,01a0d5d5-3b2b-7013-acb2-e0094bca4406,3,人，年半百而动作皆衰者，时世异耶？人将失之耶？”岐伯对曰：“上古之人，其知道者，法于阴阳，和于术数，食饮有节，起居有常，不妄作劳，故能形与神俱，而,知,zhi1,zhi1 | zhi4,polyphone,01a0d5d5-3b97-7189-99e9-f6fa3e9ec850,
上古天真论篇第一,01a0d5d5-3b2b-7013-acb2-e0094bca4406,3,，年半百而动作皆衰者，时世异耶？人将失之耶？”岐伯对曰：“上古之人，其知道者，法于阴阳，和于术数，食饮有节，起居有常，不妄作劳，故能形与神俱，而尽,道,dao4,dao3 | dao4,polyphone,01a0d5d5-3b97-7189-99e9-f6fb838cd73c,
上古天真论篇第一,01a0d5d5-3b2b-7013-acb2-e0094bca4406,3,而动作皆衰者，时世异耶？人将失之耶？”岐伯对曰：“上古之人，其知道者，法于阴阳，和于术数，食饮有节，起居有常，不妄作劳，故能形与神俱，而尽终其天年,于,yu2,wei2 | xu1 | yu1 | yu2,polyphone,01a0d5d5-3b97-7189-99e9-f6fcb60bcb10,
上古天真论篇第一,01a0d5d5-3b2b-7013-acb2-e0094bca4406,3,衰者，时世异耶？人将失之耶？”岐伯对曰：“上古之人，其知道者，法于阴阳，和于术数，食饮有节，起居有常，不妄作劳，故能形与神俱，而尽终其天年，度百岁,和,he2,he2 | he4 | hu2 | huo2 | huo4,polyphone,01a0d5d5-3b97-7189-99e9-f6fdd992c1e3,
上古天真论篇第一,01a0d5d5-3b2b-7013-acb2-e0094bca4406,3,者，时世异耶？人将失之耶？”岐伯对曰：“上古之人，其知道者，法于阴阳，和于术数，食饮有节，起居有常，不妄作劳，故能形与神俱，而尽终其天年，度百岁乃,于,yu2,wei2 | xu1 | yu1 | yu2,polyphone,01a0d5d5-3b97-7189-99e9-f6fe56fe1a8f,
上古天真论篇第一,01a0d5d5-3b2b-7013-acb2-e0094bca4406,3,异耶？人将失之耶？”岐伯对曰：“上古之人，其知道者，法于阴阳，和于术数，食饮有节，起居有常，不妄作劳，故能形与神俱，而尽终其天年，度百岁乃去。今时,食,shi2,shi2 | si4 | yi4,polyphone,01a0d5d5-3b97-7189-99e9-f70190bafa40,
上古天真论篇第一,01a0d5d5-3b2b-7013-acb2-e0094bca4406,3,耶？人将失之耶？”岐伯对曰：“上古之人，其知道者，法于阴阳，和于术数，食饮有节，起居有常，不妄作劳，故能形与神俱，而尽终其天年，度百岁乃去。今时之,饮,yin3,yin3 | yin4,polyphone,01a0d5d5-3b97-7189-99e9-f7026474a306,
上古天真论篇第一,01a0d5d5-3b2b-7013-acb2-e0094bca4406,3,？人将失之耶？”岐伯对曰：“上古之人，其知道者，法于阴阳，和于术数，食饮有节，起居有常，不妄作劳，故能形与神俱，而尽终其天年，度百岁乃去。今时之人,有,you3,wei3 | you3 | you4,polyphone,01a0d5d5-3b97-7189-99e9-f70376703102,
上古天真论篇第一,01a0d5d5-3b2b-7013-acb2-e0094bca4406,3,人将失之耶？”岐伯对曰：“上古之人，其知道者，法于阴阳，和于术数，食饮有节，起居有常，不妄作劳，故能形与神俱，而尽终其天年，度百岁乃去。今时之人不,节,jie2,jie1 | jie2,polyphone,01a0d5d5-3b97-7189-99e9-f704b821fecf,
上古天真论篇第一,01a0d5d5-3b2b-7013-acb2-e0094bca4406,3,之耶？”岐伯对曰：“上古之人，其知道者，法于阴阳，和于术数，食饮有节，起居有常，不妄作劳，故能形与神俱，而尽终其天年，度百岁乃去。今时之人不然也，,居,ju1,ji1 | ju1,polyphone,01a0d5d5-3b97-7189-99e9-f70569b17aed,
上古天真论篇第一,01a0d5d5-3b2b-7013-acb2-e0094bca4406,3,耶？”岐伯对曰：“上古之人，其知道者，法于阴阳，和于术数，食饮有节，起居有常，不妄作劳，故能形与神俱，而尽终其天年，度百岁乃去。今时之人不然也，以,有,you3,wei3 | you3 | you4,polyphone,01a0d5d5-3b97-7189-99e9-f7061ea4e9ed,
上古天真论篇第一,01a0d5d5-3b2b-7013-acb2-e0094bca4406,3,岐伯对曰：“上古之人，其知道者，法于阴阳，和于术数，食饮有节，起居有常，不妄作劳，故能形与神俱，而尽终其天年，度百岁乃去。今时之人不然也，以酒为浆,不,bu4,bu2 | bu4 | fou1 | fou3 | fu1,polyphone,01a0d5d5-3b97-7189-99e9-f707e222b042,
上古天真论篇第一,01a0d5d5-3b2b-7013-acb2-e0094bca4406,3,伯对曰：“上古之人，其知道者，法于阴阳，和于术数，食饮有节，起居有常，不妄作劳，故能形与神俱，而尽终其天年，度百岁乃去。今时之人不然也，以酒为浆，,妄,wang4,wang2 | wang4,polyphone,01a0d5d5-3b97-7189-99e9-f7083f660219,
上古天真论篇第一,01a0d5d5-3b2b-7013-acb2-e0094bca4406,3,对曰：“上古之人，其知道者，法于阴阳，和于术数，食饮有节，起居有常，不妄作劳，故能形与神俱，而尽终其天年，度百岁乃去。今时之人不然也，以酒为浆，以,作,zuo4,zuo1 | zuo2 | zuo4,polyphone,01a0d5d5-3b97-7189-99e9-f709f0189d1e,
上古天真论篇第一,01a0d5d5-3b2b-7013-acb2-e0094bca4406,3,上古之人，其知道者，法于阴阳，和于术数，食饮有节，起居有常，不妄作劳，故能形与神俱，而尽终其天年，度百岁乃去。今时之人不然也，以酒为浆，以妄为常，,能,neng2,nai2 | nai4 | neng2 | tai2 | xiong2,polyphone,01a0d5d5-3b97-7189-99e9-f70a913a7481,
上古天真论篇第一,01a0d5d5-3b2b-7013-acb2-e0094bca4406,3,之人，其知道者，法于阴阳，和于术数，食饮有节，起居有常，不妄作劳，故能形与神俱，而尽终其天年，度百岁乃去。今时之人不然也，以酒为浆，以妄为常，醉以,与,yu3,yu2 | yu3 | yu4,polyphone,01a0d5d5-3b97-7189-99e9-f70bced70106,
上古天真论篇第一,01a0d5d5-3b2b-7013-acb2-e0094bca4406,3,人，其知道者，法于阴阳，和于术数，食饮有节，起居有常，不妄作劳，故能形与神俱，而尽终其天年，度百岁乃去。今时之人不然也，以酒为浆，以妄为常，醉以入,神,shen2,shen1 | shen2,polyphone,01a0d5d5-3b97-7189-99e9-f70cf346697b,
上古天真论篇第一,01a0d5d5-3b2b-7013-acb2-e0094bca4406,3,，其知道者，法于阴阳，和于术数，食饮有节，起居有常，不妄作劳，故能形与神俱，而尽终其天年，度百岁乃去。今时之人不然也，以酒为浆，以妄为常，醉以入房,俱,ju4,ju1 | ju4,polyphone,01a0d5d5-3b97-7189-99e9-f70d166493f1,
上古天真论篇第一,01a0d5d5-3b2b-7013-acb2-e0094bca4406,3,知道者，法于阴阳，和于术数，食饮有节，起居有常，不妄作劳，故能形与神俱，而尽终其天年，度百岁乃去。今时之人不然也，以酒为浆，以妄为常，醉以入房，以,而,er2,er2 | neng2,polyphone,01a0d5d5-3b97-7189-99e9-f70e17268881,
上古天真论篇第一,01a0d5d5-3b2b-7013-acb2-e0094bca4406,3,道者，法于阴阳，和于术数，食饮有节，起居有常，不妄作劳，故能形与神俱，而尽终其天年，度百岁乃去。今时之人不然也，以酒为浆，以妄为常，醉以入房，以欲,尽,jin3,jin3 | jin4,polyphone,01a0d5d5-3b97-7189-99e9-f70f726fe6c1,
上古天真论篇第一,01a0d5d5-3b2b-7013-acb2-e0094bca4406,3,，法于阴阳，和于术数，食饮有节，起居有常，不妄作劳，故能形与神俱，而尽终其天年，度百岁乃去。今时之人不然也，以酒为浆，以妄为常，醉以入房，以欲竭其,其,qi2,ji1 | ji4 | qi2,polyphone,01a0d5d5-3b97-7189-99e9-f710edc59d72,
上古天真论篇第一,01a0d5d5-3b2b-7013-acb2-e0094bca4406,3,于阴阳，和于术数，食饮有节，起居有常，不妄作劳，故能形与神俱，而尽终其天年，度百岁乃去。今时之人不然也，以酒为浆，以妄为常，醉以入房，以欲竭其精，,年,nian2,nian2 | ning4,polyphone,01a0d5d5-3b97-7189-99e9-f71169511bd1,
上古天真论篇第一,01a0d5d5-3b2b-7013-acb2-e0094bca4406,3,阳，和于术数，食饮有节，起居有常，不妄作劳，故能形与神俱，而尽终其天年，度百岁乃去。今时之人不然也，以酒为浆，以妄为常，醉以入房，以欲竭其精，以耗,度,du4,du4 | duo2 | zhai2,polyphone,01a0d5d5-3b97-7189-99e9-f71254e1ee7f,
上古天真论篇第一,01a0d5d5-3b2b-7013-acb2-e0094bca4406,3,，和于术数，食饮有节，起居有常，不妄作劳，故能形与神俱，而尽终其天年，度百岁乃去。今时之人不然也，以酒为浆，以妄为常，醉以入房，以欲竭其精，以耗散,百,bai3,bai3 | bo2 | mo4,polyphone,01a0d5d5-3b97-7189-99e9-f7137b7f21c9,
上古天真论篇第一,01a0d5d5-3b2b-7013-acb2-e0094bca4406,3,于术数，食饮有节，起居有常，不妄作劳，故能形与神俱，而尽终其天年，度百岁乃去。今时之人不然也，以酒为浆，以妄为常，醉以入房，以欲竭其精，以耗散其真,乃,nai3,ai3 | nai3,polyphone,01a0d5d5-3b97-7189-99e9-f714397d4d13,
上古天真论篇第一,01a0d5d5-3b2b-7013-acb2-e0094bca4406,3,术数，食饮有节，起居有常，不妄作劳，故能形与神俱，而尽终其天年，度百岁乃去。今时之人不然也，以酒为浆，以妄为常，醉以入房，以欲竭其精，以耗散其真，,去,qu4,qu1 | qu4,polyphone,01a0d5d5-3b97-7189-99e9-f71505b674aa,
上古天真论篇第一,01a0d5d5-3b2b-7013-acb2-e00ae3c844ee,4,饮有节，起居有常，不妄作劳，故能形与神俱，而尽终其天年，度百岁乃去。今时之人不然也，以酒为浆，以妄为常，醉以入房，以欲竭其精，以耗散其真，不知持满,之,zhi1,zhi1 | zhi4 | zhu1,polyphone,01a0d5d5-3b9b-7082-b186-74284464ff91,
上古天真论篇第一,01a0d5d5-3b2b-7013-acb2-e00ae3c844ee,4,节，起居有常，不妄作劳，故能形与神俱，而尽终其天年，度百岁乃去。今时之人不然也，以酒为浆，以妄为常，醉以入房，以欲竭其精，以耗散其真，不知持满，不,不,bu4,bu2 | bu4 | fou1 | fou3 | fu1,polyphone,01a0d5d5-3b9b-7082-b186-7429436defda,
上古天真论篇第一,01a0d5d5-3b2b-7013-acb2-e00ae3c844ee,4,起居有常，不妄作劳，故能形与神俱，而尽终其天年，度百岁乃去。今时之人不然也，以酒为浆，以妄为常，醉以入房，以欲竭其精，以耗散其真，不知持满，不时御,也,ye3,ye3 | yi2,polyphone,01a0d5d5-3b9b-7082-b186-742acf945256,
上古天真论篇第一,01a0d5d5-3b2b-7013-acb2-e00ae3c844ee,4,有常，不妄作劳，故能形与神俱，而尽终其天年，度百岁乃去。今时之人不然也，以酒为浆，以妄为常，醉以入房，以欲竭其精，以耗散其真，不知持满，不时御神，,以,yi3,si4 | yi3,polyphone,01a0d5d5-3b9b-7082-b186-742b2e7367a0,
上古天真论篇第一,01a0d5d5-3b2b-7013-acb2-e00ae3c844ee,4,，不妄作劳，故能形与神俱，而尽终其天年，度百岁乃去。今时之人不然也，以酒为浆，以妄为常，醉以入房，以欲竭其精，以耗散其真，不知持满，不时御神，务快,为,wei4,wei2 | wei4,polyphone,01a0d5d5-3b9b-7082-b186-742c24fe8e63,
上古天真论篇第一,01a0d5d5-3b2b-7013-acb2-e00ae3c844ee,4,不妄作劳，故能形与神俱，而尽终其天年，度百岁乃去。今时之人不然也，以酒为浆，以妄为常，醉以入房，以欲竭其精，以耗散其真，不知持满，不时御神，务快其,浆,jiang1,jiang1 | jiang4,polyphone,01a0d5d5-3b9b-7082-b186-742d71ec3eab,
上古天真论篇第一,01a0d5d5-3b2b-7013-acb2-e00ae3c844ee,4,作劳，故能形与神俱，而尽终其天年，度百岁乃去。今时之人不然也，以酒为浆，以妄为常，醉以入房，以欲竭其精，以耗散其真，不知持满，不时御神，务快其心，,以,yi3,si4 | yi3,polyphone,01a0d5d5-3b9b-7082-b186-742e19b546ae,
上古天真论篇第一,01a0d5d5-3b2b-7013-acb2-e00ae3c844ee,4,劳，故能形与神俱，而尽终其天年，度百岁乃去。今时之人不然也，以酒为浆，以妄为常，醉以入房，以欲竭其精，以耗散其真，不知持满，不时御神，务快其心，逆,妄,wang4,wang2 | wang4,polyphone,01a0d5d5-3b9b-7082-b186-742f9976652e,
上古天真论篇第一,01a0d5d5-3b2b-7013-acb2-e00ae3c844ee,4,，故能形与神俱，而尽终其天年，度百岁乃去。今时之人不然也，以酒为浆，以妄为常，醉以入房，以欲竭其精，以耗散其真，不知持满，不时御神，务快其心，逆于,为,wei2,wei2 | wei4,polyphone,01a0d5d5-3b9b-7082-b186-743040e314f7,
上古天真论篇第一,01a0d5d5-3b2b-7013-acb2-e00ae3c844ee,4,与神俱，而尽终其天年，度百岁乃去。今时之人不然也，以酒为浆，以妄为常，醉以入房，以欲竭其精，以耗散其真，不知持满，不时御神，务快其心，逆于生乐，起,以,yi3,si4 | yi3,polyphone,01a0d5d5-3b9b-7082-b186-74314420465d,
上古天真论篇第一,01a0d5d5-3b2b-7013-acb2-e00ae3c844ee,4,俱，而尽终其天年，度百岁乃去。今时之人不然也，以酒为浆，以妄为常，醉以入房，以欲竭其精，以耗散其真，不知持满，不时御神，务快其心，逆于生乐，起居无,房,fang2,fang2 | pang2,polyphone,01a0d5d5-3b9b-7082-b186-7432fb8e0dbe,
上古天真论篇第一,01a0d5d5-3b2b-7013-acb2-e00ae3c844ee,4,而尽终其天年，度百岁乃去。今时之人不然也，以酒为浆，以妄为常，醉以入房，以欲竭其精，以耗散其真，不知持满，不时御神，务快其心，逆于生乐，起居无节，,以,yi3,si4 | yi3,polyphone,01a0d5d5-3b9b-7082-b186-7433ee78dd5c,
上古天真论篇第一,01a0d5d5-3b2b-7013-acb2-e00ae3c844ee,4,其天年，度百岁乃去。今时之人不然也，以酒为浆，以妄为常，醉以入房，以欲竭其精，以耗散其真，不知持满，不时御神，务快其心，逆于生乐，起居无节，故半百,其,qi2,ji1 | ji4 | qi2,polyphone,01a0d5d5-3b9b-7082-b186-7434756dc2e6,
上古天真论篇第一,01a0d5d5-3b2b-7013-acb2-e00ae3c844ee,4,天年，度百岁乃去。今时之人不然也，以酒为浆，以妄为常，醉以入房，以欲竭其精，以耗散其真，不知持满，不时御神，务快其心，逆于生乐，起居无节，故半百而,精,jing1,jing1 | jing4 | qing2,polyphone,01a0d5d5-3b9b-7082-b186-74357b6264f5,
上古天真论篇第一,01a0d5d5-3b2b-7013-acb2-e00ae3c844ee,4,，度百岁乃去。今时之人不然也，以酒为浆，以妄为常，醉以入房，以欲竭其精，以耗散其真，不知持满，不时御神，务快其心，逆于生乐，起居无节，故半百而衰也,以,yi3,si4 | yi3,polyphone,01a0d5d5-3b9b-7082-b186-7436bdc0acbd,
上古天真论篇第一,01a0d5d5-3b2b-7013-acb2-e00ae3c844ee,4,度百岁乃去。今时之人不然也，以酒为浆，以妄为常，醉以入房，以欲竭其精，以耗散其真，不知持满，不时御神，务快其心，逆于生乐，起居无节，故半百而衰也。,耗,hao4,hao4 | mao2 | mao4,polyphone,01a0d5d5-3b9b-7082-b186-743704c4976f,
上古天真论篇第一,01a0d5d5-3b2b-7013-acb2-e00ae3c844ee,4,百岁乃去。今时之人不然也，以酒为浆，以妄为常，醉以入房，以欲竭其精，以耗散其真，不知持满，不时御神，务快其心，逆于生乐，起居无节，故半百而衰也。夫,散,san4,san1 | san3 | san4,polyphone,01a0d5d5-3b9b-7082-b186-7438ca5925e8,
上古天真论篇第一,01a0d5d5-3b2b-7013-acb2-e00ae3c844ee,4,岁乃去。今时之人不然也，以酒为浆，以妄为常，醉以入房，以欲竭其精，以耗散其真，不知持满，不时御神，务快其心，逆于生乐，起居无节，故半百而衰也。夫上,其,qi2,ji1 | ji4 | qi2,polyphone,01a0d5d5-3b9b-7082-b186-7439b710395d,
上古天真论篇第一,01a0d5d5-3b2b-7013-acb2-e00ae3c844ee,4,。今时之人不然也，以酒为浆，以妄为常，醉以入房，以欲竭其精，以耗散其真，不知持满，不时御神，务快其心，逆于生乐，起居无节，故半百而衰也。夫上古圣人,不,bu4,bu2 | bu4 | fou1 | fou3 | fu1,polyphone,01a0d5d5-3b9b-7082-b186-743a89ba80b6,
上古天真论篇第一,01a0d5d5-3b2b-7013-acb2-e00ae3c844ee,4,今时之人不然也，以酒为浆，以妄为常，醉以入房，以欲竭其精，以耗散其真，不知持满，不时御神，务快其心，逆于生乐，起居无节，故半百而衰也。夫上古圣人之,知,zhi1,zhi1 | zhi4,polyphone,01a0d5d5-3b9b-7082-b186-743ba7ac8ed9,
上古天真论篇第一,01a0d5d5-3b2b-7013-acb2-e00ae3c844ee,4,不然也，以酒为浆，以妄为常，醉以入房，以欲竭其精，以耗散其真，不知持满，不时御神，务快其心，逆于生乐，起居无节，故半百而衰也。夫上古圣人之教下也，,不,bu4,bu2 | bu4 | fou1 | fou3 | fu1,polyphone,01a0d5d5-3b9b-7082-b186-743c85242701,
上古天真论篇第一,01a0d5d5-3b2b-7013-acb2-e00ae3c844ee,4,也，以酒为浆，以妄为常，醉以入房，以欲竭其精，以耗散其真，不知持满，不时御神，务快其心，逆于生乐，起居无节，故半百而衰也。夫上古圣人之教下也，皆谓,御,yu4,ya4 | yu4,polyphone,01a0d5d5-3b9b-7082-b186-743dd6f78f52,
上古天真论篇第一,01a0d5d5-3b2b-7013-acb2-e00ae3c844ee,4,，以酒为浆，以妄为常，醉以入房，以欲竭其精，以耗散其真，不知持满，不时御神，务快其心，逆于生乐，起居无节，故半百而衰也。夫上古圣人之教下也，皆谓之,神,shen2,shen1 | shen2,polyphone,01a0d5d5-3b9b-7082-b186-743e619b5d1f,
上古天真论篇第一,01a0d5d5-3b2b-7013-acb2-e00ae3c844ee,4,浆，以妄为常，醉以入房，以欲竭其精，以耗散其真，不知持满，不时御神，务快其心，逆于生乐，起居无节，故半百而衰也。夫上古圣人之教下也，皆谓之：虚邪贼,其,qi2,ji1 | ji4 | qi2,polyphone,01a0d5d5-3b9b-7082-b186-743f7a03ce78,
上古天真论篇第一,01a0d5d5-3b2b-7013-acb2-e00ae3c844ee,4,为常，醉以入房，以欲竭其精，以耗散其真，不知持满，不时御神，务快其心，逆于生乐，起居无节，故半百而衰也。夫上古圣人之教下也，皆谓之：虚邪贼风，避之,于,yu2,wei2 | xu1 | yu1 | yu2,polyphone,01a0d5d5-3b9b-7082-b186-744087013745,
上古天真论篇第一,01a0d5d5-3b2b-7013-acb2-e00ae3c844ee,4,，醉以入房，以欲竭其精，以耗散其真，不知持满，不时御神，务快其心，逆于生乐，起居无节，故半百而衰也。夫上古圣人之教下也，皆谓之：虚邪贼风，避之有时,乐,le4,le4 | yue4,polyphone,01a0d5d5-3b9b-7082-b186-7441efacdf2b,
上古天真论篇第一,01a0d5d5-3b2b-7013-acb2-e00ae3c844ee,4,入房，以欲竭其精，以耗散其真，不知持满，不时御神，务快其心，逆于生乐，起居无节，故半百而衰也。夫上古圣人之教下也，皆谓之：虚邪贼风，避之有时；恬淡,居,ju1,ji1 | ju1,polyphone,01a0d5d5-3b9b-7082-b186-744282a5bd0b,
上古天真论篇第一,01a0d5d5-3b2b-7013-acb2-e00ae3c844ee,4,房，以欲竭其精，以耗散其真，不知持满，不时御神，务快其心，逆于生乐，起居无节，故半百而衰也。夫上古圣人之教下也，皆谓之：虚邪贼风，避之有时；恬淡虚,无,wu2,mo2 | wu2,polyphone,01a0d5d5-3b9b-7082-b186-7443ca427597,
上古天真论篇第一,01a0d5d5-3b2b-7013-acb2-e00ae3c844ee,4,，以欲竭其精，以耗散其真，不知持满，不时御神，务快其心，逆于生乐，起居无节，故半百而衰也。夫上古圣人之教下也，皆谓之：虚邪贼风，避之有时；恬淡虚无,节,jie2,jie1 | jie2,polyphone,01a0d5d5-3b9b-7082-b186-7444da0f51da,
上古天真论篇第一,01a0d5d5-3b2b-7013-acb2-e00ae3c844ee,4,竭其精，以耗散其真，不知持满，不时御神，务快其心，逆于生乐，起居无节，故半百而衰也。夫上古圣人之教下也，皆谓之：虚邪贼风，避之有时；恬淡虚无，真气,半,ban4,ban4 | pan4,polyphone,01a0d5d5-3b9b-7082-b186-7445c783c82a,
上古天真论篇第一,01a0d5d5-3b2b-7013-acb2-e00ae3c844ee,4,其精，以耗散其真，不知持满，不时御神，务快其心，逆于生乐，起居无节，故半百而衰也。夫上古圣人之教下也，皆谓之：虚邪贼风，避之有时；恬淡虚无，真气从,百,bai3,bai3 | bo2 | mo4,polyphone,01a0d5d5-3b9b-7082-b186-74460a161803,
上古天真论篇第一,01a0d5d5-3b2b-7013-acb2-e00ae3c844ee,4,精，以耗散其真，不知持满，不时御神，务快其心，逆于生乐，起居无节，故半百而衰也。夫上古圣人之教下也，皆谓之：虚邪贼风，避之有时；恬淡虚无，真气从之,而,er2,er2 | neng2,polyphone,01a0d5d5-3b9b-7082-b186-7447b49accdb,
上古天真论篇第一,01a0d5d5-3b2b-7013-acb2-e00ae3c844ee,4,，以耗散其真，不知持满，不时御神，务快其心，逆于生乐，起居无节，故半百而衰也。夫上古圣人之教下也，皆谓之：虚邪贼风，避之有时；恬淡虚无，真气从之；,衰,shuai1,cui1 | shuai1 | suo1,polyphone,01a0d5d5-3b9b-7082-b186-74484ecbb880,
上古天真论篇第一,01a0d5d5-3b2b-7013-acb2-e00ae3c844ee,4,以耗散其真，不知持满，不时御神，务快其心，逆于生乐，起居无节，故半百而衰也。夫上古圣人之教下也，皆谓之：虚邪贼风，避之有时；恬淡虚无，真气从之；精,也,ye3,ye3 | yi2,polyphone,01a0d5d5-3b9b-7082-b186-744992559f1f,
上古天真论篇第一,01a0d5d5-3b2b-7013-acb2-e00ba273c3c1,5,散其真，不知持满，不时御神，务快其心，逆于生乐，起居无节，故半百而衰也。夫上古圣人之教下也，皆谓之：虚邪贼风，避之有时；恬淡虚无，真气从之；精神内,夫,fu1,fu1 | fu2,polyphone,01a0d5d5-3b9e-7199-9dbf-807795796be4,
上古天真论篇第一,01a0d5d5-3b2b-7013-acb2-e00ba273c3c1,5,其真，不知持满，不时御神，务快其心，逆于生乐，起居无节，故半百而衰也。夫上古圣人之教下也，皆谓之：虚邪贼风，避之有时；恬淡虚无，真气从之；精神内守,上,shang4,shang3 | shang4,polyphone,01a0d5d5-3b9e-7199-9dbf-807888001287,
上古天真论篇第一,01a0d5d5-3b2b-7013-acb2-e00ba273c3c1,5,真，不知持满，不时御神，务快其心，逆于生乐，起居无节，故半百而衰也。夫上古圣人之教下也，皆谓之：虚邪贼风，避之有时；恬淡虚无，真气从之；精神内守，,古,gu3,gu3 | gu4 | ku1,polyphone,01a0d5d5-3b9e-7199-9dbf-8079f1b182fb,
上古天真论篇第一,01a0d5d5-3b2b-7013-acb2-e00ba273c3c1,5,，不知持满，不时御神，务快其心，逆于生乐，起居无节，故半百而衰也。夫上古圣人之教下也，皆谓之：虚邪贼风，避之有时；恬淡虚无，真气从之；精神内守，病,圣,sheng4,ku1 | sheng4,polyphone,01a0d5d5-3b9e-7199-9dbf-807a82c96031,
上古天真论篇第一,01a0d5d5-3b2b-7013-acb2-e00ba273c3c1,5,知持满，不时御神，务快其心，逆于生乐，起居无节，故半百而衰也。夫上古圣人之教下也，皆谓之：虚邪贼风，避之有时；恬淡虚无，真气从之；精神内守，病安从,之,zhi1,zhi1 | zhi4 | zhu1,polyphone,01a0d5d5-3b9e-7199-9dbf-807b65b1ddb8,
上古天真论篇第一,01a0d5d5-3b2b-7013-acb2-e00ba273c3c1,5,持满，不时御神，务快其心，逆于生乐，起居无节，故半百而衰也。夫上古圣人之教下也，皆谓之：虚邪贼风，避之有时；恬淡虚无，真气从之；精神内守，病安从来,教,jiao4,jiao1 | jiao4,polyphone,01a0d5d5-3b9e-7199-9dbf-807c97fabcbc,
上古天真论篇第一,01a0d5d5-3b2b-7013-acb2-e00ba273c3c1,5,，不时御神，务快其心，逆于生乐，起居无节，故半百而衰也。夫上古圣人之教下也，皆谓之：虚邪贼风，避之有时；恬淡虚无，真气从之；精神内守，病安从来？是,也,ye3,ye3 | yi2,polyphone,01a0d5d5-3b9e-7199-9dbf-807d21dc3cd1,
上古天真论篇第一,01a0d5d5-3b2b-7013-acb2-e00ba273c3c1,5,神，务快其心，逆于生乐，起居无节，故半百而衰也。夫上古圣人之教下也，皆谓之：虚邪贼风，避之有时；恬淡虚无，真气从之；精神内守，病安从来？是以志闲而,之,zhi1,zhi1 | zhi4 | zhu1,polyphone,01a0d5d5-3b9e-7199-9dbf-807ea16ccb2b,
上古天真论篇第一,01a0d5d5-3b2b-7013-acb2-e00ba273c3c1,5,快其心，逆于生乐，起居无节，故半百而衰也。夫上古圣人之教下也，皆谓之：虚邪贼风，避之有时；恬淡虚无，真气从之；精神内守，病安从来？是以志闲而少欲，,邪,xie2,she2 | xie2 | xu2 | ya2 | ye2,polyphone,01a0d5d5-3b9e-7199-9dbf-807f761f034c,
上古天真论篇第一,01a0d5d5-3b2b-7013-acb2-e00ba273c3c1,5,于生乐，起居无节，故半百而衰也。夫上古圣人之教下也，皆谓之：虚邪贼风，避之有时；恬淡虚无，真气从之；精神内守，病安从来？是以志闲而少欲，心安而不惧,之,zhi1,zhi1 | zhi4 | zhu1,polyphone,01a0d5d5-3b9e-7199-9dbf-80807f7eca8b,
上古天真论篇第一,01a0d5d5-3b2b-7013-acb2-e00ba273c3c1,5,生乐，起居无节，故半百而衰也。夫上古圣人之教下也，皆谓之：虚邪贼风，避之有时；恬淡虚无，真气从之；精神内守，病安从来？是以志闲而少欲，心安而不惧，,有,you3,wei3 | you3 | you4,polyphone,01a0d5d5-3b9e-7199-9dbf-8081cff24f0a,
上古天真论篇第一,01a0d5d5-3b2b-7013-acb2-e00ba273c3c1,5,居无节，故半百而衰也。夫上古圣人之教下也，皆谓之：虚邪贼风，避之有时；恬淡虚无，真气从之；精神内守，病安从来？是以志闲而少欲，心安而不惧，形劳而不,淡,dan4,dan4 | tan2 | yan4,polyphone,01a0d5d5-3b9e-7199-9dbf-8082d8d5d909,
上古天真论篇第一,01a0d5d5-3b2b-7013-acb2-e00ba273c3c1,5,节，故半百而衰也。夫上古圣人之教下也，皆谓之：虚邪贼风，避之有时；恬淡虚无，真气从之；精神内守，病安从来？是以志闲而少欲，心安而不惧，形劳而不倦，,无,wu2,mo2 | wu2,polyphone,01a0d5d5-3b9e-7199-9dbf-8083442e516b,
上古天真论篇第一,01a0d5d5-3b2b-7013-acb2-e00ba273c3c1,5,半百而衰也。夫上古圣人之教下也，皆谓之：虚邪贼风，避之有时；恬淡虚无，真气从之；精神内守，病安从来？是以志闲而少欲，心安而不惧，形劳而不倦，气从以,气,qi4,qi3 | qi4,polyphone,01a0d5d5-3b9e-7199-9dbf-8084a9dfdd6e,
上古天真论篇第一,01a0d5d5-3b2b-7013-acb2-e00ba273c3c1,5,百而衰也。夫上古圣人之教下也，皆谓之：虚邪贼风，避之有时；恬淡虚无，真气从之；精神内守，病安从来？是以志闲而少欲，心安而不惧，形劳而不倦，气从以顺,从,cong2,cong2 | zong4,polyphone,01a0d5d5-3b9e-7199-9dbf-80852ef56a27,
上古天真论篇第一,01a0d5d5-3b2b-7013-acb2-e00ba273c3c1,5,而衰也。夫上古圣人之教下也，皆谓之：虚邪贼风，避之有时；恬淡虚无，真气从之；精神内守，病安从来？是以志闲而少欲，心安而不惧，形劳而不倦，气从以顺，,之,zhi1,zhi1 | zhi4 | zhu1,polyphone,01a0d5d5-3b9e-7199-9dbf-80869b341f51,
上古天真论篇第一,01a0d5d5-3b2b-7013-acb2-e00ba273c3c1,5,也。夫上古圣人之教下也，皆谓之：虚邪贼风，避之有时；恬淡虚无，真气从之；精神内守，病安从来？是以志闲而少欲，心安而不惧，形劳而不倦，气从以顺，各从,精,jing1,jing1 | jing4 | qing2,polyphone,01a0d5d5-3b9e-7199-9dbf-80872e048a87,
上古天真论篇第一,01a0d5d5-3b2b-7013-acb2-e00ba273c3c1,5,。夫上古圣人之教下也，皆谓之：虚邪贼风，避之有时；恬淡虚无，真气从之；精神内守，病安从来？是以志闲而少欲，心安而不惧，形劳而不倦，气从以顺，各从其,神,shen2,shen1 | shen2,polyphone,01a0d5d5-3b9e-7199-9dbf-80888ccf7fe1,
上古天真论篇第一,01a0d5d5-3b2b-7013-acb2-e00ba273c3c1,5,夫上古圣人之教下也，皆谓之：虚邪贼风，避之有时；恬淡虚无，真气从之；精神内守，病安从来？是以志闲而少欲，心安而不惧，形劳而不倦，气从以顺，各从其欲,内,nei4,na4 | nei4 | rui4,polyphone,01a0d5d5-3b9e-7199-9dbf-80890c290f6d,
上古天真论篇第一,01a0d5d5-3b2b-7013-acb2-e00ba273c3c1,5,上古圣人之教下也，皆谓之：虚邪贼风，避之有时；恬淡虚无，真气从之；精神内守，病安从来？是以志闲而少欲，心安而不惧，形劳而不倦，气从以顺，各从其欲，,守,shou3,shou3 | shou4,polyphone,01a0d5d5-3b9e-7199-9dbf-808aa835f51c,
上古天真论篇第一,01a0d5d5-3b2b-7013-acb2-e00ba273c3c1,5,之教下也，皆谓之：虚邪贼风，避之有时；恬淡虚无，真气从之；精神内守，病安从来？是以志闲而少欲，心安而不惧，形劳而不倦，气从以顺，各从其欲，皆得所愿,从,cong2,cong2 | zong4,polyphone,01a0d5d5-3b9e-7199-9dbf-808b90b527fc,
上古天真论篇第一,01a0d5d5-3b2b-7013-acb2-e00c2d160de3,6,也，皆谓之：虚邪贼风，避之有时；恬淡虚无，真气从之；精神内守，病安从来？是以志闲而少欲，心安而不惧，形劳而不倦，气从以顺，各从其欲，皆得所愿。故美,是,shi4,shi4 | ti2,polyphone,01a0d5d5-3ba0-7031-9f57-f6ae3a9d3fcd,
上古天真论篇第一,01a0d5d5-3b2b-7013-acb2-e00c2d160de3,6,，皆谓之：虚邪贼风，避之有时；恬淡虚无，真气从之；精神内守，病安从来？是以志闲而少欲，心安而不惧，形劳而不倦，气从以顺，各从其欲，皆得所愿。故美其,以,yi3,si4 | yi3,polyphone,01a0d5d5-3ba1-7117-9519-d484258c8d31,
上古天真论篇第一,01a0d5d5-3b2b-7013-acb2-e00c2d160de3,6,之：虚邪贼风，避之有时；恬淡虚无，真气从之；精神内守，病安从来？是以志闲而少欲，心安而不惧，形劳而不倦，气从以顺，各从其欲，皆得所愿。故美其食，任,而,er2,er2 | neng2,polyphone,01a0d5d5-3ba1-7117-9519-d485a4dfdcd8,
上古天真论篇第一,01a0d5d5-3b2b-7013-acb2-e00c2d160de3,6,：虚邪贼风，避之有时；恬淡虚无，真气从之；精神内守，病安从来？是以志闲而少欲，心安而不惧，形劳而不倦，气从以顺，各从其欲，皆得所愿。故美其食，任其,少,shao3,shao3 | shao4,polyphone,01a0d5d5-3ba1-7117-9519-d486b1e4eb65,
上古天真论篇第一,01a0d5d5-3b2b-7013-acb2-e00c2d160de3,6,，避之有时；恬淡虚无，真气从之；精神内守，病安从来？是以志闲而少欲，心安而不惧，形劳而不倦，气从以顺，各从其欲，皆得所愿。故美其食，任其服，乐其俗,而,er2,er2 | neng2,polyphone,01a0d5d5-3ba1-7117-9519-d487399de6a4,
上古天真论篇第一,01a0d5d5-3b2b-7013-acb2-e00c2d160de3,6,避之有时；恬淡虚无，真气从之；精神内守，病安从来？是以志闲而少欲，心安而不惧，形劳而不倦，气从以顺，各从其欲，皆得所愿。故美其食，任其服，乐其俗，,不,bu4,bu2 | bu4 | fou1 | fou3 | fu1,polyphone,01a0d5d5-3ba1-7117-9519-d48826893596,
上古天真论篇第一,01a0d5d5-3b2b-7013-acb2-e00c2d160de3,6,恬淡虚无，真气从之；精神内守，病安从来？是以志闲而少欲，心安而不惧，形劳而不倦，气从以顺，各从其欲，皆得所愿。故美其食，任其服，乐其俗，高下不相慕,而,er2,er2 | neng2,polyphone,01a0d5d5-3ba1-7117-9519-d489c037fb0a,
上古天真论篇第一,01a0d5d5-3b2b-7013-acb2-e00c2d160de3,6,淡虚无，真气从之；精神内守，病安从来？是以志闲而少欲，心安而不惧，形劳而不倦，气从以顺，各从其欲，皆得所愿。故美其食，任其服，乐其俗，高下不相慕，,不,bu4,bu2 | bu4 | fou1 | fou3 | fu1,polyphone,01a0d5d5-3ba1-7117-9519-d48a272b6b9a,
上古天真论篇第一,01a0d5d5-3b2b-7013-acb2-e00c2d160de3,6,，真气从之；精神内守，病安从来？是以志闲而少欲，心安而不惧，形劳而不倦，气从以顺，各从其欲，皆得所愿。故美其食，任其服，乐其俗，高下不相慕，其民故,气,qi4,qi3 | qi4,polyphone,01a0d5d5-3ba1-7117-9519-d48b62040b43,
上古天真论篇第一,01a0d5d5-3b2b-7013-acb2-e00c2d160de3,6,真气从之；精神内守，病安从来？是以志闲而少欲，心安而不惧，形劳而不倦，气从以顺，各从其欲，皆得所愿。故美其食，任其服，乐其俗，高下不相慕，其民故曰,从,cong2,cong2 | zong4,polyphone,01a0d5d5-3ba1-7117-9519-d48c92179cd7,
上古天真论篇第一,01a0d5d5-3b2b-7013-acb2-e00c2d160de3,6,气从之；精神内守，病安从来？是以志闲而少欲，心安而不惧，形劳而不倦，气从以顺，各从其欲，皆得所愿。故美其食，任其服，乐其俗，高下不相慕，其民故曰朴,以,yi3,si4 | yi3,polyphone,01a0d5d5-3ba1-7117-9519-d48d6cb09304,
上古天真论篇第一,01a0d5d5-3b2b-7013-acb2-e00c2d160de3,6,；精神内守，病安从来？是以志闲而少欲，心安而不惧，形劳而不倦，气从以顺，各从其欲，皆得所愿。故美其食，任其服，乐其俗，高下不相慕，其民故曰朴。是以,各,ge4,ge3 | ge4,polyphone,01a0d5d5-3ba1-7117-9519-d48e9b815ee6,
上古天真论篇第一,01a0d5d5-3b2b-7013-acb2-e00c2d160de3,6,精神内守，病安从来？是以志闲而少欲，心安而不惧，形劳而不倦，气从以顺，各从其欲，皆得所愿。故美其食，任其服，乐其俗，高下不相慕，其民故曰朴。是以嗜,从,cong2,cong2 | zong4,polyphone,01a0d5d5-3ba1-7117-9519-d48fceee7389,
上古天真论篇第一,01a0d5d5-3b2b-7013-acb2-e00c2d160de3,6,神内守，病安从来？是以志闲而少欲，心安而不惧，形劳而不倦，气从以顺，各从其欲，皆得所愿。故美其食，任其服，乐其俗，高下不相慕，其民故曰朴。是以嗜欲,其,qi2,ji1 | ji4 | qi2,polyphone,01a0d5d5-3ba1-7117-9519-d490bbe4c43d,
上古天真论篇第一,01a0d5d5-3b2b-7013-acb2-e00c2d160de3,6,病安从来？是以志闲而少欲，心安而不惧，形劳而不倦，气从以顺，各从其欲，皆得所愿。故美其食，任其服，乐其俗，高下不相慕，其民故曰朴。是以嗜欲不能劳其,得,de2,de2 | dei3,polyphone,01a0d5d5-3ba1-7117-9519-d491f4ab839a,
上古天真论篇第一,01a0d5d5-3b2b-7013-acb2-e00d1554a934,7,以志闲而少欲，心安而不惧，形劳而不倦，气从以顺，各从其欲，皆得所愿。故美其食，任其服，乐其俗，高下不相慕，其民故曰朴。是以嗜欲不能劳其目，淫邪不能,其,qi2,ji1 | ji4 | qi2,polyphone,01a0d5d5-3ba2-74b4-8ae0-3b925d39967a,
上古天真论篇第一,01a0d5d5-3b2b-7013-acb2-e00d1554a934,7,志闲而少欲，心安而不惧，形劳而不倦，气从以顺，各从其欲，皆得所愿。故美其食，任其服，乐其俗，高下不相慕，其民故曰朴。是以嗜欲不能劳其目，淫邪不能惑,食,shi2,shi2 | si4 | yi4,polyphone,01a0d5d5-3ba2-74b4-8ae0-3b939e6296c9,
上古天真论篇第一,01a0d5d5-3b2b-7013-acb2-e00d1554a934,7,而少欲，心安而不惧，形劳而不倦，气从以顺，各从其欲，皆得所愿。故美其食，任其服，乐其俗，高下不相慕，其民故曰朴。是以嗜欲不能劳其目，淫邪不能惑其心,任,ren4,lin4 | ren2 | ren4,polyphone,01a0d5d5-3ba2-74b4-8ae0-3b94bd8f886f,
上古天真论篇第一,01a0d5d5-3b2b-7013-acb2-e00d1554a934,7,少欲，心安而不惧，形劳而不倦，气从以顺，各从其欲，皆得所愿。故美其食，任其服，乐其俗，高下不相慕，其民故曰朴。是以嗜欲不能劳其目，淫邪不能惑其心，,其,qi2,ji1 | ji4 | qi2,polyphone,01a0d5d5-3ba2-74b4-8ae0-3b95a13fb1e2,
上古天真论篇第一,01a0d5d5-3b2b-7013-acb2-e00d1554a934,7,欲，心安而不惧，形劳而不倦，气从以顺，各从其欲，皆得所愿。故美其食，任其服，乐其俗，高下不相慕，其民故曰朴。是以嗜欲不能劳其目，淫邪不能惑其心，愚,服,fu2,bi4 | bo2 | fu2 | fu4,polyphone,01a0d5d5-3ba2-74b4-8ae0-3b96c5fa5caf,
上古天真论篇第一,01a0d5d5-3b2b-7013-acb2-e00d1554a934,7,心安而不惧，形劳而不倦，气从以顺，各从其欲，皆得所愿。故美其食，任其服，乐其俗，高下不相慕，其民故曰朴。是以嗜欲不能劳其目，淫邪不能惑其心，愚智贤,乐,le4,le4 | yue4,polyphone,01a0d5d5-3ba2-74b4-8ae0-3b978e55177f,
上古天真论篇第一,01a0d5d5-3b2b-7013-acb2-e00d1554a934,7,安而不惧，形劳而不倦，气从以顺，各从其欲，皆得所愿。故美其食，任其服，乐其俗，高下不相慕，其民故曰朴。是以嗜欲不能劳其目，淫邪不能惑其心，愚智贤不,其,qi2,ji1 | ji4 | qi2,polyphone,01a0d5d5-3ba2-74b4-8ae0-3b98bef9e9e9,
上古天真论篇第一,01a0d5d5-3b2b-7013-acb2-e00d1554a934,7,惧，形劳而不倦，气从以顺，各从其欲，皆得所愿。故美其食，任其服，乐其俗，高下不相慕，其民故曰朴。是以嗜欲不能劳其目，淫邪不能惑其心，愚智贤不肖，不,高,gao1,gao1 | gao4,polyphone,01a0d5d5-3ba2-74b4-8ae0-3b990329bed4,
上古天真论篇第一,01a0d5d5-3b2b-7013-acb2-e00d1554a934,7,形劳而不倦，气从以顺，各从其欲，皆得所愿。故美其食，任其服，乐其俗，高下不相慕，其民故曰朴。是以嗜欲不能劳其目，淫邪不能惑其心，愚智贤不肖，不惧于,不,bu4,bu2 | bu4 | fou1 | fou3 | fu1,polyphone,01a0d5d5-3ba2-74b4-8ae0-3b9aebe0dc6c,
上古天真论篇第一,01a0d5d5-3b2b-7013-acb2-e00d1554a934,7,劳而不倦，气从以顺，各从其欲，皆得所愿。故美其食，任其服，乐其俗，高下不相慕，其民故曰朴。是以嗜欲不能劳其目，淫邪不能惑其心，愚智贤不肖，不惧于物,相,xiang1,xiang1 | xiang4,polyphone,01a0d5d5-3ba2-74b4-8ae0-3b9bb20063ad,
上古天真论篇第一,01a0d5d5-3b2b-7013-acb2-e00d1554a934,7,倦，气从以顺，各从其欲，皆得所愿。故美其食，任其服，乐其俗，高下不相慕，其民故曰朴。是以嗜欲不能劳其目，淫邪不能惑其心，愚智贤不肖，不惧于物，故合,其,qi2,ji1 | ji4 | qi2,polyphone,01a0d5d5-3ba2-74b4-8ae0-3b9c0f97dced,
上古天真论篇第一,01a0d5d5-3b2b-7013-acb2-e00d1554a934,7,以顺，各从其欲，皆得所愿。故美其食，任其服，乐其俗，高下不相慕，其民故曰朴。是以嗜欲不能劳其目，淫邪不能惑其心，愚智贤不肖，不惧于物，故合于道。所,朴,pu3,piao2 | po1 | po4 | pu1 | pu3,polyphone,01a0d5d5-3ba2-74b4-8ae0-3b9d4e6a27cc,
上古天真论篇第一,01a0d5d5-3b2b-7013-acb2-e00e78a60930,8,，各从其欲，皆得所愿。故美其食，任其服，乐其俗，高下不相慕，其民故曰朴。是以嗜欲不能劳其目，淫邪不能惑其心，愚智贤不肖，不惧于物，故合于道。所以能,是,shi4,shi4 | ti2,polyphone,01a0d5d5-3ba4-74f7-a5a7-11200109a987,
上古天真论篇第一,01a0d5d5-3b2b-7013-acb2-e00e78a60930,8,各从其欲，皆得所愿。故美其食，任其服，乐其俗，高下不相慕，其民故曰朴。是以嗜欲不能劳其目，淫邪不能惑其心，愚智贤不肖，不惧于物，故合于道。所以能年,以,yi3,si4 | yi3,polyphone,01a0d5d5-3ba4-74f7-a5a7-1121a3f13578,
上古天真论篇第一,01a0d5d5-3b2b-7013-acb2-e00e78a60930,8,欲，皆得所愿。故美其食，任其服，乐其俗，高下不相慕，其民故曰朴。是以嗜欲不能劳其目，淫邪不能惑其心，愚智贤不肖，不惧于物，故合于道。所以能年皆度百,不,bu4,bu2 | bu4 | fou1 | fou3 | fu1,polyphone,01a0d5d5-3ba4-74f7-a5a7-1122e410a65c,
上古天真论篇第一,01a0d5d5-3b2b-7013-acb2-e00e78a60930,8,，皆得所愿。故美其食，任其服，乐其俗，高下不相慕，其民故曰朴。是以嗜欲不能劳其目，淫邪不能惑其心，愚智贤不肖，不惧于物，故合于道。所以能年皆度百岁,能,neng2,nai2 | nai4 | neng2 | tai2 | xiong2,polyphone,01a0d5d5-3ba4-74f7-a5a7-11239d81dd1f,
上古天真论篇第一,01a0d5d5-3b2b-7013-acb2-e00e78a60930,8,得所愿。故美其食，任其服，乐其俗，高下不相慕，其民故曰朴。是以嗜欲不能劳其目，淫邪不能惑其心，愚智贤不肖，不惧于物，故合于道。所以能年皆度百岁，而,其,qi2,ji1 | ji4 | qi2,polyphone,01a0d5d5-3ba4-74f7-a5a7-11242fb962f0,
上古天真论篇第一,01a0d5d5-3b2b-7013-acb2-e00e78a60930,8,。故美其食，任其服，乐其俗，高下不相慕，其民故曰朴。是以嗜欲不能劳其目，淫邪不能惑其心，愚智贤不肖，不惧于物，故合于道。所以能年皆度百岁，而动作不,淫,yin2,yan4 | yao2 | yin2,polyphone,01a0d5d5-3ba4-74f7-a5a7-11253a8e37f7,
上古天真论篇第一,01a0d5d5-3b2b-7013-acb2-e00e78a60930,8,故美其食，任其服，乐其俗，高下不相慕，其民故曰朴。是以嗜欲不能劳其目，淫邪不能惑其心，愚智贤不肖，不惧于物，故合于道。所以能年皆度百岁，而动作不衰,邪,xie2,she2 | xie2 | xu2 | ya2 | ye2,polyphone,01a0d5d5-3ba4-74f7-a5a7-11260876639d,
上古天真论篇第一,01a0d5d5-3b2b-7013-acb2-e00e78a60930,8,美其食，任其服，乐其俗，高下不相慕，其民故曰朴。是以嗜欲不能劳其目，淫邪不能惑其心，愚智贤不肖，不惧于物，故合于道。所以能年皆度百岁，而动作不衰者,不,bu4,bu2 | bu4 | fou1 | fou3 | fu1,polyphone,01a0d5d5-3ba4-74f7-a5a7-1127c1a070a4,
上古天真论篇第一,01a0d5d5-3b2b-7013-acb2-e00e78a60930,8,其食，任其服，乐其俗，高下不相慕，其民故曰朴。是以嗜欲不能劳其目，淫邪不能惑其心，愚智贤不肖，不惧于物，故合于道。所以能年皆度百岁，而动作不衰者，,能,neng2,nai2 | nai4 | neng2 | tai2 | xiong2,polyphone,01a0d5d5-3ba4-74f7-a5a7-11282b2730e1,
上古天真论篇第一,01a0d5d5-3b2b-7013-acb2-e00e78a60930,8,，任其服，乐其俗，高下不相慕，其民故曰朴。是以嗜欲不能劳其目，淫邪不能惑其心，愚智贤不肖，不惧于物，故合于道。所以能年皆度百岁，而动作不衰者，以其,其,qi2,ji1 | ji4 | qi2,polyphone,01a0d5d5-3ba4-74f7-a5a7-11292e2eb7e5,
上古天真论篇第一,01a0d5d5-3b2b-7013-acb2-e00e78a60930,8,，乐其俗，高下不相慕，其民故曰朴。是以嗜欲不能劳其目，淫邪不能惑其心，愚智贤不肖，不惧于物，故合于道。所以能年皆度百岁，而动作不衰者，以其德全不危,智,zhi4,zhi1 | zhi4,polyphone,01a0d5d5-3ba4-74f7-a5a7-112a7304c88d,
上古天真论篇第一,01a0d5d5-3b2b-7013-acb2-e00e78a60930,8,其俗，高下不相慕，其民故曰朴。是以嗜欲不能劳其目，淫邪不能惑其心，愚智贤不肖，不惧于物，故合于道。所以能年皆度百岁，而动作不衰者，以其德全不危也。,不,bu4,bu2 | bu4 | fou1 | fou3 | fu1,polyphone,01a0d5d5-3ba4-74f7-a5a7-112b55f81ee1,
上古天真论篇第一,01a0d5d5-3b2b-7013-acb2-e00e78a60930,8,俗，高下不相慕，其民故曰朴。是以嗜欲不能劳其目，淫邪不能惑其心，愚智贤不肖，不惧于物，故合于道。所以能年皆度百岁，而动作不衰者，以其德全不危也。”,肖,xiao4,xiao1 | xiao4,polyphone,01a0d5d5-3ba4-74f7-a5a7-112c4a00a577,
上古天真论篇第一,01a0d5d5-3b2b-7013-acb2-e00e78a60930,8,"高下不相慕，其民故曰朴。是以嗜欲不能劳其目，淫邪不能惑其心，愚智贤不肖，不惧于物，故合于道。所以能年皆度百岁，而动作不衰者，以其德全不危也。”

",不,bu4,bu2 | bu4 | fou1 | fou3 | fu1,polyphone,01a0d5d5-3ba5-7278-b194-2300a4240185,
上古天真论篇第一,01a0d5d5-3b2b-7013-acb2-e00e78a60930,8,"不相慕，其民故曰朴。是以嗜欲不能劳其目，淫邪不能惑其心，愚智贤不肖，不惧于物，故合于道。所以能年皆度百岁，而动作不衰者，以其德全不危也。”

帝曰",于,yu2,wei2 | xu1 | yu1 | yu2,polyphone,01a0d5d5-3ba5-7278-b194-2301e33baf49,
上古天真论篇第一,01a0d5d5-3b2b-7013-acb2-e00e78a60930,8,"其民故曰朴。是以嗜欲不能劳其目，淫邪不能惑其心，愚智贤不肖，不惧于物，故合于道。所以能年皆度百岁，而动作不衰者，以其德全不危也。”

帝曰：“人年",合,he2,ge3 | he2,polyphone,01a0d5d5-3ba5-7278-b194-2302f002b3ec,
上古天真论篇第一,01a0d5d5-3b2b-7013-acb2-e00e78a60930,8,"民故曰朴。是以嗜欲不能劳其目，淫邪不能惑其心，愚智贤不肖，不惧于物，故合于道。所以能年皆度百岁，而动作不衰者，以其德全不危也。”

帝曰：“人年老",于,yu2,wei2 | xu1 | yu1 | yu2,polyphone,01a0d5d5-3ba5-7278-b194-2303d737f6fe,
上古天真论篇第一,01a0d5d5-3b2b-7013-acb2-e00e78a60930,8,"故曰朴。是以嗜欲不能劳其目，淫邪不能惑其心，愚智贤不肖，不惧于物，故合于道。所以能年皆度百岁，而动作不衰者，以其德全不危也。”

帝曰：“人年老而",道,dao4,dao3 | dao4,polyphone,01a0d5d5-3ba5-7278-b194-2304190802f9,
上古天真论篇第一,01a0d5d5-3b2b-7013-acb2-e00f87db805e,9,"。是以嗜欲不能劳其目，淫邪不能惑其心，愚智贤不肖，不惧于物，故合于道。所以能年皆度百岁，而动作不衰者，以其德全不危也。”

帝曰：“人年老而无子者",以,yi3,si4 | yi3,polyphone,01a0d5d5-3ba7-7404-ada3-e3b4db6de6b4,
上古天真论篇第一,01a0d5d5-3b2b-7013-acb2-e00f87db805e,9,"是以嗜欲不能劳其目，淫邪不能惑其心，愚智贤不肖，不惧于物，故合于道。所以能年皆度百岁，而动作不衰者，以其德全不危也。”

帝曰：“人年老而无子者，",能,neng2,nai2 | nai4 | neng2 | tai2 | xiong2,polyphone,01a0d5d5-3ba7-7404-ada3-e3b51d0fe734,
上古天真论篇第一,01a0d5d5-3b2b-7013-acb2-e00f87db805e,9,"以嗜欲不能劳其目，淫邪不能惑其心，愚智贤不肖，不惧于物，故合于道。所以能年皆度百岁，而动作不衰者，以其德全不危也。”

帝曰：“人年老而无子者，材",年,nian2,nian2 | ning4,polyphone,01a0d5d5-3ba7-7404-ada3-e3b613ed3e2c,
上古天真论篇第一,01a0d5d5-3b2b-7013-acb2-e00f87db805e,9,"欲不能劳其目，淫邪不能惑其心，愚智贤不肖，不惧于物，故合于道。所以能年皆度百岁，而动作不衰者，以其德全不危也。”

帝曰：“人年老而无子者，材力尽",度,du4,du4 | duo2 | zhai2,polyphone,01a0d5d5-3ba7-7404-ada3-e3b7bff50945,
上古天真论篇第一,01a0d5d5-3b2b-7013-acb2-e00f87db805e,9,"不能劳其目，淫邪不能惑其心，愚智贤不肖，不惧于物，故合于道。所以能年皆度百岁，而动作不衰者，以其德全不危也。”

帝曰：“人年老而无子者，材力尽邪",百,bai3,bai3 | bo2 | mo4,polyphone,01a0d5d5-3ba7-7404-ada3-e3b8a89a5ac6,
上古天真论篇第一,01a0d5d5-3b2b-7013-acb2-e00f87db805e,9,"其目，淫邪不能惑其心，愚智贤不肖，不惧于物，故合于道。所以能年皆度百岁，而动作不衰者，以其德全不危也。”

帝曰：“人年老而无子者，材力尽邪？将天",而,er2,er2 | neng2,polyphone,01a0d5d5-3ba7-7404-ada3-e3b93259bb65,
上古天真论篇第一,01a0d5d5-3b2b-7013-acb2-e00f87db805e,9,"，淫邪不能惑其心，愚智贤不肖，不惧于物，故合于道。所以能年皆度百岁，而动作不衰者，以其德全不危也。”

帝曰：“人年老而无子者，材力尽邪？将天数然",作,zuo4,zuo1 | zuo2 | zuo4,polyphone,01a0d5d5-3ba7-7404-ada3-e3bab2e1cc65,
上古天真论篇第一,01a0d5d5-3b2b-7013-acb2-e00f87db805e,9,"淫邪不能惑其心，愚智贤不肖，不惧于物，故合于道。所以能年皆度百岁，而动作不衰者，以其德全不危也。”

帝曰：“人年老而无子者，材力尽邪？将天数然也",不,bu4,bu2 | bu4 | fou1 | fou3 | fu1,polyphone,01a0d5d5-3ba7-7404-ada3-e3bb228324f2,
上古天真论篇第一,01a0d5d5-3b2b-7013-acb2-e00f87db805e,9,"邪不能惑其心，愚智贤不肖，不惧于物，故合于道。所以能年皆度百岁，而动作不衰者，以其德全不危也。”

帝曰：“人年老而无子者，材力尽邪？将天数然也？",衰,shuai1,cui1 | shuai1 | suo1,polyphone,01a0d5d5-3ba7-7404-ada3-e3bc8c9619ce,
上古天真论篇第一,01a0d5d5-3b2b-7013-acb2-e00f87db805e,9,"惑其心，愚智贤不肖，不惧于物，故合于道。所以能年皆度百岁，而动作不衰者，以其德全不危也。”

帝曰：“人年老而无子者，材力尽邪？将天数然也？”

",以,yi3,si4 | yi3,polyphone,01a0d5d5-3ba7-7404-ada3-e3bd3925a6cc,
上古天真论篇第一,01a0d5d5-3b2b-7013-acb2-e00f87db805e,9,"其心，愚智贤不肖，不惧于物，故合于道。所以能年皆度百岁，而动作不衰者，以其德全不危也。”

帝曰：“人年老而无子者，材力尽邪？将天数然也？”

岐",其,qi2,ji1 | ji4 | qi2,polyphone,01a0d5d5-3ba7-7404-ada3-e3beb688934d,
上古天真论篇第一,01a0d5d5-3b2b-7013-acb2-e00f87db805e,9,"愚智贤不肖，不惧于物，故合于道。所以能年皆度百岁，而动作不衰者，以其德全不危也。”

帝曰：“人年老而无子者，材力尽邪？将天数然也？”

岐伯曰：",不,bu4,bu2 | bu4 | fou1 | fou3 | fu1,polyphone,01a0d5d5-3ba7-7404-ada3-e3bfe20a1cb2,
上古天真论篇第一,01a0d5d5-3b2b-7013-acb2-e00f87db805e,9,"贤不肖，不惧于物，故合于道。所以能年皆度百岁，而动作不衰者，以其德全不危也。”

帝曰：“人年老而无子者，材力尽邪？将天数然也？”

岐伯曰：“女",也,ye3,ye3 | yi2,polyphone,01a0d5d5-3ba7-7404-ada3-e3c089743938,
上古天真论篇第一,01a0d5d5-3b2b-7013-acb2-e00f87db805e,9,"合于道。所以能年皆度百岁，而动作不衰者，以其德全不危也。”

帝曰：“人年老而无子者，材力尽邪？将天数然也？”

岐伯曰：“女子七岁，肾气盛，齿更",年,nian2,nian2 | ning4,polyphone,01a0d5d5-3ba7-7404-ada3-e3c191f27e00,
上古天真论篇第一,01a0d5d5-3b2b-7013-acb2-e00f87db805e,9,"道。所以能年皆度百岁，而动作不衰者，以其德全不危也。”

帝曰：“人年老而无子者，材力尽邪？将天数然也？”

岐伯曰：“女子七岁，肾气盛，齿更发长",而,er2,er2 | neng2,polyphone,01a0d5d5-3ba7-7404-ada3-e3c22cfa6909,
上古天真论篇第一,01a0d5d5-3b2b-7013-acb2-e00f87db805e,9,"。所以能年皆度百岁，而动作不衰者，以其德全不危也。”

帝曰：“人年老而无子者，材力尽邪？将天数然也？”

岐伯曰：“女子七岁，肾气盛，齿更发长。",无,wu2,mo2 | wu2,polyphone,01a0d5d5-3ba7-7404-ada3-e3c3e86cc0aa,
上古天真论篇第一,01a0d5d5-3b2b-7013-acb2-e00f87db805e,9,"所以能年皆度百岁，而动作不衰者，以其德全不危也。”

帝曰：“人年老而无子者，材力尽邪？将天数然也？”

岐伯曰：“女子七岁，肾气盛，齿更发长。二",子,,zi3,rare_character,01a0d5d5-3ba7-7404-ada3-e3c4fd4325cc,
上古天真论篇第一,01a0d5d5-3b2b-7013-acb2-e00f87db805e,9,"度百岁，而动作不衰者，以其德全不危也。”

帝曰：“人年老而无子者，材力尽邪？将天数然也？”

岐伯曰：“女子七岁，肾气盛，齿更发长。二七而天癸至",尽,jin3,jin3 | jin4,polyphone,01a0d5d5-3ba7-7404-ada3-e3c5a37cbad2,
上古天真论篇第一,01a0d5d5-3b2b-7013-acb2-e00f87db805e,9,"百岁，而动作不衰者，以其德全不危也。”

帝曰：“人年老而无子者，材力尽邪？将天数然也？”

岐伯曰：“女子七岁，肾气盛，齿更发长。二七而天癸至，",邪,xie2,she2 | xie2 | xu2 | ya2 | ye2,polyphone,01a0d5d5-3ba7-7404-ada3-e3c6e9395373,
上古天真论篇第一,01a0d5d5-3b2b-7013-acb2-e00f87db805e,9,"，而动作不衰者，以其德全不危也。”

帝曰：“人年老而无子者，材力尽邪？将天数然也？”

岐伯曰：“女子七岁，肾气盛，齿更发长。二七而天癸至，任脉",将,jiang1,jiang1 | jiang4 | qiang1,polyphone,01a0d5d5-3ba7-7404-ada3-e3c70aab40f0,
上古天真论篇第一,01a0d5d5-3b2b-7013-acb2-e00f87db805e,9,"动作不衰者，以其德全不危也。”

帝曰：“人年老而无子者，材力尽邪？将天数然也？”

岐伯曰：“女子七岁，肾气盛，齿更发长。二七而天癸至，任脉通，",数,shu4,shu3 | shu4 | shuo4,polyphone,01a0d5d5-3ba7-7404-ada3-e3c813848d92,
上古天真论篇第一,01a0d5d5-3b2b-7013-acb2-e00f87db805e,9,"不衰者，以其德全不危也。”

帝曰：“人年老而无子者，材力尽邪？将天数然也？”

岐伯曰：“女子七岁，肾气盛，齿更发长。二七而天癸至，任脉通，太冲",也,ye3,ye3 | yi2,polyphone,01a0d5d5-3ba7-7404-ada3-e3c90983b6c3,
上古天真论篇第一,01a0d5d5-3b2b-7013-acb2-e00f87db805e,9,"德全不危也。”

帝曰：“人年老而无子者，材力尽邪？将天数然也？”

岐伯曰：“女子七岁，肾气盛，齿更发长。二七而天癸至，任脉通，太冲脉盛，月事以",伯,bo2,ba4 | bai3 | bo2 | mo4,polyphone,01a0d5d5-3ba7-7404-ada3-e3cad69a8bab,
上古天真论篇第一,01a0d5d5-3b2b-7013-acb2-e00f87db805e,9,"也。”

帝曰：“人年老而无子者，材力尽邪？将天数然也？”

岐伯曰：“女子七岁，肾气盛，齿更发长。二七而天癸至，任脉通，太冲脉盛，月事以时下，故",女,nv3,nv3 | nv4 | ru3,polyphone,01a0d5d5-3ba7-7404-ada3-e3cb0358f1ad,
上古天真论篇第一,01a0d5d5-3b2b-7013-acb2-e00f87db805e,9,"。”

帝曰：“人年老而无子者，材力尽邪？将天数然也？”

岐伯曰：“女子七岁，肾气盛，齿更发长。二七而天癸至，任脉通，太冲脉盛，月事以时下，故有",子,,zi3,rare_character,01a0d5d5-3ba8-777c-b4a4-e4feaccd70cb,
上古天真论篇第一,01a0d5d5-3b2b-7013-acb2-e00f87db805e,9,"”

帝曰：“人年老而无子者，材力尽邪？将天数然也？”

岐伯曰：“女子七岁，肾气盛，齿更发长。二七而天癸至，任脉通，太冲脉盛，月事以时下，故有子",七,qi1,qi1 | qi2,polyphone,01a0d5d5-3ba8-777c-b4a4-e4ff21ad69c3,
上古天真论篇第一,01a0d5d5-3b2b-7013-acb2-e00f87db805e,9,"曰：“人年老而无子者，材力尽邪？将天数然也？”

岐伯曰：“女子七岁，肾气盛，齿更发长。二七而天癸至，任脉通，太冲脉盛，月事以时下，故有子；
三七",气,qi4,qi3 | qi4,polyphone,01a0d5d5-3ba8-777c-b4a4-e5006669f406,
上古天真论篇第一,01a0d5d5-3b2b-7013-acb2-e00f87db805e,9,"：“人年老而无子者，材力尽邪？将天数然也？”

岐伯曰：“女子七岁，肾气盛，齿更发长。二七而天癸至，任脉通，太冲脉盛，月事以时下，故有子；
三七，",盛,sheng4,cheng2 | sheng4,polyphone,01a0d5d5-3ba8-777c-b4a4-e50138424fea,
上古天真论篇第一,01a0d5d5-3b2b-7013-acb2-e00f87db805e,9,"老而无子者，材力尽邪？将天数然也？”

岐伯曰：“女子七岁，肾气盛，齿更发长。二七而天癸至，任脉通，太冲脉盛，月事以时下，故有子；
三七，肾气平均",发,fa1,fa1 | fa4,polyphone,01a0d5d5-3ba8-777c-b4a4-e5035065f3ac,
上古天真论篇第一,01a0d5d5-3b2b-7013-acb2-e00f87db805e,9,"而无子者，材力尽邪？将天数然也？”

岐伯曰：“女子七岁，肾气盛，齿更发长。二七而天癸至，任脉通，太冲脉盛，月事以时下，故有子；
三七，肾气平均，",长,zhang3,chang2 | zhang3,polyphone,01a0d5d5-3ba8-777c-b4a4-e504a4952a04,
上古天真论篇第一,01a0d5d5-3b2b-7013-acb2-e010690876b2,10,"者，材力尽邪？将天数然也？”

岐伯曰：“女子七岁，肾气盛，齿更发长。二七而天癸至，任脉通，太冲脉盛，月事以时下，故有子；
三七，肾气平均，故真牙",七,qi1,qi1 | qi2,polyphone,01a0d5d5-3bab-7187-84a1-de04bb33ef52,
上古天真论篇第一,01a0d5d5-3b2b-7013-acb2-e010690876b2,10,"，材力尽邪？将天数然也？”

岐伯曰：“女子七岁，肾气盛，齿更发长。二七而天癸至，任脉通，太冲脉盛，月事以时下，故有子；
三七，肾气平均，故真牙生",而,er2,er2 | neng2,polyphone,01a0d5d5-3bab-7187-84a1-de0580150706,
上古天真论篇第一,01a0d5d5-3b2b-7013-acb2-e010690876b2,10,"尽邪？将天数然也？”

岐伯曰：“女子七岁，肾气盛，齿更发长。二七而天癸至，任脉通，太冲脉盛，月事以时下，故有子；
三七，肾气平均，故真牙生而长极",至,zhi4,die2 | zhi4,polyphone,01a0d5d5-3bab-7187-84a1-de0688b42bf3,
上古天真论篇第一,01a0d5d5-3b2b-7013-acb2-e010690876b2,10,"天数然也？”

岐伯曰：“女子七岁，肾气盛，齿更发长。二七而天癸至，任脉通，太冲脉盛，月事以时下，故有子；
三七，肾气平均，故真牙生而长极；
四七",通,tong1,tong1 | tong4,polyphone,01a0d5d5-3bab-7187-84a1-de09efe7ba48,
上古天真论篇第一,01a0d5d5-3b2b-7013-acb2-e010690876b2,10,"”

岐伯曰：“女子七岁，肾气盛，齿更发长。二七而天癸至，任脉通，太冲脉盛，月事以时下，故有子；
三七，肾气平均，故真牙生而长极；
四七，筋骨坚，",盛,sheng4,cheng2 | sheng4,polyphone,01a0d5d5-3bab-7187-84a1-de0d116c5330,
上古天真论篇第一,01a0d5d5-3b2b-7013-acb2-e010690876b2,10,"
岐伯曰：“女子七岁，肾气盛，齿更发长。二七而天癸至，任脉通，太冲脉盛，月事以时下，故有子；
三七，肾气平均，故真牙生而长极；
四七，筋骨坚，发长",月,yue4,ru4 | yue4,polyphone,01a0d5d5-3bab-7187-84a1-de0e1c022c89,
上古天真论篇第一,01a0d5d5-3b2b-7013-acb2-e010690876b2,10,"岐伯曰：“女子七岁，肾气盛，齿更发长。二七而天癸至，任脉通，太冲脉盛，月事以时下，故有子；
三七，肾气平均，故真牙生而长极；
四七，筋骨坚，发长极",事,shi4,shi4 | zi4,polyphone,01a0d5d5-3bab-7187-84a1-de0f61a73be2,
上古天真论篇第一,01a0d5d5-3b2b-7013-acb2-e010690876b2,10,"伯曰：“女子七岁，肾气盛，齿更发长。二七而天癸至，任脉通，太冲脉盛，月事以时下，故有子；
三七，肾气平均，故真牙生而长极；
四七，筋骨坚，发长极，",以,yi3,si4 | yi3,polyphone,01a0d5d5-3bab-7187-84a1-de108f89d887,
上古天真论篇第一,01a0d5d5-3b2b-7013-acb2-e010690876b2,10,"子七岁，肾气盛，齿更发长。二七而天癸至，任脉通，太冲脉盛，月事以时下，故有子；
三七，肾气平均，故真牙生而长极；
四七，筋骨坚，发长极，身体盛壮；",有,you3,wei3 | you3 | you4,polyphone,01a0d5d5-3bab-7187-84a1-de112ad27a8c,
上古天真论篇第一,01a0d5d5-3b2b-7013-acb2-e010690876b2,10,"七岁，肾气盛，齿更发长。二七而天癸至，任脉通，太冲脉盛，月事以时下，故有子；
三七，肾气平均，故真牙生而长极；
四七，筋骨坚，发长极，身体盛壮；
",子,,zi3,rare_character,01a0d5d5-3bab-7187-84a1-de12e38b0c8e,
上古天真论篇第一,01a0d5d5-3b2b-7013-acb2-e010690876b2,10,"气盛，齿更发长。二七而天癸至，任脉通，太冲脉盛，月事以时下，故有子；
三七，肾气平均，故真牙生而长极；
四七，筋骨坚，发长极，身体盛壮；
五七，阳",七,qi1,qi1 | qi2,polyphone,01a0d5d5-3bab-7187-84a1-de130665240e,
上古天真论篇第一,01a0d5d5-3b2b-7013-acb2-e010690876b2,10,"齿更发长。二七而天癸至，任脉通，太冲脉盛，月事以时下，故有子；
三七，肾气平均，故真牙生而长极；
四七，筋骨坚，发长极，身体盛壮；
五七，阳明脉衰",气,qi4,qi3 | qi4,polyphone,01a0d5d5-3bab-7187-84a1-de14816cb0de,
上古天真论篇第一,01a0d5d5-3b2b-7013-acb2-e010690876b2,10,"更发长。二七而天癸至，任脉通，太冲脉盛，月事以时下，故有子；
三七，肾气平均，故真牙生而长极；
四七，筋骨坚，发长极，身体盛壮；
五七，阳明脉衰，",平,ping2,beng1 | bing4 | pian2 | ping2,polyphone,01a0d5d5-3bab-7187-84a1-de15b3b026a7,
上古天真论篇第一,01a0d5d5-3b2b-7013-acb2-e010690876b2,10,"发长。二七而天癸至，任脉通，太冲脉盛，月事以时下，故有子；
三七，肾气平均，故真牙生而长极；
四七，筋骨坚，发长极，身体盛壮；
五七，阳明脉衰，面",均,jun1,jun1 | yun4,polyphone,01a0d5d5-3bab-7187-84a1-de161935d24a,
上古天真论篇第一,01a0d5d5-3b2b-7013-acb2-e010690876b2,10,"七而天癸至，任脉通，太冲脉盛，月事以时下，故有子；
三七，肾气平均，故真牙生而长极；
四七，筋骨坚，发长极，身体盛壮；
五七，阳明脉衰，面始焦，发",牙,ya2,ya2 | ya4,polyphone,01a0d5d5-3bab-7187-84a1-de179f0d8a98,
上古天真论篇第一,01a0d5d5-3b2b-7013-acb2-e010690876b2,10,"天癸至，任脉通，太冲脉盛，月事以时下，故有子；
三七，肾气平均，故真牙生而长极；
四七，筋骨坚，发长极，身体盛壮；
五七，阳明脉衰，面始焦，发始堕",而,er2,er2 | neng2,polyphone,01a0d5d5-3bab-7187-84a1-de18841a53ae,
上古天真论篇第一,01a0d5d5-3b2b-7013-acb2-e010690876b2,10,"癸至，任脉通，太冲脉盛，月事以时下，故有子；
三七，肾气平均，故真牙生而长极；
四七，筋骨坚，发长极，身体盛壮；
五七，阳明脉衰，面始焦，发始堕；",长,zhang3,chang2 | zhang3,polyphone,01a0d5d5-3bab-7187-84a1-de1974495705,
上古天真论篇第一,01a0d5d5-3b2b-7013-acb2-e010690876b2,10,"通，太冲脉盛，月事以时下，故有子；
三七，肾气平均，故真牙生而长极；
四七，筋骨坚，发长极，身体盛壮；
五七，阳明脉衰，面始焦，发始堕；六七，三阳",七,qi1,qi1 | qi2,polyphone,01a0d5d5-3bab-7187-84a1-de1a91dc1d06,
上古天真论篇第一,01a0d5d5-3b2b-7013-acb2-e010690876b2,10,"太冲脉盛，月事以时下，故有子；
三七，肾气平均，故真牙生而长极；
四七，筋骨坚，发长极，身体盛壮；
五七，阳明脉衰，面始焦，发始堕；六七，三阳脉衰",筋,jin1,jin1 | qian2,polyphone,01a0d5d5-3bab-7187-84a1-de1b8281fcb3,
上古天真论篇第一,01a0d5d5-3b2b-7013-acb2-e010690876b2,10,"冲脉盛，月事以时下，故有子；
三七，肾气平均，故真牙生而长极；
四七，筋骨坚，发长极，身体盛壮；
五七，阳明脉衰，面始焦，发始堕；六七，三阳脉衰于",骨,gu3,gu1 | gu2 | gu3,polyphone,01a0d5d5-3bab-7187-84a1-de1c946639cd,
上古天真论篇第一,01a0d5d5-3b2b-7013-acb2-e010690876b2,10,"，月事以时下，故有子；
三七，肾气平均，故真牙生而长极；
四七，筋骨坚，发长极，身体盛壮；
五七，阳明脉衰，面始焦，发始堕；六七，三阳脉衰于上，面",发,fa1,fa1 | fa4,polyphone,01a0d5d5-3bab-7187-84a1-de1daefefd4b,
上古天真论篇第一,01a0d5d5-3b2b-7013-acb2-e010690876b2,10,"月事以时下，故有子；
三七，肾气平均，故真牙生而长极；
四七，筋骨坚，发长极，身体盛壮；
五七，阳明脉衰，面始焦，发始堕；六七，三阳脉衰于上，面皆",长,zhang3,chang2 | zhang3,polyphone,01a0d5d5-3bab-7187-84a1-de1e66887256,
上古天真论篇第一,01a0d5d5-3b2b-7013-acb2-e010690876b2,10,"时下，故有子；
三七，肾气平均，故真牙生而长极；
四七，筋骨坚，发长极，身体盛壮；
五七，阳明脉衰，面始焦，发始堕；六七，三阳脉衰于上，面皆焦，发",身,shen1,juan1 | shen1,polyphone,01a0d5d5-3bab-7187-84a1-de1f3a1290f5,
上古天真论篇第一,01a0d5d5-3b2b-7013-acb2-e010690876b2,10,"下，故有子；
三七，肾气平均，故真牙生而长极；
四七，筋骨坚，发长极，身体盛壮；
五七，阳明脉衰，面始焦，发始堕；六七，三阳脉衰于上，面皆焦，发始",体,ti3,ben4 | cui4 | ti1 | ti3,polyphone,01a0d5d5-3bab-7187-84a1-de20e3e684c1,
上古天真论篇第一,01a0d5d5-3b2b-7013-acb2-e010690876b2,10,"，故有子；
三七，肾气平均，故真牙生而长极；
四七，筋骨坚，发长极，身体盛壮；
五七，阳明脉衰，面始焦，发始堕；六七，三阳脉衰于上，面皆焦，发始白",盛,sheng4,cheng2 | sheng4,polyphone,01a0d5d5-3bab-7187-84a1-de2170912890,
上古天真论篇第一,01a0d5d5-3b2b-7013-acb2-e010690876b2,10,"
三七，肾气平均，故真牙生而长极；
四七，筋骨坚，发长极，身体盛壮；
五七，阳明脉衰，面始焦，发始堕；六七，三阳脉衰于上，面皆焦，发始白；
七七，",七,qi1,qi1 | qi2,polyphone,01a0d5d5-3bab-7187-84a1-de223f8ee811,
上古天真论篇第一,01a0d5d5-3b2b-7013-acb2-e010690876b2,10,"，肾气平均，故真牙生而长极；
四七，筋骨坚，发长极，身体盛壮；
五七，阳明脉衰，面始焦，发始堕；六七，三阳脉衰于上，面皆焦，发始白；
七七，任脉虚",明,ming2,meng4 | ming2,polyphone,01a0d5d5-3bab-7187-84a1-de23c8b9fd5c,
上古天真论篇第一,01a0d5d5-3b2b-7013-acb2-e010690876b2,10,"肾气平均，故真牙生而长极；
四七，筋骨坚，发长极，身体盛壮；
五七，阳明脉衰，面始焦，发始堕；六七，三阳脉衰于上，面皆焦，发始白；
七七，任脉虚，",脉,mai4,mai4 | mo4,polyphone,01a0d5d5-3bab-7187-84a1-de245581c473,
上古天真论篇第一,01a0d5d5-3b2b-7013-acb2-e010690876b2,10,"气平均，故真牙生而长极；
四七，筋骨坚，发长极，身体盛壮；
五七，阳明脉衰，面始焦，发始堕；六七，三阳脉衰于上，面皆焦，发始白；
七七，任脉虚，太",衰,shuai1,cui1 | shuai1 | suo1,polyphone,01a0d5d5-3bab-7187-84a1-de25b7beed87,
上古天真论篇第一,01a0d5d5-3b2b-7013-acb2-e010690876b2,10,"故真牙生而长极；
四七，筋骨坚，发长极，身体盛壮；
五七，阳明脉衰，面始焦，发始堕；六七，三阳脉衰于上，面皆焦，发始白；
七七，任脉虚，太冲脉衰少",焦,jiao1,jiao1 | qiao2,polyphone,01a0d5d5-3bab-7187-84a1-de2682082660,
上古天真论篇第一,01a0d5d5-3b2b-7013-acb2-e010690876b2,10,"牙生而长极；
四七，筋骨坚，发长极，身体盛壮；
五七，阳明脉衰，面始焦，发始堕；六七，三阳脉衰于上，面皆焦，发始白；
七七，任脉虚，太冲脉衰少，天",发,fa1,fa1 | fa4,polyphone,01a0d5d5-3bab-7187-84a1-de2778ba3aa6,
上古天真论篇第一,01a0d5d5-3b2b-7013-acb2-e010690876b2,10,"而长极；
四七，筋骨坚，发长极，身体盛壮；
五七，阳明脉衰，面始焦，发始堕；六七，三阳脉衰于上，面皆焦，发始白；
七七，任脉虚，太冲脉衰少，天癸竭",堕,duo4,duo4 | hui1,polyphone,01a0d5d5-3bab-7187-84a1-de28c795d15c,
上古天真论篇第一,01a0d5d5-3b2b-7013-acb2-e0113097884f,11,"极；
四七，筋骨坚，发长极，身体盛壮；
五七，阳明脉衰，面始焦，发始堕；六七，三阳脉衰于上，面皆焦，发始白；
七七，任脉虚，太冲脉衰少，天癸竭，地",六,liu4,liu4 | lu4,polyphone,01a0d5d5-3baf-70b6-943e-6e6bca67ed98,
上古天真论篇第一,01a0d5d5-3b2b-7013-acb2-e0113097884f,11,"；
四七，筋骨坚，发长极，身体盛壮；
五七，阳明脉衰，面始焦，发始堕；六七，三阳脉衰于上，面皆焦，发始白；
七七，任脉虚，太冲脉衰少，天癸竭，地道",七,qi1,qi1 | qi2,polyphone,01a0d5d5-3baf-70b6-943e-6e6c043d72a4,
上古天真论篇第一,01a0d5d5-3b2b-7013-acb2-e0113097884f,11,"，筋骨坚，发长极，身体盛壮；
五七，阳明脉衰，面始焦，发始堕；六七，三阳脉衰于上，面皆焦，发始白；
七七，任脉虚，太冲脉衰少，天癸竭，地道不通，故",脉,mai4,mai4 | mo4,polyphone,01a0d5d5-3baf-70b6-943e-6e6d6cf01feb,
上古天真论篇第一,01a0d5d5-3b2b-7013-acb2-e0113097884f,11,"筋骨坚，发长极，身体盛壮；
五七，阳明脉衰，面始焦，发始堕；六七，三阳脉衰于上，面皆焦，发始白；
七七，任脉虚，太冲脉衰少，天癸竭，地道不通，故形",衰,shuai1,cui1 | shuai1 | suo1,polyphone,01a0d5d5-3baf-70b6-943e-6e6e366090d2,
上古天真论篇第一,01a0d5d5-3b2b-7013-acb2-e0113097884f,11,"骨坚，发长极，身体盛壮；
五七，阳明脉衰，面始焦，发始堕；六七，三阳脉衰于上，面皆焦，发始白；
七七，任脉虚，太冲脉衰少，天癸竭，地道不通，故形坏",于,yu2,wei2 | xu1 | yu1 | yu2,polyphone,01a0d5d5-3baf-70b6-943e-6e6f41876e12,
上古天真论篇第一,01a0d5d5-3b2b-7013-acb2-e0113097884f,11,"坚，发长极，身体盛壮；
五七，阳明脉衰，面始焦，发始堕；六七，三阳脉衰于上，面皆焦，发始白；
七七，任脉虚，太冲脉衰少，天癸竭，地道不通，故形坏而",上,shang4,shang3 | shang4,polyphone,01a0d5d5-3baf-70b6-943e-6e70a345ada3,
上古天真论篇第一,01a0d5d5-3b2b-7013-acb2-e0113097884f,11,"极，身体盛壮；
五七，阳明脉衰，面始焦，发始堕；六七，三阳脉衰于上，面皆焦，发始白；
七七，任脉虚，太冲脉衰少，天癸竭，地道不通，故形坏而无子也。",焦,jiao1,jiao1 | qiao2,polyphone,01a0d5d5-3baf-70b6-943e-6e714047e7ad,
上古天真论篇第一,01a0d5d5-3b2b-7013-acb2-e0113097884f,11,"身体盛壮；
五七，阳明脉衰，面始焦，发始堕；六七，三阳脉衰于上，面皆焦，发始白；
七七，任脉虚，太冲脉衰少，天癸竭，地道不通，故形坏而无子也。

",发,fa1,fa1 | fa4,polyphone,01a0d5d5-3baf-70b6-943e-6e72089574b1,
上古天真论篇第一,01a0d5d5-3b2b-7013-acb2-e0113097884f,11,"盛壮；
五七，阳明脉衰，面始焦，发始堕；六七，三阳脉衰于上，面皆焦，发始白；
七七，任脉虚，太冲脉衰少，天癸竭，地道不通，故形坏而无子也。

丈夫",白,bai2,bai2 | bo2,polyphone,01a0d5d5-3baf-70b6-943e-6e73fdce3ec4,
上古天真论篇第一,01a0d5d5-3b2b-7013-acb2-e0113097884f,11,"
五七，阳明脉衰，面始焦，发始堕；六七，三阳脉衰于上，面皆焦，发始白；
七七，任脉虚，太冲脉衰少，天癸竭，地道不通，故形坏而无子也。

丈夫八岁，",七,qi1,qi1 | qi2,polyphone,01a0d5d5-3baf-70b6-943e-6e74a2af59e3,
上古天真论篇第一,01a0d5d5-3b2b-7013-acb2-e0113097884f,11,"五七，阳明脉衰，面始焦，发始堕；六七，三阳脉衰于上，面皆焦，发始白；
七七，任脉虚，太冲脉衰少，天癸竭，地道不通，故形坏而无子也。

丈夫八岁，肾",七,qi1,qi1 | qi2,polyphone,01a0d5d5-3baf-70b6-943e-6e754532fbc7,
上古天真论篇第一,01a0d5d5-3b2b-7013-acb2-e0113097884f,11,"始焦，发始堕；六七，三阳脉衰于上，面皆焦，发始白；
七七，任脉虚，太冲脉衰少，天癸竭，地道不通，故形坏而无子也。

丈夫八岁，肾气实，发长齿更；二",衰,shuai1,cui1 | shuai1 | suo1,polyphone,01a0d5d5-3baf-70b6-943e-6e7b1fa5e1de,
上古天真论篇第一,01a0d5d5-3b2b-7013-acb2-e0113097884f,11,"焦，发始堕；六七，三阳脉衰于上，面皆焦，发始白；
七七，任脉虚，太冲脉衰少，天癸竭，地道不通，故形坏而无子也。

丈夫八岁，肾气实，发长齿更；二八",少,shao3,shao3 | shao4,polyphone,01a0d5d5-3baf-70b6-943e-6e7c1d6e0107,
上古天真论篇第一,01a0d5d5-3b2b-7013-acb2-e0113097884f,11,"七，三阳脉衰于上，面皆焦，发始白；
七七，任脉虚，太冲脉衰少，天癸竭，地道不通，故形坏而无子也。

丈夫八岁，肾气实，发长齿更；二八，肾气盛，天癸",道,dao4,dao3 | dao4,polyphone,01a0d5d5-3baf-70b6-943e-6e7df86c5987,
上古天真论篇第一,01a0d5d5-3b2b-7013-acb2-e0113097884f,11,"，三阳脉衰于上，面皆焦，发始白；
七七，任脉虚，太冲脉衰少，天癸竭，地道不通，故形坏而无子也。

丈夫八岁，肾气实，发长齿更；二八，肾气盛，天癸至",不,bu4,bu2 | bu4 | fou1 | fou3 | fu1,polyphone,01a0d5d5-3baf-70b6-943e-6e7e1dafc218,
上古天真论篇第一,01a0d5d5-3b2b-7013-acb2-e0113097884f,11,"三阳脉衰于上，面皆焦，发始白；
七七，任脉虚，太冲脉衰少，天癸竭，地道不通，故形坏而无子也。

丈夫八岁，肾气实，发长齿更；二八，肾气盛，天癸至，",通,tong1,tong1 | tong4,polyphone,01a0d5d5-3baf-70b6-943e-6e7f3670e692,
上古天真论篇第一,01a0d5d5-3b2b-7013-acb2-e0113097884f,11,"于上，面皆焦，发始白；
七七，任脉虚，太冲脉衰少，天癸竭，地道不通，故形坏而无子也。

丈夫八岁，肾气实，发长齿更；二八，肾气盛，天癸至，精气溢写",坏,huai4,huai4 | pei2 | pi1,polyphone,01a0d5d5-3baf-70b6-943e-6e800ee367b9,
上古天真论篇第一,01a0d5d5-3b2b-7013-acb2-e0113097884f,11,"上，面皆焦，发始白；
七七，任脉虚，太冲脉衰少，天癸竭，地道不通，故形坏而无子也。

丈夫八岁，肾气实，发长齿更；二八，肾气盛，天癸至，精气溢写，",而,er2,er2 | neng2,polyphone,01a0d5d5-3baf-70b6-943e-6e81e5b664c9,
上古天真论篇第一,01a0d5d5-3b2b-7013-acb2-e0113097884f,11,"，面皆焦，发始白；
七七，任脉虚，太冲脉衰少，天癸竭，地道不通，故形坏而无子也。

丈夫八岁，肾气实，发长齿更；二八，肾气盛，天癸至，精气溢写，阴",无,wu2,mo2 | wu2,polyphone,01a0d5d5-3baf-70b6-943e-6e8293e04341,
上古天真论篇第一,01a0d5d5-3b2b-7013-acb2-e0113097884f,11,"面皆焦，发始白；
七七，任脉虚，太冲脉衰少，天癸竭，地道不通，故形坏而无子也。

丈夫八岁，肾气实，发长齿更；二八，肾气盛，天癸至，精气溢写，阴阳",子,,zi3,rare_character,01a0d5d5-3baf-70b6-943e-6e831217c5c9,
上古天真论篇第一,01a0d5d5-3b2b-7013-acb2-e0113097884f,11,"皆焦，发始白；
七七，任脉虚，太冲脉衰少，天癸竭，地道不通，故形坏而无子也。

丈夫八岁，肾气实，发长齿更；二八，肾气盛，天癸至，精气溢写，阴阳和",也,ye3,ye3 | yi2,polyphone,01a0d5d5-3baf-70b6-943e-6e84588f204d,
上古天真论篇第一,01a0d5d5-3b2b-7013-acb2-e0113097884f,11,"白；
七七，任脉虚，太冲脉衰少，天癸竭，地道不通，故形坏而无子也。

丈夫八岁，肾气实，发长齿更；二八，肾气盛，天癸至，精气溢写，阴阳和，故能有子",夫,fu1,fu1 | fu2,polyphone,01a0d5d5-3baf-70b6-943e-6e85a652f3e3,
上古天真论篇第一,01a0d5d5-3b2b-7013-acb2-e0113097884f,11,"；
七七，任脉虚，太冲脉衰少，天癸竭，地道不通，故形坏而无子也。

丈夫八岁，肾气实，发长齿更；二八，肾气盛，天癸至，精气溢写，阴阳和，故能有子；",八,ba1,ba1 | ba2,polyphone,01a0d5d5-3baf-70b6-943e-6e860e63614f,
上古天真论篇第一,01a0d5d5-3b2b-7013-acb2-e0113097884f,11,"，任脉虚，太冲脉衰少，天癸竭，地道不通，故形坏而无子也。

丈夫八岁，肾气实，发长齿更；二八，肾气盛，天癸至，精气溢写，阴阳和，故能有子；三八，肾",气,qi4,qi3 | qi4,polyphone,01a0d5d5-3baf-70b6-943e-6e87567a5db8,
上古天真论篇第一,01a0d5d5-3b2b-7013-acb2-e0113097884f,11,"虚，太冲脉衰少，天癸竭，地道不通，故形坏而无子也。

丈夫八岁，肾气实，发长齿更；二八，肾气盛，天癸至，精气溢写，阴阳和，故能有子；三八，肾气平均",发,fa1,fa1 | fa4,polyphone,01a0d5d5-3baf-70b6-943e-6e8897f8bd0c,
上古天真论篇第一,01a0d5d5-3b2b-7013-acb2-e0113097884f,11,"，太冲脉衰少，天癸竭，地道不通，故形坏而无子也。

丈夫八岁，肾气实，发长齿更；二八，肾气盛，天癸至，精气溢写，阴阳和，故能有子；三八，肾气平均，",长,zhang3,chang2 | zhang3,polyphone,01a0d5d5-3baf-70b6-943e-6e8999594cde,
上古天真论篇第一,01a0d5d5-3b2b-7013-acb2-e0120793b553,12,"少，天癸竭，地道不通，故形坏而无子也。

丈夫八岁，肾气实，发长齿更；二八，肾气盛，天癸至，精气溢写，阴阳和，故能有子；三八，肾气平均，筋骨劲强，",八,ba1,ba1 | ba2,polyphone,01a0d5d5-3bb1-7105-bbe5-9b599871f456,
上古天真论篇第一,01a0d5d5-3b2b-7013-acb2-e0120793b553,12,"癸竭，地道不通，故形坏而无子也。

丈夫八岁，肾气实，发长齿更；二八，肾气盛，天癸至，精气溢写，阴阳和，故能有子；三八，肾气平均，筋骨劲强，故真牙",气,qi4,qi3 | qi4,polyphone,01a0d5d5-3bb1-7105-bbe5-9b5a3746b98a,
上古天真论篇第一,01a0d5d5-3b2b-7013-acb2-e0120793b553,12,"竭，地道不通，故形坏而无子也。

丈夫八岁，肾气实，发长齿更；二八，肾气盛，天癸至，精气溢写，阴阳和，故能有子；三八，肾气平均，筋骨劲强，故真牙生",盛,sheng4,cheng2 | sheng4,polyphone,01a0d5d5-3bb1-7105-bbe5-9b5b7b25eba7,
上古天真论篇第一,01a0d5d5-3b2b-7013-acb2-e0120793b553,12,"不通，故形坏而无子也。

丈夫八岁，肾气实，发长齿更；二八，肾气盛，天癸至，精气溢写，阴阳和，故能有子；三八，肾气平均，筋骨劲强，故真牙生而长极；",至,zhi4,die2 | zhi4,polyphone,01a0d5d5-3bb1-7105-bbe5-9b5c1a922c03,
上古天真论篇第一,01a0d5d5-3b2b-7013-acb2-e0120793b553,12,"，故形坏而无子也。

丈夫八岁，肾气实，发长齿更；二八，肾气盛，天癸至，精气溢写，阴阳和，故能有子；三八，肾气平均，筋骨劲强，故真牙生而长极；
四",精,jing1,jing1 | jing4 | qing2,polyphone,01a0d5d5-3bb1-7105-bbe5-9b5d5d24bfef,
上古天真论篇第一,01a0d5d5-3b2b-7013-acb2-e0120793b553,12,"故形坏而无子也。

丈夫八岁，肾气实，发长齿更；二八，肾气盛，天癸至，精气溢写，阴阳和，故能有子；三八，肾气平均，筋骨劲强，故真牙生而长极；
四八",气,qi4,qi3 | qi4,polyphone,01a0d5d5-3bb1-7105-bbe5-9b5e3bf2c61e,
上古天真论篇第一,01a0d5d5-3b2b-7013-acb2-e0120793b553,12,"也。

丈夫八岁，肾气实，发长齿更；二八，肾气盛，天癸至，精气溢写，阴阳和，故能有子；三八，肾气平均，筋骨劲强，故真牙生而长极；
四八，筋骨隆盛，",和,he2,he2 | he4 | hu2 | huo2 | huo4,polyphone,01a0d5d5-3bb1-7105-bbe5-9b60f38aace8,
上古天真论篇第一,01a0d5d5-3b2b-7013-acb2-e0120793b553,12,"
丈夫八岁，肾气实，发长齿更；二八，肾气盛，天癸至，精气溢写，阴阳和，故能有子；三八，肾气平均，筋骨劲强，故真牙生而长极；
四八，筋骨隆盛，肌肉满",能,neng2,nai2 | nai4 | neng2 | tai2 | xiong2,polyphone,01a0d5d5-3bb1-7105-bbe5-9b615cf45acf,
上古天真论篇第一,01a0d5d5-3b2b-7013-acb2-e0120793b553,12,"丈夫八岁，肾气实，发长齿更；二八，肾气盛，天癸至，精气溢写，阴阳和，故能有子；三八，肾气平均，筋骨劲强，故真牙生而长极；
四八，筋骨隆盛，肌肉满壮",有,you3,wei3 | you3 | you4,polyphone,01a0d5d5-3bb1-7105-bbe5-9b62d02164fa,
上古天真论篇第一,01a0d5d5-3b2b-7013-acb2-e0120793b553,12,"夫八岁，肾气实，发长齿更；二八，肾气盛，天癸至，精气溢写，阴阳和，故能有子；三八，肾气平均，筋骨劲强，故真牙生而长极；
四八，筋骨隆盛，肌肉满壮；",子,,zi3,rare_character,01a0d5d5-3bb1-7105-bbe5-9b63f394776f,
上古天真论篇第一,01a0d5d5-3b2b-7013-acb2-e013f6d2d4dd,13,"，肾气实，发长齿更；二八，肾气盛，天癸至，精气溢写，阴阳和，故能有子；三八，肾气平均，筋骨劲强，故真牙生而长极；
四八，筋骨隆盛，肌肉满壮；
五八",八,ba1,ba1 | ba2,polyphone,01a0d5d5-3bb4-77ba-80fc-1ab90e8db926,
上古天真论篇第一,01a0d5d5-3b2b-7013-acb2-e013f6d2d4dd,13,"实，发长齿更；二八，肾气盛，天癸至，精气溢写，阴阳和，故能有子；三八，肾气平均，筋骨劲强，故真牙生而长极；
四八，筋骨隆盛，肌肉满壮；
五八，肾气",气,qi4,qi3 | qi4,polyphone,01a0d5d5-3bb4-77ba-80fc-1aba7d394fb5,
上古天真论篇第一,01a0d5d5-3b2b-7013-acb2-e013f6d2d4dd,13,"，发长齿更；二八，肾气盛，天癸至，精气溢写，阴阳和，故能有子；三八，肾气平均，筋骨劲强，故真牙生而长极；
四八，筋骨隆盛，肌肉满壮；
五八，肾气衰",平,ping2,beng1 | bing4 | pian2 | ping2,polyphone,01a0d5d5-3bb4-77ba-80fc-1abba808954a,
上古天真论篇第一,01a0d5d5-3b2b-7013-acb2-e013f6d2d4dd,13,"发长齿更；二八，肾气盛，天癸至，精气溢写，阴阳和，故能有子；三八，肾气平均，筋骨劲强，故真牙生而长极；
四八，筋骨隆盛，肌肉满壮；
五八，肾气衰，",均,jun1,jun1 | yun4,polyphone,01a0d5d5-3bb4-77ba-80fc-1abc839e00c3,
上古天真论篇第一,01a0d5d5-3b2b-7013-acb2-e013f6d2d4dd,13,"齿更；二八，肾气盛，天癸至，精气溢写，阴阳和，故能有子；三八，肾气平均，筋骨劲强，故真牙生而长极；
四八，筋骨隆盛，肌肉满壮；
五八，肾气衰，发堕",筋,jin1,jin1 | qian2,polyphone,01a0d5d5-3bb4-77ba-80fc-1abdb9f3128d,
上古天真论篇第一,01a0d5d5-3b2b-7013-acb2-e013f6d2d4dd,13,"更；二八，肾气盛，天癸至，精气溢写，阴阳和，故能有子；三八，肾气平均，筋骨劲强，故真牙生而长极；
四八，筋骨隆盛，肌肉满壮；
五八，肾气衰，发堕齿",骨,gu3,gu1 | gu2 | gu3,polyphone,01a0d5d5-3bb4-77ba-80fc-1abe72c64278,
上古天真论篇第一,01a0d5d5-3b2b-7013-acb2-e013f6d2d4dd,13,"；二八，肾气盛，天癸至，精气溢写，阴阳和，故能有子；三八，肾气平均，筋骨劲强，故真牙生而长极；
四八，筋骨隆盛，肌肉满壮；
五八，肾气衰，发堕齿槁",劲,jin4,jin4 | jing4,polyphone,01a0d5d5-3bb4-77ba-80fc-1abfe8b6b427,
上古天真论篇第一,01a0d5d5-3b2b-7013-acb2-e013f6d2d4dd,13,"二八，肾气盛，天癸至，精气溢写，阴阳和，故能有子；三八，肾气平均，筋骨劲强，故真牙生而长极；
四八，筋骨隆盛，肌肉满壮；
五八，肾气衰，发堕齿槁；",强,qiang2,jiang4 | qiang2 | qiang3,polyphone,01a0d5d5-3bb4-77ba-80fc-1ac0768d3c00,
上古天真论篇第一,01a0d5d5-3b2b-7013-acb2-e013f6d2d4dd,13,"气盛，天癸至，精气溢写，阴阳和，故能有子；三八，肾气平均，筋骨劲强，故真牙生而长极；
四八，筋骨隆盛，肌肉满壮；
五八，肾气衰，发堕齿槁；
六八，",牙,ya2,ya2 | ya4,polyphone,01a0d5d5-3bb4-77ba-80fc-1ac190a54c30,
上古天真论篇第一,01a0d5d5-3b2b-7013-acb2-e013f6d2d4dd,13,"，天癸至，精气溢写，阴阳和，故能有子；三八，肾气平均，筋骨劲强，故真牙生而长极；
四八，筋骨隆盛，肌肉满壮；
五八，肾气衰，发堕齿槁；
六八，阳气",而,er2,er2 | neng2,polyphone,01a0d5d5-3bb4-77ba-80fc-1ac2475c3bd9,
上古天真论篇第一,01a0d5d5-3b2b-7013-acb2-e013f6d2d4dd,13,"天癸至，精气溢写，阴阳和，故能有子；三八，肾气平均，筋骨劲强，故真牙生而长极；
四八，筋骨隆盛，肌肉满壮；
五八，肾气衰，发堕齿槁；
六八，阳气衰",长,zhang3,chang2 | zhang3,polyphone,01a0d5d5-3bb4-77ba-80fc-1ac3ce9adfd9,
上古天真论篇第一,01a0d5d5-3b2b-7013-acb2-e013f6d2d4dd,13,"气溢写，阴阳和，故能有子；三八，肾气平均，筋骨劲强，故真牙生而长极；
四八，筋骨隆盛，肌肉满壮；
五八，肾气衰，发堕齿槁；
六八，阳气衰竭于上，面",八,ba1,ba1 | ba2,polyphone,01a0d5d5-3bb4-77ba-80fc-1ac442d3d79a,
上古天真论篇第一,01a0d5d5-3b2b-7013-acb2-e013f6d2d4dd,13,"写，阴阳和，故能有子；三八，肾气平均，筋骨劲强，故真牙生而长极；
四八，筋骨隆盛，肌肉满壮；
五八，肾气衰，发堕齿槁；
六八，阳气衰竭于上，面焦，",筋,jin1,jin1 | qian2,polyphone,01a0d5d5-3bb4-77ba-80fc-1ac58ca27525,
上古天真论篇第一,01a0d5d5-3b2b-7013-acb2-e013f6d2d4dd,13,"，阴阳和，故能有子；三八，肾气平均，筋骨劲强，故真牙生而长极；
四八，筋骨隆盛，肌肉满壮；
五八，肾气衰，发堕齿槁；
六八，阳气衰竭于上，面焦，发",骨,gu3,gu1 | gu2 | gu3,polyphone,01a0d5d5-3bb4-77ba-80fc-1ac6fd7e7b7b,
上古天真论篇第一,01a0d5d5-3b2b-7013-acb2-e013f6d2d4dd,13,"阴阳和，故能有子；三八，肾气平均，筋骨劲强，故真牙生而长极；
四八，筋骨隆盛，肌肉满壮；
五八，肾气衰，发堕齿槁；
六八，阳气衰竭于上，面焦，发鬓",隆,long2,long1 | long2,polyphone,01a0d5d5-3bb4-77ba-80fc-1ac7bc4dac68,
上古天真论篇第一,01a0d5d5-3b2b-7013-acb2-e013f6d2d4dd,13,"阳和，故能有子；三八，肾气平均，筋骨劲强，故真牙生而长极；
四八，筋骨隆盛，肌肉满壮；
五八，肾气衰，发堕齿槁；
六八，阳气衰竭于上，面焦，发鬓颁",盛,sheng4,cheng2 | sheng4,polyphone,01a0d5d5-3bb4-77ba-80fc-1ac848e0d94b,
上古天真论篇第一,01a0d5d5-3b2b-7013-acb2-e013f6d2d4dd,13,"，故能有子；三八，肾气平均，筋骨劲强，故真牙生而长极；
四八，筋骨隆盛，肌肉满壮；
五八，肾气衰，发堕齿槁；
六八，阳气衰竭于上，面焦，发鬓颁白；",肌,ji1,ji1 | ji4,polyphone,01a0d5d5-3bb4-77ba-80fc-1ac939220afc,
上古天真论篇第一,01a0d5d5-3b2b-7013-acb2-e013f6d2d4dd,13,"故能有子；三八，肾气平均，筋骨劲强，故真牙生而长极；
四八，筋骨隆盛，肌肉满壮；
五八，肾气衰，发堕齿槁；
六八，阳气衰竭于上，面焦，发鬓颁白；七",肉,rou4,rou4 | ru4,polyphone,01a0d5d5-3bb4-77ba-80fc-1aca289ef85e,
上古天真论篇第一,01a0d5d5-3b2b-7013-acb2-e013f6d2d4dd,13,"八，肾气平均，筋骨劲强，故真牙生而长极；
四八，筋骨隆盛，肌肉满壮；
五八，肾气衰，发堕齿槁；
六八，阳气衰竭于上，面焦，发鬓颁白；七八，肝气衰，",八,ba1,ba1 | ba2,polyphone,01a0d5d5-3bb4-77ba-80fc-1acbeefb2c27,
上古天真论篇第一,01a0d5d5-3b2b-7013-acb2-e013f6d2d4dd,13,"气平均，筋骨劲强，故真牙生而长极；
四八，筋骨隆盛，肌肉满壮；
五八，肾气衰，发堕齿槁；
六八，阳气衰竭于上，面焦，发鬓颁白；七八，肝气衰，筋不能",气,qi4,qi3 | qi4,polyphone,01a0d5d5-3bb4-77ba-80fc-1acc79a4ce0e,
上古天真论篇第一,01a0d5d5-3b2b-7013-acb2-e013f6d2d4dd,13,"平均，筋骨劲强，故真牙生而长极；
四八，筋骨隆盛，肌肉满壮；
五八，肾气衰，发堕齿槁；
六八，阳气衰竭于上，面焦，发鬓颁白；七八，肝气衰，筋不能动",衰,shuai1,cui1 | shuai1 | suo1,polyphone,01a0d5d5-3bb4-77ba-80fc-1acdc083abab,
上古天真论篇第一,01a0d5d5-3b2b-7013-acb2-e013f6d2d4dd,13,"，筋骨劲强，故真牙生而长极；
四八，筋骨隆盛，肌肉满壮；
五八，肾气衰，发堕齿槁；
六八，阳气衰竭于上，面焦，发鬓颁白；七八，肝气衰，筋不能动，天",发,fa1,fa1 | fa4,polyphone,01a0d5d5-3bb4-77ba-80fc-1ace513de263,
上古天真论篇第一,01a0d5d5-3b2b-7013-acb2-e013f6d2d4dd,13,"筋骨劲强，故真牙生而长极；
四八，筋骨隆盛，肌肉满壮；
五八，肾气衰，发堕齿槁；
六八，阳气衰竭于上，面焦，发鬓颁白；七八，肝气衰，筋不能动，天癸",堕,duo4,duo4 | hui1,polyphone,01a0d5d5-3bb4-77ba-80fc-1acf70d8564c,
上古天真论篇第一,01a0d5d5-3b2b-7013-acb2-e013f6d2d4dd,13,"劲强，故真牙生而长极；
四八，筋骨隆盛，肌肉满壮；
五八，肾气衰，发堕齿槁；
六八，阳气衰竭于上，面焦，发鬓颁白；七八，肝气衰，筋不能动，天癸竭，",槁,gao3,gao1 | gao3 | kao4,polyphone,01a0d5d5-3bb4-77ba-80fc-1ad015f899aa,
上古天真论篇第一,01a0d5d5-3b2b-7013-acb2-e013f6d2d4dd,13,"故真牙生而长极；
四八，筋骨隆盛，肌肉满壮；
五八，肾气衰，发堕齿槁；
六八，阳气衰竭于上，面焦，发鬓颁白；七八，肝气衰，筋不能动，天癸竭，精少，",六,liu4,liu4 | lu4,polyphone,01a0d5d5-3bb4-77ba-80fc-1ad16223f9d1,
上古天真论篇第一,01a0d5d5-3b2b-7013-acb2-e013f6d2d4dd,13,"真牙生而长极；
四八，筋骨隆盛，肌肉满壮；
五八，肾气衰，发堕齿槁；
六八，阳气衰竭于上，面焦，发鬓颁白；七八，肝气衰，筋不能动，天癸竭，精少，肾",八,ba1,ba1 | ba2,polyphone,01a0d5d5-3bb4-77ba-80fc-1ad2650c75ea,
上古天真论篇第一,01a0d5d5-3b2b-7013-acb2-e013f6d2d4dd,13,"而长极；
四八，筋骨隆盛，肌肉满壮；
五八，肾气衰，发堕齿槁；
六八，阳气衰竭于上，面焦，发鬓颁白；七八，肝气衰，筋不能动，天癸竭，精少，肾藏衰，",气,qi4,qi3 | qi4,polyphone,01a0d5d5-3bb4-77ba-80fc-1ad36142caea,
上古天真论篇第一,01a0d5d5-3b2b-7013-acb2-e013f6d2d4dd,13,"长极；
四八，筋骨隆盛，肌肉满壮；
五八，肾气衰，发堕齿槁；
六八，阳气衰竭于上，面焦，发鬓颁白；七八，肝气衰，筋不能动，天癸竭，精少，肾藏衰，形",衰,shuai1,cui1 | shuai1 | suo1,polyphone,01a0d5d5-3bb4-77ba-80fc-1ad420cfa7be,
上古天真论篇第一,01a0d5d5-3b2b-7013-acb2-e013f6d2d4dd,13,"；
四八，筋骨隆盛，肌肉满壮；
五八，肾气衰，发堕齿槁；
六八，阳气衰竭于上，面焦，发鬓颁白；七八，肝气衰，筋不能动，天癸竭，精少，肾藏衰，形体皆",于,yu2,wei2 | xu1 | yu1 | yu2,polyphone,01a0d5d5-3bb4-77ba-80fc-1ad5ff9468d5,
上古天真论篇第一,01a0d5d5-3b2b-7013-acb2-e013f6d2d4dd,13,"
四八，筋骨隆盛，肌肉满壮；
五八，肾气衰，发堕齿槁；
六八，阳气衰竭于上，面焦，发鬓颁白；七八，肝气衰，筋不能动，天癸竭，精少，肾藏衰，形体皆极",上,shang4,shang3 | shang4,polyphone,01a0d5d5-3bb4-77ba-80fc-1ad6cde9bb18,
上古天真论篇第一,01a0d5d5-3b2b-7013-acb2-e013f6d2d4dd,13,"，筋骨隆盛，肌肉满壮；
五八，肾气衰，发堕齿槁；
六八，阳气衰竭于上，面焦，发鬓颁白；七八，肝气衰，筋不能动，天癸竭，精少，肾藏衰，形体皆极；
八",焦,jiao1,jiao1 | qiao2,polyphone,01a0d5d5-3bb4-77ba-80fc-1ad774f5da57,
上古天真论篇第一,01a0d5d5-3b2b-7013-acb2-e013f6d2d4dd,13,"骨隆盛，肌肉满壮；
五八，肾气衰，发堕齿槁；
六八，阳气衰竭于上，面焦，发鬓颁白；七八，肝气衰，筋不能动，天癸竭，精少，肾藏衰，形体皆极；
八八，",发,fa1,fa1 | fa4,polyphone,01a0d5d5-3bb4-77ba-80fc-1ad83fe41e8e,
上古天真论篇第一,01a0d5d5-3b2b-7013-acb2-e013f6d2d4dd,13,"，肌肉满壮；
五八，肾气衰，发堕齿槁；
六八，阳气衰竭于上，面焦，发鬓颁白；七八，肝气衰，筋不能动，天癸竭，精少，肾藏衰，形体皆极；
八八，则齿发",白,bai2,bai2 | bo2,polyphone,01a0d5d5-3bb4-77ba-80fc-1ad9ef17fb6b,
上古天真论篇第一,01a0d5d5-3b2b-7013-acb2-e014e6b1830b,14,"肉满壮；
五八，肾气衰，发堕齿槁；
六八，阳气衰竭于上，面焦，发鬓颁白；七八，肝气衰，筋不能动，天癸竭，精少，肾藏衰，形体皆极；
八八，则齿发去。",七,qi1,qi1 | qi2,polyphone,01a0d5d5-3bb6-709e-9cf4-44d856447782,
上古天真论篇第一,01a0d5d5-3b2b-7013-acb2-e014e6b1830b,14,"满壮；
五八，肾气衰，发堕齿槁；
六八，阳气衰竭于上，面焦，发鬓颁白；七八，肝气衰，筋不能动，天癸竭，精少，肾藏衰，形体皆极；
八八，则齿发去。肾",八,ba1,ba1 | ba2,polyphone,01a0d5d5-3bb6-709e-9cf4-44d99d86e289,
上古天真论篇第一,01a0d5d5-3b2b-7013-acb2-e014e6b1830b,14,"
五八，肾气衰，发堕齿槁；
六八，阳气衰竭于上，面焦，发鬓颁白；七八，肝气衰，筋不能动，天癸竭，精少，肾藏衰，形体皆极；
八八，则齿发去。肾者主水",气,qi4,qi3 | qi4,polyphone,01a0d5d5-3bb6-709e-9cf4-44dae1b63203,
上古天真论篇第一,01a0d5d5-3b2b-7013-acb2-e014e6b1830b,14,"五八，肾气衰，发堕齿槁；
六八，阳气衰竭于上，面焦，发鬓颁白；七八，肝气衰，筋不能动，天癸竭，精少，肾藏衰，形体皆极；
八八，则齿发去。肾者主水，",衰,shuai1,cui1 | shuai1 | suo1,polyphone,01a0d5d5-3bb6-709e-9cf4-44dbfecb3aa4,
上古天真论篇第一,01a0d5d5-3b2b-7013-acb2-e014e6b1830b,14,"，肾气衰，发堕齿槁；
六八，阳气衰竭于上，面焦，发鬓颁白；七八，肝气衰，筋不能动，天癸竭，精少，肾藏衰，形体皆极；
八八，则齿发去。肾者主水，受五",筋,jin1,jin1 | qian2,polyphone,01a0d5d5-3bb7-7387-a21f-7f9be4d8578d,
上古天真论篇第一,01a0d5d5-3b2b-7013-acb2-e014e6b1830b,14,"肾气衰，发堕齿槁；
六八，阳气衰竭于上，面焦，发鬓颁白；七八，肝气衰，筋不能动，天癸竭，精少，肾藏衰，形体皆极；
八八，则齿发去。肾者主水，受五藏",不,bu4,bu2 | bu4 | fou1 | fou3 | fu1,polyphone,01a0d5d5-3bb7-7387-a21f-7f9c3ea3b72c,
上古天真论篇第一,01a0d5d5-3b2b-7013-acb2-e014e6b1830b,14,"气衰，发堕齿槁；
六八，阳气衰竭于上，面焦，发鬓颁白；七八，肝气衰，筋不能动，天癸竭，精少，肾藏衰，形体皆极；
八八，则齿发去。肾者主水，受五藏六",能,neng2,nai2 | nai4 | neng2 | tai2 | xiong2,polyphone,01a0d5d5-3bb7-7387-a21f-7f9dba8815a9,
上古天真论篇第一,01a0d5d5-3b2b-7013-acb2-e014e6b1830b,14,"；
六八，阳气衰竭于上，面焦，发鬓颁白；七八，肝气衰，筋不能动，天癸竭，精少，肾藏衰，形体皆极；
八八，则齿发去。肾者主水，受五藏六府之精而藏之，",精,jing1,jing1 | jing4 | qing2,polyphone,01a0d5d5-3bb7-7387-a21f-7f9e331522b1,
上古天真论篇第一,01a0d5d5-3b2b-7013-acb2-e014e6b1830b,14,"
六八，阳气衰竭于上，面焦，发鬓颁白；七八，肝气衰，筋不能动，天癸竭，精少，肾藏衰，形体皆极；
八八，则齿发去。肾者主水，受五藏六府之精而藏之，故",少,shao3,shao3 | shao4,polyphone,01a0d5d5-3bb7-7387-a21f-7f9f9fa67b65,
上古天真论篇第一,01a0d5d5-3b2b-7013-acb2-e014e6b1830b,14,"阳气衰竭于上，面焦，发鬓颁白；七八，肝气衰，筋不能动，天癸竭，精少，肾藏衰，形体皆极；
八八，则齿发去。肾者主水，受五藏六府之精而藏之，故五藏盛乃",衰,shuai1,cui1 | shuai1 | suo1,polyphone,01a0d5d5-3bb7-7387-a21f-7fa1e33b9e01,
上古天真论篇第一,01a0d5d5-3b2b-7013-acb2-e014e6b1830b,14,"竭于上，面焦，发鬓颁白；七八，肝气衰，筋不能动，天癸竭，精少，肾藏衰，形体皆极；
八八，则齿发去。肾者主水，受五藏六府之精而藏之，故五藏盛乃能写。",体,ti3,ben4 | cui4 | ti1 | ti3,polyphone,01a0d5d5-3bb7-7387-a21f-7fa2da2e44f5,
上古天真论篇第一,01a0d5d5-3b2b-7013-acb2-e014e6b1830b,14,"焦，发鬓颁白；七八，肝气衰，筋不能动，天癸竭，精少，肾藏衰，形体皆极；
八八，则齿发去。肾者主水，受五藏六府之精而藏之，故五藏盛乃能写。今五藏皆衰",八,ba1,ba1 | ba2,polyphone,01a0d5d5-3bb7-7387-a21f-7fa305cf1b7d,
上古天真论篇第一,01a0d5d5-3b2b-7013-acb2-e014e6b1830b,14,"，发鬓颁白；七八，肝气衰，筋不能动，天癸竭，精少，肾藏衰，形体皆极；
八八，则齿发去。肾者主水，受五藏六府之精而藏之，故五藏盛乃能写。今五藏皆衰，",八,ba1,ba1 | ba2,polyphone,01a0d5d5-3bb7-7387-a21f-7fa4a63e5271,
上古天真论篇第一,01a0d5d5-3b2b-7013-acb2-e014e6b1830b,14,"白；七八，肝气衰，筋不能动，天癸竭，精少，肾藏衰，形体皆极；
八八，则齿发去。肾者主水，受五藏六府之精而藏之，故五藏盛乃能写。今五藏皆衰，筋骨懈惰",发,fa1,fa1 | fa4,polyphone,01a0d5d5-3bb7-7387-a21f-7fa59fda37c2,
上古天真论篇第一,01a0d5d5-3b2b-7013-acb2-e014e6b1830b,14,"；七八，肝气衰，筋不能动，天癸竭，精少，肾藏衰，形体皆极；
八八，则齿发去。肾者主水，受五藏六府之精而藏之，故五藏盛乃能写。今五藏皆衰，筋骨懈惰，",去,qu4,qu1 | qu4,polyphone,01a0d5d5-3bb7-7387-a21f-7fa680e8510f,
上古天真论篇第一,01a0d5d5-3b2b-7013-acb2-e01546735668,15,"肝气衰，筋不能动，天癸竭，精少，肾藏衰，形体皆极；
八八，则齿发去。肾者主水，受五藏六府之精而藏之，故五藏盛乃能写。今五藏皆衰，筋骨懈惰，天癸尽矣",主,zhu3,zhu3 | zhu4,polyphone,01a0d5d5-3bba-72e1-bfb1-e4e3cafac92d,
上古天真论篇第一,01a0d5d5-3b2b-7013-acb2-e01546735668,15,"，筋不能动，天癸竭，精少，肾藏衰，形体皆极；
八八，则齿发去。肾者主水，受五藏六府之精而藏之，故五藏盛乃能写。今五藏皆衰，筋骨懈惰，天癸尽矣。故发",受,shou4,dao4 | shou4,polyphone,01a0d5d5-3bba-72e1-bfb1-e4e4d073205a,
上古天真论篇第一,01a0d5d5-3b2b-7013-acb2-e01546735668,15,"能动，天癸竭，精少，肾藏衰，形体皆极；
八八，则齿发去。肾者主水，受五藏六府之精而藏之，故五藏盛乃能写。今五藏皆衰，筋骨懈惰，天癸尽矣。故发鬓白，",六,liu4,liu4 | lu4,polyphone,01a0d5d5-3bba-72e1-bfb1-e4e64dac2d8a,
上古天真论篇第一,01a0d5d5-3b2b-7013-acb2-e01546735668,15,"，天癸竭，精少，肾藏衰，形体皆极；
八八，则齿发去。肾者主水，受五藏六府之精而藏之，故五藏盛乃能写。今五藏皆衰，筋骨懈惰，天癸尽矣。故发鬓白，身体",之,zhi1,zhi1 | zhi4 | zhu1,polyphone,01a0d5d5-3bba-72e1-bfb1-e4e700b248d3,
上古天真论篇第一,01a0d5d5-3b2b-7013-acb2-e01546735668,15,"天癸竭，精少，肾藏衰，形体皆极；
八八，则齿发去。肾者主水，受五藏六府之精而藏之，故五藏盛乃能写。今五藏皆衰，筋骨懈惰，天癸尽矣。故发鬓白，身体重",精,jing1,jing1 | jing4 | qing2,polyphone,01a0d5d5-3bba-72e1-bfb1-e4e87fcbdb4d,
上古天真论篇第一,01a0d5d5-3b2b-7013-acb2-e01546735668,15,"癸竭，精少，肾藏衰，形体皆极；
八八，则齿发去。肾者主水，受五藏六府之精而藏之，故五藏盛乃能写。今五藏皆衰，筋骨懈惰，天癸尽矣。故发鬓白，身体重，",而,er2,er2 | neng2,polyphone,01a0d5d5-3bba-72e1-bfb1-e4e995982167,
上古天真论篇第一,01a0d5d5-3b2b-7013-acb2-e01546735668,15,"竭，精少，肾藏衰，形体皆极；
八八，则齿发去。肾者主水，受五藏六府之精而藏之，故五藏盛乃能写。今五藏皆衰，筋骨懈惰，天癸尽矣。故发鬓白，身体重，行",藏,cang2,cang2 | zang1 | zang4,polyphone,01a0d5d5-3bba-72e1-bfb1-e4ea0e75f2fb,
上古天真论篇第一,01a0d5d5-3b2b-7013-acb2-e01546735668,15,"，精少，肾藏衰，形体皆极；
八八，则齿发去。肾者主水，受五藏六府之精而藏之，故五藏盛乃能写。今五藏皆衰，筋骨懈惰，天癸尽矣。故发鬓白，身体重，行步",之,zhi1,zhi1 | zhi4 | zhu1,polyphone,01a0d5d5-3bba-72e1-bfb1-e4eb04eebe57,
上古天真论篇第一,01a0d5d5-3b2b-7013-acb2-e01546735668,15,"藏衰，形体皆极；
八八，则齿发去。肾者主水，受五藏六府之精而藏之，故五藏盛乃能写。今五藏皆衰，筋骨懈惰，天癸尽矣。故发鬓白，身体重，行步不正，而无",盛,sheng4,cheng2 | sheng4,polyphone,01a0d5d5-3bba-72e1-bfb1-e4edbffcd80b,
上古天真论篇第一,01a0d5d5-3b2b-7013-acb2-e01546735668,15,"衰，形体皆极；
八八，则齿发去。肾者主水，受五藏六府之精而藏之，故五藏盛乃能写。今五藏皆衰，筋骨懈惰，天癸尽矣。故发鬓白，身体重，行步不正，而无子",乃,nai3,ai3 | nai3,polyphone,01a0d5d5-3bba-72e1-bfb1-e4eea7cf9eda,
上古天真论篇第一,01a0d5d5-3b2b-7013-acb2-e01546735668,15,"，形体皆极；
八八，则齿发去。肾者主水，受五藏六府之精而藏之，故五藏盛乃能写。今五藏皆衰，筋骨懈惰，天癸尽矣。故发鬓白，身体重，行步不正，而无子耳",能,neng2,nai2 | nai4 | neng2 | tai2 | xiong2,polyphone,01a0d5d5-3bba-72e1-bfb1-e4ef381871c2,
上古天真论篇第一,01a0d5d5-3b2b-7013-acb2-e01546735668,15,"形体皆极；
八八，则齿发去。肾者主水，受五藏六府之精而藏之，故五藏盛乃能写。今五藏皆衰，筋骨懈惰，天癸尽矣。故发鬓白，身体重，行步不正，而无子耳。",写,xie3,xie3 | xie4,polyphone,01a0d5d5-3bba-72e1-bfb1-e4f002625168,
上古天真论篇第一,01a0d5d5-3b2b-7013-acb2-e01546735668,15,"八八，则齿发去。肾者主水，受五藏六府之精而藏之，故五藏盛乃能写。今五藏皆衰，筋骨懈惰，天癸尽矣。故发鬓白，身体重，行步不正，而无子耳。”

帝曰：",衰,shuai1,cui1 | shuai1 | suo1,polyphone,01a0d5d5-3bba-72e1-bfb1-e4f2c930eb25,
上古天真论篇第一,01a0d5d5-3b2b-7013-acb2-e01546735668,15,"，则齿发去。肾者主水，受五藏六府之精而藏之，故五藏盛乃能写。今五藏皆衰，筋骨懈惰，天癸尽矣。故发鬓白，身体重，行步不正，而无子耳。”

帝曰：“有",筋,jin1,jin1 | qian2,polyphone,01a0d5d5-3bba-72e1-bfb1-e4f36f753c09,
上古天真论篇第一,01a0d5d5-3b2b-7013-acb2-e01546735668,15,"则齿发去。肾者主水，受五藏六府之精而藏之，故五藏盛乃能写。今五藏皆衰，筋骨懈惰，天癸尽矣。故发鬓白，身体重，行步不正，而无子耳。”

帝曰：“有其",骨,gu3,gu1 | gu2 | gu3,polyphone,01a0d5d5-3bba-72e1-bfb1-e4f462b65cba,
上古天真论篇第一,01a0d5d5-3b2b-7013-acb2-e01546735668,15,"发去。肾者主水，受五藏六府之精而藏之，故五藏盛乃能写。今五藏皆衰，筋骨懈惰，天癸尽矣。故发鬓白，身体重，行步不正，而无子耳。”

帝曰：“有其年已",惰,duo4,duo4 | tuo2,polyphone,01a0d5d5-3bba-72e1-bfb1-e4f5a5f57c7a,
上古天真论篇第一,01a0d5d5-3b2b-7013-acb2-e01546735668,15,"者主水，受五藏六府之精而藏之，故五藏盛乃能写。今五藏皆衰，筋骨懈惰，天癸尽矣。故发鬓白，身体重，行步不正，而无子耳。”

帝曰：“有其年已老而有子",尽,jin3,jin3 | jin4,polyphone,01a0d5d5-3bba-72e1-bfb1-e4f61bef33c4,
上古天真论篇第一,01a0d5d5-3b2b-7013-acb2-e01546735668,15,"主水，受五藏六府之精而藏之，故五藏盛乃能写。今五藏皆衰，筋骨懈惰，天癸尽矣。故发鬓白，身体重，行步不正，而无子耳。”

帝曰：“有其年已老而有子者",矣,yi3,xian2 | yi3,polyphone,01a0d5d5-3bba-72e1-bfb1-e4f75673762d,
上古天真论篇第一,01a0d5d5-3b2b-7013-acb2-e01546735668,15,"受五藏六府之精而藏之，故五藏盛乃能写。今五藏皆衰，筋骨懈惰，天癸尽矣。故发鬓白，身体重，行步不正，而无子耳。”

帝曰：“有其年已老而有子者，何也",发,fa1,fa1 | fa4,polyphone,01a0d5d5-3bba-72e1-bfb1-e4f83bb37bab,
上古天真论篇第一,01a0d5d5-3b2b-7013-acb2-e01546735668,15,"藏六府之精而藏之，故五藏盛乃能写。今五藏皆衰，筋骨懈惰，天癸尽矣。故发鬓白，身体重，行步不正，而无子耳。”

帝曰：“有其年已老而有子者，何也？”",白,bai2,bai2 | bo2,polyphone,01a0d5d5-3bba-72e1-bfb1-e4f9415c0ed0,
上古天真论篇第一,01a0d5d5-3b2b-7013-acb2-e01546735668,15,"府之精而藏之，故五藏盛乃能写。今五藏皆衰，筋骨懈惰，天癸尽矣。故发鬓白，身体重，行步不正，而无子耳。”

帝曰：“有其年已老而有子者，何也？”

",身,shen1,juan1 | shen1,polyphone,01a0d5d5-3bba-72e1-bfb1-e4fa8d6627c2,
上古天真论篇第一,01a0d5d5-3b2b-7013-acb2-e01546735668,15,"之精而藏之，故五藏盛乃能写。今五藏皆衰，筋骨懈惰，天癸尽矣。故发鬓白，身体重，行步不正，而无子耳。”

帝曰：“有其年已老而有子者，何也？”

岐",体,ti3,ben4 | cui4 | ti1 | ti3,polyphone,01a0d5d5-3bba-72e1-bfb1-e4fba9793629,
上古天真论篇第一,01a0d5d5-3b2b-7013-acb2-e01546735668,15,"精而藏之，故五藏盛乃能写。今五藏皆衰，筋骨懈惰，天癸尽矣。故发鬓白，身体重，行步不正，而无子耳。”

帝曰：“有其年已老而有子者，何也？”

岐伯",重,zhong4,chong2 | tong2 | zhong4,polyphone,01a0d5d5-3bba-72e1-bfb1-e4fc510ac51b,
上古天真论篇第一,01a0d5d5-3b2b-7013-acb2-e01546735668,15,"藏之，故五藏盛乃能写。今五藏皆衰，筋骨懈惰，天癸尽矣。故发鬓白，身体重，行步不正，而无子耳。”

帝曰：“有其年已老而有子者，何也？”

岐伯曰：",行,xing2,hang2 | hang4 | heng2 | xing2 | xing4,polyphone,01a0d5d5-3bba-72e1-bfb1-e4fd55495ca8,
上古天真论篇第一,01a0d5d5-3b2b-7013-acb2-e01546735668,15,"，故五藏盛乃能写。今五藏皆衰，筋骨懈惰，天癸尽矣。故发鬓白，身体重，行步不正，而无子耳。”

帝曰：“有其年已老而有子者，何也？”

岐伯曰：“此",不,bu4,bu2 | bu4 | fou1 | fou3 | fu1,polyphone,01a0d5d5-3bba-72e1-bfb1-e4fe6ac9b8d5,
上古天真论篇第一,01a0d5d5-3b2b-7013-acb2-e01546735668,15,"故五藏盛乃能写。今五藏皆衰，筋骨懈惰，天癸尽矣。故发鬓白，身体重，行步不正，而无子耳。”

帝曰：“有其年已老而有子者，何也？”

岐伯曰：“此其",正,zheng4,zheng1 | zheng4,polyphone,01a0d5d5-3bba-72e1-bfb1-e4ff090a829a,
上古天真论篇第一,01a0d5d5-3b2b-7013-acb2-e01546735668,15,"藏盛乃能写。今五藏皆衰，筋骨懈惰，天癸尽矣。故发鬓白，身体重，行步不正，而无子耳。”

帝曰：“有其年已老而有子者，何也？”

岐伯曰：“此其天寿",而,er2,er2 | neng2,polyphone,01a0d5d5-3bba-72e1-bfb1-e500ddcb61f8,
上古天真论篇第一,01a0d5d5-3b2b-7013-acb2-e01546735668,15,"盛乃能写。今五藏皆衰，筋骨懈惰，天癸尽矣。故发鬓白，身体重，行步不正，而无子耳。”

帝曰：“有其年已老而有子者，何也？”

岐伯曰：“此其天寿过",无,wu2,mo2 | wu2,polyphone,01a0d5d5-3bba-72e1-bfb1-e501dde002f6,
上古天真论篇第一,01a0d5d5-3b2b-7013-acb2-e01546735668,15,"乃能写。今五藏皆衰，筋骨懈惰，天癸尽矣。故发鬓白，身体重，行步不正，而无子耳。”

帝曰：“有其年已老而有子者，何也？”

岐伯曰：“此其天寿过度",子,,zi3,rare_character,01a0d5d5-3bba-72e1-bfb1-e5027134d04a,
上古天真论篇第一,01a0d5d5-3b2b-7013-acb2-e01546735668,15,"能写。今五藏皆衰，筋骨懈惰，天癸尽矣。故发鬓白，身体重，行步不正，而无子耳。”

帝曰：“有其年已老而有子者，何也？”

岐伯曰：“此其天寿过度，",耳,er3,er3 | reng2,polyphone,01a0d5d5-3bba-72e1-bfb1-e5036377fefc,
上古天真论篇第一,01a0d5d5-3b2b-7013-acb2-e01546735668,15,"筋骨懈惰，天癸尽矣。故发鬓白，身体重，行步不正，而无子耳。”

帝曰：“有其年已老而有子者，何也？”

岐伯曰：“此其天寿过度，气脉常通，而肾气有",有,you3,wei3 | you3 | you4,polyphone,01a0d5d5-3bba-72e1-bfb1-e504f0b6efd5,
上古天真论篇第一,01a0d5d5-3b2b-7013-acb2-e01546735668,15,"骨懈惰，天癸尽矣。故发鬓白，身体重，行步不正，而无子耳。”

帝曰：“有其年已老而有子者，何也？”

岐伯曰：“此其天寿过度，气脉常通，而肾气有馀",其,qi2,ji1 | ji4 | qi2,polyphone,01a0d5d5-3bba-72e1-bfb1-e5050f3e9376,
上古天真论篇第一,01a0d5d5-3b2b-7013-acb2-e01546735668,15,"懈惰，天癸尽矣。故发鬓白，身体重，行步不正，而无子耳。”

帝曰：“有其年已老而有子者，何也？”

岐伯曰：“此其天寿过度，气脉常通，而肾气有馀也",年,nian2,nian2 | ning4,polyphone,01a0d5d5-3bba-72e1-bfb1-e506d93682ae,
上古天真论篇第一,01a0d5d5-3b2b-7013-acb2-e01546735668,15,"惰，天癸尽矣。故发鬓白，身体重，行步不正，而无子耳。”

帝曰：“有其年已老而有子者，何也？”

岐伯曰：“此其天寿过度，气脉常通，而肾气有馀也。",已,yi3,si4 | yi3,polyphone,01a0d5d5-3bba-72e1-bfb1-e507295381ee,
上古天真论篇第一,01a0d5d5-3b2b-7013-acb2-e01546735668,15,"天癸尽矣。故发鬓白，身体重，行步不正，而无子耳。”

帝曰：“有其年已老而有子者，何也？”

岐伯曰：“此其天寿过度，气脉常通，而肾气有馀也。此虽",而,er2,er2 | neng2,polyphone,01a0d5d5-3bba-72e1-bfb1-e508b2ada0f6,
上古天真论篇第一,01a0d5d5-3b2b-7013-acb2-e01546735668,15,"癸尽矣。故发鬓白，身体重，行步不正，而无子耳。”

帝曰：“有其年已老而有子者，何也？”

岐伯曰：“此其天寿过度，气脉常通，而肾气有馀也。此虽有",有,you3,wei3 | you3 | you4,polyphone,01a0d5d5-3bba-72e1-bfb1-e5098c101ba9,
上古天真论篇第一,01a0d5d5-3b2b-7013-acb2-e01546735668,15,"尽矣。故发鬓白，身体重，行步不正，而无子耳。”

帝曰：“有其年已老而有子者，何也？”

岐伯曰：“此其天寿过度，气脉常通，而肾气有馀也。此虽有子",子,,zi3,rare_character,01a0d5d5-3bba-72e1-bfb1-e50a847d2f27,
上古天真论篇第一,01a0d5d5-3b2b-7013-acb2-e01546735668,15,"故发鬓白，身体重，行步不正，而无子耳。”

帝曰：“有其年已老而有子者，何也？”

岐伯曰：“此其天寿过度，气脉常通，而肾气有馀也。此虽有子，男不",何,he2,he2 | he4,polyphone,01a0d5d5-3bba-72e1-bfb1-e50b2a3e49ce,
上古天真论篇第一,01a0d5d5-3b2b-7013-acb2-e01546735668,15,"发鬓白，身体重，行步不正，而无子耳。”

帝曰：“有其年已老而有子者，何也？”

岐伯曰：“此其天寿过度，气脉常通，而肾气有馀也。此虽有子，男不过",也,ye3,ye3 | yi2,polyphone,01a0d5d5-3bba-72e1-bfb1-e50ccc2da006,
上古天真论篇第一,01a0d5d5-3b2b-7013-acb2-e016e3d04d36,16,"重，行步不正，而无子耳。”

帝曰：“有其年已老而有子者，何也？”

岐伯曰：“此其天寿过度，气脉常通，而肾气有馀也。此虽有子，男不过尽八八，女不",伯,bo2,ba4 | bai3 | bo2 | mo4,polyphone,01a0d5d5-3bbd-73b3-8dc9-c701eca71b1a,
上古天真论篇第一,01a0d5d5-3b2b-7013-acb2-e016e3d04d36,16,"正，而无子耳。”

帝曰：“有其年已老而有子者，何也？”

岐伯曰：“此其天寿过度，气脉常通，而肾气有馀也。此虽有子，男不过尽八八，女不过尽七七，",其,qi2,ji1 | ji4 | qi2,polyphone,01a0d5d5-3bbd-73b3-8dc9-c702637362f0,
上古天真论篇第一,01a0d5d5-3b2b-7013-acb2-e016e3d04d36,16,"无子耳。”

帝曰：“有其年已老而有子者，何也？”

岐伯曰：“此其天寿过度，气脉常通，而肾气有馀也。此虽有子，男不过尽八八，女不过尽七七，而天地",过,guo4,guo1 | guo4,polyphone,01a0d5d5-3bbd-73b3-8dc9-c70398a84223,
上古天真论篇第一,01a0d5d5-3b2b-7013-acb2-e016e3d04d36,16,"子耳。”

帝曰：“有其年已老而有子者，何也？”

岐伯曰：“此其天寿过度，气脉常通，而肾气有馀也。此虽有子，男不过尽八八，女不过尽七七，而天地之",度,du4,du4 | duo2 | zhai2,polyphone,01a0d5d5-3bbd-73b3-8dc9-c7041c651fd9,
上古天真论篇第一,01a0d5d5-3b2b-7013-acb2-e016e3d04d36,16,"。”

帝曰：“有其年已老而有子者，何也？”

岐伯曰：“此其天寿过度，气脉常通，而肾气有馀也。此虽有子，男不过尽八八，女不过尽七七，而天地之精气",气,qi4,qi3 | qi4,polyphone,01a0d5d5-3bbd-73b3-8dc9-c705e38c366e,
上古天真论篇第一,01a0d5d5-3b2b-7013-acb2-e016e3d04d36,16,"”

帝曰：“有其年已老而有子者，何也？”

岐伯曰：“此其天寿过度，气脉常通，而肾气有馀也。此虽有子，男不过尽八八，女不过尽七七，而天地之精气皆",脉,mai4,mai4 | mo4,polyphone,01a0d5d5-3bbd-73b3-8dc9-c70658edd1c1,
上古天真论篇第一,01a0d5d5-3b2b-7013-acb2-e016e3d04d36,16,"
帝曰：“有其年已老而有子者，何也？”

岐伯曰：“此其天寿过度，气脉常通，而肾气有馀也。此虽有子，男不过尽八八，女不过尽七七，而天地之精气皆竭矣",通,tong1,tong1 | tong4,polyphone,01a0d5d5-3bbd-73b3-8dc9-c7076072dfba,
上古天真论篇第一,01a0d5d5-3b2b-7013-acb2-e016e3d04d36,16,"曰：“有其年已老而有子者，何也？”

岐伯曰：“此其天寿过度，气脉常通，而肾气有馀也。此虽有子，男不过尽八八，女不过尽七七，而天地之精气皆竭矣。”",而,er2,er2 | neng2,polyphone,01a0d5d5-3bbd-73b3-8dc9-c70825fff546,
上古天真论篇第一,01a0d5d5-3b2b-7013-acb2-e016e3d04d36,16,"“有其年已老而有子者，何也？”

岐伯曰：“此其天寿过度，气脉常通，而肾气有馀也。此虽有子，男不过尽八八，女不过尽七七，而天地之精气皆竭矣。”

",气,qi4,qi3 | qi4,polyphone,01a0d5d5-3bbd-73b3-8dc9-c70992065928,
上古天真论篇第一,01a0d5d5-3b2b-7013-acb2-e016e3d04d36,16,"有其年已老而有子者，何也？”

岐伯曰：“此其天寿过度，气脉常通，而肾气有馀也。此虽有子，男不过尽八八，女不过尽七七，而天地之精气皆竭矣。”

帝",有,you3,wei3 | you3 | you4,polyphone,01a0d5d5-3bbd-73b3-8dc9-c70abfe19f57,
上古天真论篇第一,01a0d5d5-3b2b-7013-acb2-e016e3d04d36,16,"年已老而有子者，何也？”

岐伯曰：“此其天寿过度，气脉常通，而肾气有馀也。此虽有子，男不过尽八八，女不过尽七七，而天地之精气皆竭矣。”

帝曰：",也,ye3,ye3 | yi2,polyphone,01a0d5d5-3bbd-73b3-8dc9-c70bf589d84a,
上古天真论篇第一,01a0d5d5-3b2b-7013-acb2-e017f6a4c2f4,17,"有子者，何也？”

岐伯曰：“此其天寿过度，气脉常通，而肾气有馀也。此虽有子，男不过尽八八，女不过尽七七，而天地之精气皆竭矣。”

帝曰：“夫道者",有,you3,wei3 | you3 | you4,polyphone,01a0d5d5-3bbf-7090-8497-e21198d5b209,
上古天真论篇第一,01a0d5d5-3b2b-7013-acb2-e017f6a4c2f4,17,"子者，何也？”

岐伯曰：“此其天寿过度，气脉常通，而肾气有馀也。此虽有子，男不过尽八八，女不过尽七七，而天地之精气皆竭矣。”

帝曰：“夫道者年",子,,zi3,rare_character,01a0d5d5-3bbf-7090-8497-e212a64746d2,
上古天真论篇第一,01a0d5d5-3b2b-7013-acb2-e017f6a4c2f4,17,"何也？”

岐伯曰：“此其天寿过度，气脉常通，而肾气有馀也。此虽有子，男不过尽八八，女不过尽七七，而天地之精气皆竭矣。”

帝曰：“夫道者年皆百数",不,bu4,bu2 | bu4 | fou1 | fou3 | fu1,polyphone,01a0d5d5-3bbf-7090-8497-e21373aaa0a7,
上古天真论篇第一,01a0d5d5-3b2b-7013-acb2-e017f6a4c2f4,17,"也？”

岐伯曰：“此其天寿过度，气脉常通，而肾气有馀也。此虽有子，男不过尽八八，女不过尽七七，而天地之精气皆竭矣。”

帝曰：“夫道者年皆百数，",过,guo4,guo1 | guo4,polyphone,01a0d5d5-3bbf-7090-8497-e214b6ec8360,
上古天真论篇第一,01a0d5d5-3b2b-7013-acb2-e017f6a4c2f4,17,"？”

岐伯曰：“此其天寿过度，气脉常通，而肾气有馀也。此虽有子，男不过尽八八，女不过尽七七，而天地之精气皆竭矣。”

帝曰：“夫道者年皆百数，能",尽,jin3,jin3 | jin4,polyphone,01a0d5d5-3bbf-7090-8497-e215d18cf06a,
上古天真论篇第一,01a0d5d5-3b2b-7013-acb2-e017f6a4c2f4,17,"”

岐伯曰：“此其天寿过度，气脉常通，而肾气有馀也。此虽有子，男不过尽八八，女不过尽七七，而天地之精气皆竭矣。”

帝曰：“夫道者年皆百数，能有",八,ba1,ba1 | ba2,polyphone,01a0d5d5-3bbf-7090-8497-e21607b9b240,
上古天真论篇第一,01a0d5d5-3b2b-7013-acb2-e017f6a4c2f4,17,"

岐伯曰：“此其天寿过度，气脉常通，而肾气有馀也。此虽有子，男不过尽八八，女不过尽七七，而天地之精气皆竭矣。”

帝曰：“夫道者年皆百数，能有子",八,ba1,ba1 | ba2,polyphone,01a0d5d5-3bbf-7090-8497-e21765c619f9,
上古天真论篇第一,01a0d5d5-3b2b-7013-acb2-e017f6a4c2f4,17,"岐伯曰：“此其天寿过度，气脉常通，而肾气有馀也。此虽有子，男不过尽八八，女不过尽七七，而天地之精气皆竭矣。”

帝曰：“夫道者年皆百数，能有子乎？",女,nv3,nv3 | nv4 | ru3,polyphone,01a0d5d5-3bbf-7090-8497-e218c60af960,
上古天真论篇第一,01a0d5d5-3b2b-7013-acb2-e017f6a4c2f4,17,"伯曰：“此其天寿过度，气脉常通，而肾气有馀也。此虽有子，男不过尽八八，女不过尽七七，而天地之精气皆竭矣。”

帝曰：“夫道者年皆百数，能有子乎？”",不,bu4,bu2 | bu4 | fou1 | fou3 | fu1,polyphone,01a0d5d5-3bbf-7090-8497-e219ef978301,
上古天真论篇第一,01a0d5d5-3b2b-7013-acb2-e017f6a4c2f4,17,"曰：“此其天寿过度，气脉常通，而肾气有馀也。此虽有子，男不过尽八八，女不过尽七七，而天地之精气皆竭矣。”

帝曰：“夫道者年皆百数，能有子乎？”岐",过,guo4,guo1 | guo4,polyphone,01a0d5d5-3bbf-7090-8497-e21a666845bd,
上古天真论篇第一,01a0d5d5-3b2b-7013-acb2-e017f6a4c2f4,17,"：“此其天寿过度，气脉常通，而肾气有馀也。此虽有子，男不过尽八八，女不过尽七七，而天地之精气皆竭矣。”

帝曰：“夫道者年皆百数，能有子乎？”岐伯",尽,jin3,jin3 | jin4,polyphone,01a0d5d5-3bbf-7090-8497-e21b968bcacc,
上古天真论篇第一,01a0d5d5-3b2b-7013-acb2-e017f6a4c2f4,17,"“此其天寿过度，气脉常通，而肾气有馀也。此虽有子，男不过尽八八，女不过尽七七，而天地之精气皆竭矣。”

帝曰：“夫道者年皆百数，能有子乎？”岐伯曰",七,qi1,qi1 | qi2,polyphone,01a0d5d5-3bbf-7090-8497-e21c7255cff7,
上古天真论篇第一,01a0d5d5-3b2b-7013-acb2-e017f6a4c2f4,17,"此其天寿过度，气脉常通，而肾气有馀也。此虽有子，男不过尽八八，女不过尽七七，而天地之精气皆竭矣。”

帝曰：“夫道者年皆百数，能有子乎？”岐伯曰：",七,qi1,qi1 | qi2,polyphone,01a0d5d5-3bbf-7090-8497-e21df0f07c0e,
上古天真论篇第一,01a0d5d5-3b2b-7013-acb2-e017f6a4c2f4,17,"天寿过度，气脉常通，而肾气有馀也。此虽有子，男不过尽八八，女不过尽七七，而天地之精气皆竭矣。”

帝曰：“夫道者年皆百数，能有子乎？”岐伯曰：“夫",而,er2,er2 | neng2,polyphone,01a0d5d5-3bbf-7090-8497-e21ed2610b5b,
上古天真论篇第一,01a0d5d5-3b2b-7013-acb2-e017f6a4c2f4,17,"度，气脉常通，而肾气有馀也。此虽有子，男不过尽八八，女不过尽七七，而天地之精气皆竭矣。”

帝曰：“夫道者年皆百数，能有子乎？”岐伯曰：“夫道者能",之,zhi1,zhi1 | zhi4 | zhu1,polyphone,01a0d5d5-3bbf-7090-8497-e21f07c026e6,
上古天真论篇第一,01a0d5d5-3b2b-7013-acb2-e017f6a4c2f4,17,"，气脉常通，而肾气有馀也。此虽有子，男不过尽八八，女不过尽七七，而天地之精气皆竭矣。”

帝曰：“夫道者年皆百数，能有子乎？”岐伯曰：“夫道者能却",精,jing1,jing1 | jing4 | qing2,polyphone,01a0d5d5-3bbf-7090-8497-e220820dd3dd,
上古天真论篇第一,01a0d5d5-3b2b-7013-acb2-e017f6a4c2f4,17,"气脉常通，而肾气有馀也。此虽有子，男不过尽八八，女不过尽七七，而天地之精气皆竭矣。”

帝曰：“夫道者年皆百数，能有子乎？”岐伯曰：“夫道者能却老",气,qi4,qi3 | qi4,polyphone,01a0d5d5-3bbf-7090-8497-e221e07ef82c,
上古天真论篇第一,01a0d5d5-3b2b-7013-acb2-e017f6a4c2f4,17,"通，而肾气有馀也。此虽有子，男不过尽八八，女不过尽七七，而天地之精气皆竭矣。”

帝曰：“夫道者年皆百数，能有子乎？”岐伯曰：“夫道者能却老而全形",矣,yi3,xian2 | yi3,polyphone,01a0d5d5-3bbf-7090-8497-e22231b0dfa6,
上古天真论篇第一,01a0d5d5-3b2b-7013-acb2-e017f6a4c2f4,17,"此虽有子，男不过尽八八，女不过尽七七，而天地之精气皆竭矣。”

帝曰：“夫道者年皆百数，能有子乎？”岐伯曰：“夫道者能却老而全形，身年虽寿，能生子",夫,fu1,fu1 | fu2,polyphone,01a0d5d5-3bbf-7090-8497-e223263c6033,
上古天真论篇第一,01a0d5d5-3b2b-7013-acb2-e017f6a4c2f4,17,"虽有子，男不过尽八八，女不过尽七七，而天地之精气皆竭矣。”

帝曰：“夫道者年皆百数，能有子乎？”岐伯曰：“夫道者能却老而全形，身年虽寿，能生子也",道,dao4,dao3 | dao4,polyphone,01a0d5d5-3bbf-7090-8497-e224a717c5e6,
上古天真论篇第一,01a0d5d5-3b2b-7013-acb2-e017f6a4c2f4,17,"子，男不过尽八八，女不过尽七七，而天地之精气皆竭矣。”

帝曰：“夫道者年皆百数，能有子乎？”岐伯曰：“夫道者能却老而全形，身年虽寿，能生子也。”",年,nian2,nian2 | ning4,polyphone,01a0d5d5-3bbf-7090-8497-e225fa37b209,
上古天真论篇第一,01a0d5d5-3b2b-7013-acb2-e017f6a4c2f4,17,"男不过尽八八，女不过尽七七，而天地之精气皆竭矣。”

帝曰：“夫道者年皆百数，能有子乎？”岐伯曰：“夫道者能却老而全形，身年虽寿，能生子也。”黄帝",百,bai3,bai3 | bo2 | mo4,polyphone,01a0d5d5-3bbf-7090-8497-e2265a9d9d29,
上古天真论篇第一,01a0d5d5-3b2b-7013-acb2-e017f6a4c2f4,17,"不过尽八八，女不过尽七七，而天地之精气皆竭矣。”

帝曰：“夫道者年皆百数，能有子乎？”岐伯曰：“夫道者能却老而全形，身年虽寿，能生子也。”黄帝曰",数,shu4,shu3 | shu4 | shuo4,polyphone,01a0d5d5-3bbf-7090-8497-e227ac30e812,
上古天真论篇第一,01a0d5d5-3b2b-7013-acb2-e017f6a4c2f4,17,"尽八八，女不过尽七七，而天地之精气皆竭矣。”

帝曰：“夫道者年皆百数，能有子乎？”岐伯曰：“夫道者能却老而全形，身年虽寿，能生子也。”黄帝曰：“",能,neng2,nai2 | nai4 | neng2 | tai2 | xiong2,polyphone,01a0d5d5-3bbf-7090-8497-e228b4aee876,
上古天真论篇第一,01a0d5d5-3b2b-7013-acb2-e017f6a4c2f4,17,"八八，女不过尽七七，而天地之精气皆竭矣。”

帝曰：“夫道者年皆百数，能有子乎？”岐伯曰：“夫道者能却老而全形，身年虽寿，能生子也。”黄帝曰：“余",有,you3,wei3 | you3 | you4,polyphone,01a0d5d5-3bbf-7090-8497-e229061fa44e,
上古天真论篇第一,01a0d5d5-3b2b-7013-acb2-e017f6a4c2f4,17,"八，女不过尽七七，而天地之精气皆竭矣。”

帝曰：“夫道者年皆百数，能有子乎？”岐伯曰：“夫道者能却老而全形，身年虽寿，能生子也。”黄帝曰：“余闻",子,,zi3,rare_character,01a0d5d5-3bbf-7090-8497-e22ae9202194,
上古天真论篇第一,01a0d5d5-3b2b-7013-acb2-e0188d42ca33,18,"尽七七，而天地之精气皆竭矣。”

帝曰：“夫道者年皆百数，能有子乎？”岐伯曰：“夫道者能却老而全形，身年虽寿，能生子也。”黄帝曰：“余闻上古有真人",伯,bo2,ba4 | bai3 | bo2 | mo4,polyphone,01a0d5d5-3bc1-750e-b478-af4d63a807da,
上古天真论篇第一,01a0d5d5-3b2b-7013-acb2-e0188d42ca33,18,"而天地之精气皆竭矣。”

帝曰：“夫道者年皆百数，能有子乎？”岐伯曰：“夫道者能却老而全形，身年虽寿，能生子也。”黄帝曰：“余闻上古有真人者，提挈",夫,fu1,fu1 | fu2,polyphone,01a0d5d5-3bc1-750e-b478-af4e9720dd32,
上古天真论篇第一,01a0d5d5-3b2b-7013-acb2-e0188d42ca33,18,"天地之精气皆竭矣。”

帝曰：“夫道者年皆百数，能有子乎？”岐伯曰：“夫道者能却老而全形，身年虽寿，能生子也。”黄帝曰：“余闻上古有真人者，提挈天",道,dao4,dao3 | dao4,polyphone,01a0d5d5-3bc1-750e-b478-af4ff4adea76,
上古天真论篇第一,01a0d5d5-3b2b-7013-acb2-e0188d42ca33,18,"之精气皆竭矣。”

帝曰：“夫道者年皆百数，能有子乎？”岐伯曰：“夫道者能却老而全形，身年虽寿，能生子也。”黄帝曰：“余闻上古有真人者，提挈天地，",能,neng2,nai2 | nai4 | neng2 | tai2 | xiong2,polyphone,01a0d5d5-3bc1-750e-b478-af504b3aa481,
上古天真论篇第一,01a0d5d5-3b2b-7013-acb2-e0188d42ca33,18,"皆竭矣。”

帝曰：“夫道者年皆百数，能有子乎？”岐伯曰：“夫道者能却老而全形，身年虽寿，能生子也。”黄帝曰：“余闻上古有真人者，提挈天地，把握阴",而,er2,er2 | neng2,polyphone,01a0d5d5-3bc1-750e-b478-af51c00daa3e,
上古天真论篇第一,01a0d5d5-3b2b-7013-acb2-e0188d42ca33,18,"”

帝曰：“夫道者年皆百数，能有子乎？”岐伯曰：“夫道者能却老而全形，身年虽寿，能生子也。”黄帝曰：“余闻上古有真人者，提挈天地，把握阴阳，呼吸",身,shen1,juan1 | shen1,polyphone,01a0d5d5-3bc1-750e-b478-af52d579d013,
上古天真论篇第一,01a0d5d5-3b2b-7013-acb2-e0188d42ca33,18,"

帝曰：“夫道者年皆百数，能有子乎？”岐伯曰：“夫道者能却老而全形，身年虽寿，能生子也。”黄帝曰：“余闻上古有真人者，提挈天地，把握阴阳，呼吸精",年,nian2,nian2 | ning4,polyphone,01a0d5d5-3bc1-750e-b478-af53f760a829,
上古天真论篇第一,01a0d5d5-3b2b-7013-acb2-e0188d42ca33,18,：“夫道者年皆百数，能有子乎？”岐伯曰：“夫道者能却老而全形，身年虽寿，能生子也。”黄帝曰：“余闻上古有真人者，提挈天地，把握阴阳，呼吸精气，独立,能,neng2,nai2 | nai4 | neng2 | tai2 | xiong2,polyphone,01a0d5d5-3bc1-750e-b478-af54ebbe3ace,
上古天真论篇第一,01a0d5d5-3b2b-7013-acb2-e0188d42ca33,18,夫道者年皆百数，能有子乎？”岐伯曰：“夫道者能却老而全形，身年虽寿，能生子也。”黄帝曰：“余闻上古有真人者，提挈天地，把握阴阳，呼吸精气，独立守神,子,,zi3,rare_character,01a0d5d5-3bc1-750e-b478-af5566896cc2,
上古天真论篇第一,01a0d5d5-3b2b-7013-acb2-e0188d42ca33,18,道者年皆百数，能有子乎？”岐伯曰：“夫道者能却老而全形，身年虽寿，能生子也。”黄帝曰：“余闻上古有真人者，提挈天地，把握阴阳，呼吸精气，独立守神，,也,ye3,ye3 | yi2,polyphone,01a0d5d5-3bc1-750e-b478-af56c75ba669,
上古天真论篇第一,01a0d5d5-3b2b-7013-acb2-e019e1af99f8,19,有子乎？”岐伯曰：“夫道者能却老而全形，身年虽寿，能生子也。”黄帝曰：“余闻上古有真人者，提挈天地，把握阴阳，呼吸精气，独立守神，肌肉若一，故能寿,余,yu2,tu2 | xu2 | yu2 | yu4,polyphone,01a0d5d5-3bc3-74d6-9515-49e4fb910df8,
上古天真论篇第一,01a0d5d5-3b2b-7013-acb2-e019e1af99f8,19,乎？”岐伯曰：“夫道者能却老而全形，身年虽寿，能生子也。”黄帝曰：“余闻上古有真人者，提挈天地，把握阴阳，呼吸精气，独立守神，肌肉若一，故能寿敝天,上,shang4,shang3 | shang4,polyphone,01a0d5d5-3bc3-74d6-9515-49e5171e72f8,
上古天真论篇第一,01a0d5d5-3b2b-7013-acb2-e019e1af99f8,19,？”岐伯曰：“夫道者能却老而全形，身年虽寿，能生子也。”黄帝曰：“余闻上古有真人者，提挈天地，把握阴阳，呼吸精气，独立守神，肌肉若一，故能寿敝天地,古,gu3,gu3 | gu4 | ku1,polyphone,01a0d5d5-3bc4-72b8-96dc-f9c4c817b7e4,
上古天真论篇第一,01a0d5d5-3b2b-7013-acb2-e019e1af99f8,19,”岐伯曰：“夫道者能却老而全形，身年虽寿，能生子也。”黄帝曰：“余闻上古有真人者，提挈天地，把握阴阳，呼吸精气，独立守神，肌肉若一，故能寿敝天地，,有,you3,wei3 | you3 | you4,polyphone,01a0d5d5-3bc4-72b8-96dc-f9c56403977a,
上古天真论篇第一,01a0d5d5-3b2b-7013-acb2-e019e1af99f8,19,却老而全形，身年虽寿，能生子也。”黄帝曰：“余闻上古有真人者，提挈天地，把握阴阳，呼吸精气，独立守神，肌肉若一，故能寿敝天地，无有终时，此其道生。,把,ba3,ba3 | ba4 | pa2,polyphone,01a0d5d5-3bc4-72b8-96dc-f9c85cdcc072,
上古天真论篇第一,01a0d5d5-3b2b-7013-acb2-e019e1af99f8,19,老而全形，身年虽寿，能生子也。”黄帝曰：“余闻上古有真人者，提挈天地，把握阴阳，呼吸精气，独立守神，肌肉若一，故能寿敝天地，无有终时，此其道生。中,握,wo4,ou4 | wo4,polyphone,01a0d5d5-3bc4-72b8-96dc-f9c95e88a96f,
上古天真论篇第一,01a0d5d5-3b2b-7013-acb2-e019e1af99f8,19,，身年虽寿，能生子也。”黄帝曰：“余闻上古有真人者，提挈天地，把握阴阳，呼吸精气，独立守神，肌肉若一，故能寿敝天地，无有终时，此其道生。中古之时，,呼,hu1,he4 | hu1 | xia4 | xiao1 | xu1,polyphone,01a0d5d5-3bc4-72b8-96dc-f9caf28ab5de,
上古天真论篇第一,01a0d5d5-3b2b-7013-acb2-e019e1af99f8,19,年虽寿，能生子也。”黄帝曰：“余闻上古有真人者，提挈天地，把握阴阳，呼吸精气，独立守神，肌肉若一，故能寿敝天地，无有终时，此其道生。中古之时，有至,精,jing1,jing1 | jing4 | qing2,polyphone,01a0d5d5-3bc4-72b8-96dc-f9cbb4f7b0e4,
上古天真论篇第一,01a0d5d5-3b2b-7013-acb2-e019e1af99f8,19,虽寿，能生子也。”黄帝曰：“余闻上古有真人者，提挈天地，把握阴阳，呼吸精气，独立守神，肌肉若一，故能寿敝天地，无有终时，此其道生。中古之时，有至人,气,qi4,qi3 | qi4,polyphone,01a0d5d5-3bc4-72b8-96dc-f9cc24bc84f3,
上古天真论篇第一,01a0d5d5-3b2b-7013-acb2-e019e1af99f8,19,能生子也。”黄帝曰：“余闻上古有真人者，提挈天地，把握阴阳，呼吸精气，独立守神，肌肉若一，故能寿敝天地，无有终时，此其道生。中古之时，有至人者，淳,立,li4,li4 | wei4,polyphone,01a0d5d5-3bc4-72b8-96dc-f9cd5380dee4,
上古天真论篇第一,01a0d5d5-3b2b-7013-acb2-e019e1af99f8,19,生子也。”黄帝曰：“余闻上古有真人者，提挈天地，把握阴阳，呼吸精气，独立守神，肌肉若一，故能寿敝天地，无有终时，此其道生。中古之时，有至人者，淳德,守,shou3,shou3 | shou4,polyphone,01a0d5d5-3bc4-72b8-96dc-f9ce5c6a803d,
上古天真论篇第一,01a0d5d5-3b2b-7013-acb2-e019e1af99f8,19,子也。”黄帝曰：“余闻上古有真人者，提挈天地，把握阴阳，呼吸精气，独立守神，肌肉若一，故能寿敝天地，无有终时，此其道生。中古之时，有至人者，淳德全,神,shen2,shen1 | shen2,polyphone,01a0d5d5-3bc4-72b8-96dc-f9cf3d048d2f,
上古天真论篇第一,01a0d5d5-3b2b-7013-acb2-e019e1af99f8,19,。”黄帝曰：“余闻上古有真人者，提挈天地，把握阴阳，呼吸精气，独立守神，肌肉若一，故能寿敝天地，无有终时，此其道生。中古之时，有至人者，淳德全道，,肌,ji1,ji1 | ji4,polyphone,01a0d5d5-3bc4-72b8-96dc-f9d0bac4fb52,
上古天真论篇第一,01a0d5d5-3b2b-7013-acb2-e019e1af99f8,19,”黄帝曰：“余闻上古有真人者，提挈天地，把握阴阳，呼吸精气，独立守神，肌肉若一，故能寿敝天地，无有终时，此其道生。中古之时，有至人者，淳德全道，和,肉,rou4,rou4 | ru4,polyphone,01a0d5d5-3bc4-72b8-96dc-f9d1ee595f9c,
上古天真论篇第一,01a0d5d5-3b2b-7013-acb2-e019e1af99f8,19,黄帝曰：“余闻上古有真人者，提挈天地，把握阴阳，呼吸精气，独立守神，肌肉若一，故能寿敝天地，无有终时，此其道生。中古之时，有至人者，淳德全道，和于,若,ruo4,re2 | re3 | re4 | ruo4,polyphone,01a0d5d5-3bc4-72b8-96dc-f9d2a98de535,
上古天真论篇第一,01a0d5d5-3b2b-7013-acb2-e019e1af99f8,19,帝曰：“余闻上古有真人者，提挈天地，把握阴阳，呼吸精气，独立守神，肌肉若一，故能寿敝天地，无有终时，此其道生。中古之时，有至人者，淳德全道，和于阴,一,yi1,yi1 | yi2 | yi4,polyphone,01a0d5d5-3bc4-72b8-96dc-f9d3c75229d0,
上古天真论篇第一,01a0d5d5-3b2b-7013-acb2-e019e1af99f8,19,“余闻上古有真人者，提挈天地，把握阴阳，呼吸精气，独立守神，肌肉若一，故能寿敝天地，无有终时，此其道生。中古之时，有至人者，淳德全道，和于阴阳，调,能,neng2,nai2 | nai4 | neng2 | tai2 | xiong2,polyphone,01a0d5d5-3bc4-72b8-96dc-f9d49e7f7cff,
上古天真论篇第一,01a0d5d5-3b2b-7013-acb2-e019e1af99f8,19,真人者，提挈天地，把握阴阳，呼吸精气，独立守神，肌肉若一，故能寿敝天地，无有终时，此其道生。中古之时，有至人者，淳德全道，和于阴阳，调于四时，去世,无,wu2,mo2 | wu2,polyphone,01a0d5d5-3bc4-72b8-96dc-f9d523c89802,
上古天真论篇第一,01a0d5d5-3b2b-7013-acb2-e019e1af99f8,19,人者，提挈天地，把握阴阳，呼吸精气，独立守神，肌肉若一，故能寿敝天地，无有终时，此其道生。中古之时，有至人者，淳德全道，和于阴阳，调于四时，去世离,有,you3,wei3 | you3 | you4,polyphone,01a0d5d5-3bc4-72b8-96dc-f9d6046cd269,
上古天真论篇第一,01a0d5d5-3b2b-7013-acb2-e019e1af99f8,19,天地，把握阴阳，呼吸精气，独立守神，肌肉若一，故能寿敝天地，无有终时，此其道生。中古之时，有至人者，淳德全道，和于阴阳，调于四时，去世离俗，积精全,其,qi2,ji1 | ji4 | qi2,polyphone,01a0d5d5-3bc4-72b8-96dc-f9d7e5c68270,
上古天真论篇第一,01a0d5d5-3b2b-7013-acb2-e019e1af99f8,19,地，把握阴阳，呼吸精气，独立守神，肌肉若一，故能寿敝天地，无有终时，此其道生。中古之时，有至人者，淳德全道，和于阴阳，调于四时，去世离俗，积精全神,道,dao4,dao3 | dao4,polyphone,01a0d5d5-3bc4-72b8-96dc-f9d844a406e8,
上古天真论篇第一,01a0d5d5-3b2b-7013-acb2-e01a5344a0f3,20,握阴阳，呼吸精气，独立守神，肌肉若一，故能寿敝天地，无有终时，此其道生。中古之时，有至人者，淳德全道，和于阴阳，调于四时，去世离俗，积精全神，游行,中,zhong1,zhong1 | zhong4,polyphone,01a0d5d5-3bc7-7794-a18a-de165a2e1358,
上古天真论篇第一,01a0d5d5-3b2b-7013-acb2-e01a5344a0f3,20,阴阳，呼吸精气，独立守神，肌肉若一，故能寿敝天地，无有终时，此其道生。中古之时，有至人者，淳德全道，和于阴阳，调于四时，去世离俗，积精全神，游行天,古,gu3,gu3 | gu4 | ku1,polyphone,01a0d5d5-3bc7-7794-a18a-de171e45e8d8,
上古天真论篇第一,01a0d5d5-3b2b-7013-acb2-e01a5344a0f3,20,阳，呼吸精气，独立守神，肌肉若一，故能寿敝天地，无有终时，此其道生。中古之时，有至人者，淳德全道，和于阴阳，调于四时，去世离俗，积精全神，游行天地,之,zhi1,zhi1 | zhi4 | zhu1,polyphone,01a0d5d5-3bc7-7794-a18a-de188c550bfc,
上古天真论篇第一,01a0d5d5-3b2b-7013-acb2-e01a5344a0f3,20,吸精气，独立守神，肌肉若一，故能寿敝天地，无有终时，此其道生。中古之时，有至人者，淳德全道，和于阴阳，调于四时，去世离俗，积精全神，游行天地之间，,有,you3,wei3 | you3 | you4,polyphone,01a0d5d5-3bc7-7794-a18a-de19035bb17b,
上古天真论篇第一,01a0d5d5-3b2b-7013-acb2-e01a5344a0f3,20,精气，独立守神，肌肉若一，故能寿敝天地，无有终时，此其道生。中古之时，有至人者，淳德全道，和于阴阳，调于四时，去世离俗，积精全神，游行天地之间，视,至,zhi4,die2 | zhi4,polyphone,01a0d5d5-3bc7-7794-a18a-de1a9bdfeea2,
上古天真论篇第一,01a0d5d5-3b2b-7013-acb2-e01a5344a0f3,20,立守神，肌肉若一，故能寿敝天地，无有终时，此其道生。中古之时，有至人者，淳德全道，和于阴阳，调于四时，去世离俗，积精全神，游行天地之间，视听八达之,淳,chun2,chun2 | zhun1 | zhun3,polyphone,01a0d5d5-3bc7-7794-a18a-de1bc843bb0d,
上古天真论篇第一,01a0d5d5-3b2b-7013-acb2-e01a5344a0f3,20,，肌肉若一，故能寿敝天地，无有终时，此其道生。中古之时，有至人者，淳德全道，和于阴阳，调于四时，去世离俗，积精全神，游行天地之间，视听八达之外，此,道,dao4,dao3 | dao4,polyphone,01a0d5d5-3bc7-7794-a18a-de1cf93a0774,
上古天真论篇第一,01a0d5d5-3b2b-7013-acb2-e01a5344a0f3,20,肉若一，故能寿敝天地，无有终时，此其道生。中古之时，有至人者，淳德全道，和于阴阳，调于四时，去世离俗，积精全神，游行天地之间，视听八达之外，此盖益,和,he2,he2 | he4 | hu2 | huo2 | huo4,polyphone,01a0d5d5-3bc7-7794-a18a-de1da62c3e36,
上古天真论篇第一,01a0d5d5-3b2b-7013-acb2-e01a5344a0f3,20,若一，故能寿敝天地，无有终时，此其道生。中古之时，有至人者，淳德全道，和于阴阳，调于四时，去世离俗，积精全神，游行天地之间，视听八达之外，此盖益其,于,yu2,wei2 | xu1 | yu1 | yu2,polyphone,01a0d5d5-3bc7-7794-a18a-de1ecf845e42,
上古天真论篇第一,01a0d5d5-3b2b-7013-acb2-e01a5344a0f3,20,能寿敝天地，无有终时，此其道生。中古之时，有至人者，淳德全道，和于阴阳，调于四时，去世离俗，积精全神，游行天地之间，视听八达之外，此盖益其寿命而强,调,diao4,diao4 | tiao2,polyphone,01a0d5d5-3bc7-7794-a18a-de1f2ea10201,
上古天真论篇第一,01a0d5d5-3b2b-7013-acb2-e01a5344a0f3,20,寿敝天地，无有终时，此其道生。中古之时，有至人者，淳德全道，和于阴阳，调于四时，去世离俗，积精全神，游行天地之间，视听八达之外，此盖益其寿命而强者,于,yu2,wei2 | xu1 | yu1 | yu2,polyphone,01a0d5d5-3bc7-7794-a18a-de20cdd92d2c,
上古天真论篇第一,01a0d5d5-3b2b-7013-acb2-e01a5344a0f3,20,，无有终时，此其道生。中古之时，有至人者，淳德全道，和于阴阳，调于四时，去世离俗，积精全神，游行天地之间，视听八达之外，此盖益其寿命而强者也，亦归,去,qu4,qu1 | qu4,polyphone,01a0d5d5-3bc7-7794-a18a-de2127bc27b8,
上古天真论篇第一,01a0d5d5-3b2b-7013-acb2-e01a5344a0f3,20,有终时，此其道生。中古之时，有至人者，淳德全道，和于阴阳，调于四时，去世离俗，积精全神，游行天地之间，视听八达之外，此盖益其寿命而强者也，亦归于真,离,li2,chi1 | li2,polyphone,01a0d5d5-3bc7-7794-a18a-de22015f807c,
上古天真论篇第一,01a0d5d5-3b2b-7013-acb2-e01a5344a0f3,20,，此其道生。中古之时，有至人者，淳德全道，和于阴阳，调于四时，去世离俗，积精全神，游行天地之间，视听八达之外，此盖益其寿命而强者也，亦归于真人。其,积,ji1,ji1 | zhi3,polyphone,01a0d5d5-3bc7-7794-a18a-de23ff42799b,
上古天真论篇第一,01a0d5d5-3b2b-7013-acb2-e01a5344a0f3,20,此其道生。中古之时，有至人者，淳德全道，和于阴阳，调于四时，去世离俗，积精全神，游行天地之间，视听八达之外，此盖益其寿命而强者也，亦归于真人。其次,精,jing1,jing1 | jing4 | qing2,polyphone,01a0d5d5-3bc7-7794-a18a-de24bb43a93b,
上古天真论篇第一,01a0d5d5-3b2b-7013-acb2-e01a5344a0f3,20,道生。中古之时，有至人者，淳德全道，和于阴阳，调于四时，去世离俗，积精全神，游行天地之间，视听八达之外，此盖益其寿命而强者也，亦归于真人。其次有圣,神,shen2,shen1 | shen2,polyphone,01a0d5d5-3bc7-7794-a18a-de2577e2f33f,
上古天真论篇第一,01a0d5d5-3b2b-7013-acb2-e01a5344a0f3,20,。中古之时，有至人者，淳德全道，和于阴阳，调于四时，去世离俗，积精全神，游行天地之间，视听八达之外，此盖益其寿命而强者也，亦归于真人。其次有圣人者,游,you2,liu2 | you2,polyphone,01a0d5d5-3bc7-7794-a18a-de26011de8a2,
上古天真论篇第一,01a0d5d5-3b2b-7013-acb2-e01a5344a0f3,20,中古之时，有至人者，淳德全道，和于阴阳，调于四时，去世离俗，积精全神，游行天地之间，视听八达之外，此盖益其寿命而强者也，亦归于真人。其次有圣人者，,行,xing2,hang2 | hang4 | heng2 | xing2 | xing4,polyphone,01a0d5d5-3bc7-7794-a18a-de27744fda4c,
上古天真论篇第一,01a0d5d5-3b2b-7013-acb2-e01a5344a0f3,20,时，有至人者，淳德全道，和于阴阳，调于四时，去世离俗，积精全神，游行天地之间，视听八达之外，此盖益其寿命而强者也，亦归于真人。其次有圣人者，处天地,之,zhi1,zhi1 | zhi4 | zhu1,polyphone,01a0d5d5-3bc7-7794-a18a-de28aaf9d19e,
上古天真论篇第一,01a0d5d5-3b2b-7013-acb2-e01a5344a0f3,20,，有至人者，淳德全道，和于阴阳，调于四时，去世离俗，积精全神，游行天地之间，视听八达之外，此盖益其寿命而强者也，亦归于真人。其次有圣人者，处天地之,间,jian1,jian1 | jian4,polyphone,01a0d5d5-3bc7-7794-a18a-de29c9c8e620,
上古天真论篇第一,01a0d5d5-3b2b-7013-acb2-e01a5344a0f3,20,人者，淳德全道，和于阴阳，调于四时，去世离俗，积精全神，游行天地之间，视听八达之外，此盖益其寿命而强者也，亦归于真人。其次有圣人者，处天地之和，从,听,ting1,ting1 | yi2 | yin3,polyphone,01a0d5d5-3bc7-7794-a18a-de2a92ae136e,
上古天真论篇第一,01a0d5d5-3b2b-7013-acb2-e01a5344a0f3,20,者，淳德全道，和于阴阳，调于四时，去世离俗，积精全神，游行天地之间，视听八达之外，此盖益其寿命而强者也，亦归于真人。其次有圣人者，处天地之和，从八,八,ba1,ba1 | ba2,polyphone,01a0d5d5-3bc7-7794-a18a-de2bb6d0ce48,
上古天真论篇第一,01a0d5d5-3b2b-7013-acb2-e01a5344a0f3,20,，淳德全道，和于阴阳，调于四时，去世离俗，积精全神，游行天地之间，视听八达之外，此盖益其寿命而强者也，亦归于真人。其次有圣人者，处天地之和，从八风,达,da2,da2 | ta4 | ti4,polyphone,01a0d5d5-3bc7-7794-a18a-de2cc3b81ddf,
上古天真论篇第一,01a0d5d5-3b2b-7013-acb2-e01a5344a0f3,20,淳德全道，和于阴阳，调于四时，去世离俗，积精全神，游行天地之间，视听八达之外，此盖益其寿命而强者也，亦归于真人。其次有圣人者，处天地之和，从八风之,之,zhi1,zhi1 | zhi4 | zhu1,polyphone,01a0d5d5-3bc7-7794-a18a-de2dfe57f8a8,
上古天真论篇第一,01a0d5d5-3b2b-7013-acb2-e01a5344a0f3,20,，和于阴阳，调于四时，去世离俗，积精全神，游行天地之间，视听八达之外，此盖益其寿命而强者也，亦归于真人。其次有圣人者，处天地之和，从八风之理，适嗜,盖,gai4,gai4 | ge3,polyphone,01a0d5d5-3bc7-7794-a18a-de2ee66bf5b1,
上古天真论篇第一,01a0d5d5-3b2b-7013-acb2-e01a5344a0f3,20,于阴阳，调于四时，去世离俗，积精全神，游行天地之间，视听八达之外，此盖益其寿命而强者也，亦归于真人。其次有圣人者，处天地之和，从八风之理，适嗜欲于,其,qi2,ji1 | ji4 | qi2,polyphone,01a0d5d5-3bc7-7794-a18a-de2f1ddca710,
上古天真论篇第一,01a0d5d5-3b2b-7013-acb2-e01a5344a0f3,20,，调于四时，去世离俗，积精全神，游行天地之间，视听八达之外，此盖益其寿命而强者也，亦归于真人。其次有圣人者，处天地之和，从八风之理，适嗜欲于世俗之,而,er2,er2 | neng2,polyphone,01a0d5d5-3bc7-7794-a18a-de301dc927ef,
上古天真论篇第一,01a0d5d5-3b2b-7013-acb2-e01a5344a0f3,20,调于四时，去世离俗，积精全神，游行天地之间，视听八达之外，此盖益其寿命而强者也，亦归于真人。其次有圣人者，处天地之和，从八风之理，适嗜欲于世俗之间,强,qiang2,jiang4 | qiang2 | qiang3,polyphone,01a0d5d5-3bc7-7794-a18a-de317a104e9c,
上古天真论篇第一,01a0d5d5-3b2b-7013-acb2-e01a5344a0f3,20,四时，去世离俗，积精全神，游行天地之间，视听八达之外，此盖益其寿命而强者也，亦归于真人。其次有圣人者，处天地之和，从八风之理，适嗜欲于世俗之间。无,也,ye3,ye3 | yi2,polyphone,01a0d5d5-3bc7-7794-a18a-de327271cdc3,
上古天真论篇第一,01a0d5d5-3b2b-7013-acb2-e01a5344a0f3,20,世离俗，积精全神，游行天地之间，视听八达之外，此盖益其寿命而强者也，亦归于真人。其次有圣人者，处天地之和，从八风之理，适嗜欲于世俗之间。无恚嗔之心,于,yu2,wei2 | xu1 | yu1 | yu2,polyphone,01a0d5d5-3bc7-7794-a18a-de33dbc4cdba,
上古天真论篇第一,01a0d5d5-3b2b-7013-acb2-e01b94a74f66,21,积精全神，游行天地之间，视听八达之外，此盖益其寿命而强者也，亦归于真人。其次有圣人者，处天地之和，从八风之理，适嗜欲于世俗之间。无恚嗔之心，行不欲,其,qi2,ji1 | ji4 | qi2,polyphone,01a0d5d5-3bc9-75b4-bd13-832dd73207a0,
上古天真论篇第一,01a0d5d5-3b2b-7013-acb2-e01b94a74f66,21,精全神，游行天地之间，视听八达之外，此盖益其寿命而强者也，亦归于真人。其次有圣人者，处天地之和，从八风之理，适嗜欲于世俗之间。无恚嗔之心，行不欲离,次,ci4,ci2 | ci4 | zi1,polyphone,01a0d5d5-3bc9-75b4-bd13-832e518012c2,
上古天真论篇第一,01a0d5d5-3b2b-7013-acb2-e01b94a74f66,21,全神，游行天地之间，视听八达之外，此盖益其寿命而强者也，亦归于真人。其次有圣人者，处天地之和，从八风之理，适嗜欲于世俗之间。无恚嗔之心，行不欲离于,有,you3,wei3 | you3 | you4,polyphone,01a0d5d5-3bc9-75b4-bd13-832fa8e72434,
上古天真论篇第一,01a0d5d5-3b2b-7013-acb2-e01b94a74f66,21,神，游行天地之间，视听八达之外，此盖益其寿命而强者也，亦归于真人。其次有圣人者，处天地之和，从八风之理，适嗜欲于世俗之间。无恚嗔之心，行不欲离于世,圣,sheng4,ku1 | sheng4,polyphone,01a0d5d5-3bc9-75b4-bd13-8330faf0e2f8,
上古天真论篇第一,01a0d5d5-3b2b-7013-acb2-e01b94a74f66,21,天地之间，视听八达之外，此盖益其寿命而强者也，亦归于真人。其次有圣人者，处天地之和，从八风之理，适嗜欲于世俗之间。无恚嗔之心，行不欲离于世，被服章,处,chu4,chu3 | chu4,polyphone,01a0d5d5-3bc9-75b4-bd13-8331daed187f,
上古天真论篇第一,01a0d5d5-3b2b-7013-acb2-e01b94a74f66,21,间，视听八达之外，此盖益其寿命而强者也，亦归于真人。其次有圣人者，处天地之和，从八风之理，适嗜欲于世俗之间。无恚嗔之心，行不欲离于世，被服章，举不,之,zhi1,zhi1 | zhi4 | zhu1,polyphone,01a0d5d5-3bc9-75b4-bd13-8332c618ffca,
上古天真论篇第一,01a0d5d5-3b2b-7013-acb2-e01b94a74f66,21,，视听八达之外，此盖益其寿命而强者也，亦归于真人。其次有圣人者，处天地之和，从八风之理，适嗜欲于世俗之间。无恚嗔之心，行不欲离于世，被服章，举不欲,和,he2,he2 | he4 | hu2 | huo2 | huo4,polyphone,01a0d5d5-3bc9-75b4-bd13-833393a2a51f,
上古天真论篇第一,01a0d5d5-3b2b-7013-acb2-e01b94a74f66,21,听八达之外，此盖益其寿命而强者也，亦归于真人。其次有圣人者，处天地之和，从八风之理，适嗜欲于世俗之间。无恚嗔之心，行不欲离于世，被服章，举不欲观于,从,cong2,cong2 | zong4,polyphone,01a0d5d5-3bc9-75b4-bd13-833494faa522,
上古天真论篇第一,01a0d5d5-3b2b-7013-acb2-e01b94a74f66,21,八达之外，此盖益其寿命而强者也，亦归于真人。其次有圣人者，处天地之和，从八风之理，适嗜欲于世俗之间。无恚嗔之心，行不欲离于世，被服章，举不欲观于俗,八,ba1,ba1 | ba2,polyphone,01a0d5d5-3bc9-75b4-bd13-8335589f9c1b,
上古天真论篇第一,01a0d5d5-3b2b-7013-acb2-e01b94a74f66,21,之外，此盖益其寿命而强者也，亦归于真人。其次有圣人者，处天地之和，从八风之理，适嗜欲于世俗之间。无恚嗔之心，行不欲离于世，被服章，举不欲观于俗，外,之,zhi1,zhi1 | zhi4 | zhu1,polyphone,01a0d5d5-3bc9-75b4-bd13-83362352c0f0,
上古天真论篇第一,01a0d5d5-3b2b-7013-acb2-e01b94a74f66,21,此盖益其寿命而强者也，亦归于真人。其次有圣人者，处天地之和，从八风之理，适嗜欲于世俗之间。无恚嗔之心，行不欲离于世，被服章，举不欲观于俗，外不劳形,适,shi4,kuo4 | shi4,polyphone,01a0d5d5-3bc9-75b4-bd13-833780ddcca4,
上古天真论篇第一,01a0d5d5-3b2b-7013-acb2-e01b94a74f66,21,其寿命而强者也，亦归于真人。其次有圣人者，处天地之和，从八风之理，适嗜欲于世俗之间。无恚嗔之心，行不欲离于世，被服章，举不欲观于俗，外不劳形于事，,于,yu2,wei2 | xu1 | yu1 | yu2,polyphone,01a0d5d5-3bc9-75b4-bd13-83380a2ebc13,
上古天真论篇第一,01a0d5d5-3b2b-7013-acb2-e01b94a74f66,21,而强者也，亦归于真人。其次有圣人者，处天地之和，从八风之理，适嗜欲于世俗之间。无恚嗔之心，行不欲离于世，被服章，举不欲观于俗，外不劳形于事，内无思,之,zhi1,zhi1 | zhi4 | zhu1,polyphone,01a0d5d5-3bc9-75b4-bd13-8339061f75df,
上古天真论篇第一,01a0d5d5-3b2b-7013-acb2-e01b94a74f66,21,强者也，亦归于真人。其次有圣人者，处天地之和，从八风之理，适嗜欲于世俗之间。无恚嗔之心，行不欲离于世，被服章，举不欲观于俗，外不劳形于事，内无思想,间,jian1,jian1 | jian4,polyphone,01a0d5d5-3bc9-75b4-bd13-833a6a88bc5e,
上古天真论篇第一,01a0d5d5-3b2b-7013-acb2-e01c2cf4ae69,22,也，亦归于真人。其次有圣人者，处天地之和，从八风之理，适嗜欲于世俗之间。无恚嗔之心，行不欲离于世，被服章，举不欲观于俗，外不劳形于事，内无思想之患,无,wu2,mo2 | wu2,polyphone,01a0d5d5-3bcc-72c1-8b66-f7589d34767b,
上古天真论篇第一,01a0d5d5-3b2b-7013-acb2-e01c2cf4ae69,22,亦归于真人。其次有圣人者，处天地之和，从八风之理，适嗜欲于世俗之间。无恚嗔之心，行不欲离于世，被服章，举不欲观于俗，外不劳形于事，内无思想之患，以,嗔,chen1,chen1 | tian2,polyphone,01a0d5d5-3bcc-72c1-8b66-f75967ed57e3,
上古天真论篇第一,01a0d5d5-3b2b-7013-acb2-e01c2cf4ae69,22,归于真人。其次有圣人者，处天地之和，从八风之理，适嗜欲于世俗之间。无恚嗔之心，行不欲离于世，被服章，举不欲观于俗，外不劳形于事，内无思想之患，以恬,之,zhi1,zhi1 | zhi4 | zhu1,polyphone,01a0d5d5-3bcc-72c1-8b66-f75a42100eb4,
上古天真论篇第一,01a0d5d5-3b2b-7013-acb2-e01c2cf4ae69,22,人。其次有圣人者，处天地之和，从八风之理，适嗜欲于世俗之间。无恚嗔之心，行不欲离于世，被服章，举不欲观于俗，外不劳形于事，内无思想之患，以恬愉为务,行,xing2,hang2 | hang4 | heng2 | xing2 | xing4,polyphone,01a0d5d5-3bcc-72c1-8b66-f75b77bee430,
上古天真论篇第一,01a0d5d5-3b2b-7013-acb2-e01c2cf4ae69,22,。其次有圣人者，处天地之和，从八风之理，适嗜欲于世俗之间。无恚嗔之心，行不欲离于世，被服章，举不欲观于俗，外不劳形于事，内无思想之患，以恬愉为务，,不,bu4,bu2 | bu4 | fou1 | fou3 | fu1,polyphone,01a0d5d5-3bcc-72c1-8b66-f75c5356adae,
上古天真论篇第一,01a0d5d5-3b2b-7013-acb2-e01c2cf4ae69,22,次有圣人者，处天地之和，从八风之理，适嗜欲于世俗之间。无恚嗔之心，行不欲离于世，被服章，举不欲观于俗，外不劳形于事，内无思想之患，以恬愉为务，以自,离,li2,chi1 | li2,polyphone,01a0d5d5-3bcc-72c1-8b66-f75df659f414,
上古天真论篇第一,01a0d5d5-3b2b-7013-acb2-e01c2cf4ae69,22,有圣人者，处天地之和，从八风之理，适嗜欲于世俗之间。无恚嗔之心，行不欲离于世，被服章，举不欲观于俗，外不劳形于事，内无思想之患，以恬愉为务，以自得,于,yu2,wei2 | xu1 | yu1 | yu2,polyphone,01a0d5d5-3bcc-72c1-8b66-f75e6d60024b,
上古天真论篇第一,01a0d5d5-3b2b-7013-acb2-e01c2cf4ae69,22,者，处天地之和，从八风之理，适嗜欲于世俗之间。无恚嗔之心，行不欲离于世，被服章，举不欲观于俗，外不劳形于事，内无思想之患，以恬愉为务，以自得为功，,被,bei4,bei4 | bi4 | pi1 | pi4,polyphone,01a0d5d5-3bcc-72c1-8b66-f75fe2804073,
上古天真论篇第一,01a0d5d5-3b2b-7013-acb2-e01c2cf4ae69,22,，处天地之和，从八风之理，适嗜欲于世俗之间。无恚嗔之心，行不欲离于世，被服章，举不欲观于俗，外不劳形于事，内无思想之患，以恬愉为务，以自得为功，形,服,fu2,bi4 | bo2 | fu2 | fu4,polyphone,01a0d5d5-3bcc-72c1-8b66-f76066a8e050,
上古天真论篇第一,01a0d5d5-3b2b-7013-acb2-e01c2cf4ae69,22,处天地之和，从八风之理，适嗜欲于世俗之间。无恚嗔之心，行不欲离于世，被服章，举不欲观于俗，外不劳形于事，内无思想之患，以恬愉为务，以自得为功，形体,章,zhang1,zhang1 | zhang4,polyphone,01a0d5d5-3bcc-72c1-8b66-f76135238efe,
上古天真论篇第一,01a0d5d5-3b2b-7013-acb2-e01c2cf4ae69,22,之和，从八风之理，适嗜欲于世俗之间。无恚嗔之心，行不欲离于世，被服章，举不欲观于俗，外不劳形于事，内无思想之患，以恬愉为务，以自得为功，形体不敝，,不,bu4,bu2 | bu4 | fou1 | fou3 | fu1,polyphone,01a0d5d5-3bcc-72c1-8b66-f762ca7cf1ed,
上古天真论篇第一,01a0d5d5-3b2b-7013-acb2-e01c2cf4ae69,22,，从八风之理，适嗜欲于世俗之间。无恚嗔之心，行不欲离于世，被服章，举不欲观于俗，外不劳形于事，内无思想之患，以恬愉为务，以自得为功，形体不敝，精神,观,guan1,guan1 | guan4,polyphone,01a0d5d5-3bcc-72c1-8b66-f763e8d364fc,
上古天真论篇第一,01a0d5d5-3b2b-7013-acb2-e01c2cf4ae69,22,从八风之理，适嗜欲于世俗之间。无恚嗔之心，行不欲离于世，被服章，举不欲观于俗，外不劳形于事，内无思想之患，以恬愉为务，以自得为功，形体不敝，精神不,于,yu2,wei2 | xu1 | yu1 | yu2,polyphone,01a0d5d5-3bcc-72c1-8b66-f764cdcaefe2,
上古天真论篇第一,01a0d5d5-3b2b-7013-acb2-e01c2cf4ae69,22,理，适嗜欲于世俗之间。无恚嗔之心，行不欲离于世，被服章，举不欲观于俗，外不劳形于事，内无思想之患，以恬愉为务，以自得为功，形体不敝，精神不散，亦可,不,bu4,bu2 | bu4 | fou1 | fou3 | fu1,polyphone,01a0d5d5-3bcc-72c1-8b66-f765386ef6b3,
上古天真论篇第一,01a0d5d5-3b2b-7013-acb2-e01c2cf4ae69,22,嗜欲于世俗之间。无恚嗔之心，行不欲离于世，被服章，举不欲观于俗，外不劳形于事，内无思想之患，以恬愉为务，以自得为功，形体不敝，精神不散，亦可以百数,于,yu2,wei2 | xu1 | yu1 | yu2,polyphone,01a0d5d5-3bcc-72c1-8b66-f76624b4ea71,
上古天真论篇第一,01a0d5d5-3b2b-7013-acb2-e01c2cf4ae69,22,欲于世俗之间。无恚嗔之心，行不欲离于世，被服章，举不欲观于俗，外不劳形于事，内无思想之患，以恬愉为务，以自得为功，形体不敝，精神不散，亦可以百数。,事,shi4,shi4 | zi4,polyphone,01a0d5d5-3bcc-72c1-8b66-f76745b3ad08,
上古天真论篇第一,01a0d5d5-3b2b-7013-acb2-e01c2cf4ae69,22,世俗之间。无恚嗔之心，行不欲离于世，被服章，举不欲观于俗，外不劳形于事，内无思想之患，以恬愉为务，以自得为功，形体不敝，精神不散，亦可以百数。其次,内,nei4,na4 | nei4 | rui4,polyphone,01a0d5d5-3bcc-72c1-8b66-f768ee14fac6,
上古天真论篇第一,01a0d5d5-3b2b-7013-acb2-e01c2cf4ae69,22,俗之间。无恚嗔之心，行不欲离于世，被服章，举不欲观于俗，外不劳形于事，内无思想之患，以恬愉为务，以自得为功，形体不敝，精神不散，亦可以百数。其次有,无,wu2,mo2 | wu2,polyphone,01a0d5d5-3bcc-72c1-8b66-f769e7fcb35b,
上古天真论篇第一,01a0d5d5-3b2b-7013-acb2-e01c2cf4ae69,22,之间。无恚嗔之心，行不欲离于世，被服章，举不欲观于俗，外不劳形于事，内无思想之患，以恬愉为务，以自得为功，形体不敝，精神不散，亦可以百数。其次有贤,思,si1,sai1 | si1,polyphone,01a0d5d5-3bcc-72c1-8b66-f76a3dad23f6,
上古天真论篇第一,01a0d5d5-3b2b-7013-acb2-e01c2cf4ae69,22,。无恚嗔之心，行不欲离于世，被服章，举不欲观于俗，外不劳形于事，内无思想之患，以恬愉为务，以自得为功，形体不敝，精神不散，亦可以百数。其次有贤人者,之,zhi1,zhi1 | zhi4 | zhu1,polyphone,01a0d5d5-3bcc-72c1-8b66-f76bb9047a2c,
上古天真论篇第一,01a0d5d5-3b2b-7013-acb2-e01c2cf4ae69,22,嗔之心，行不欲离于世，被服章，举不欲观于俗，外不劳形于事，内无思想之患，以恬愉为务，以自得为功，形体不敝，精神不散，亦可以百数。其次有贤人者，法则,以,yi3,si4 | yi3,polyphone,01a0d5d5-3bcc-72c1-8b66-f76c054c866e,
上古天真论篇第一,01a0d5d5-3b2b-7013-acb2-e01c2cf4ae69,22,心，行不欲离于世，被服章，举不欲观于俗，外不劳形于事，内无思想之患，以恬愉为务，以自得为功，形体不敝，精神不散，亦可以百数。其次有贤人者，法则天地,愉,yu2,tou1 | yu2 | yu3,polyphone,01a0d5d5-3bcc-72c1-8b66-f76d4b7aafd1,
上古天真论篇第一,01a0d5d5-3b2b-7013-acb2-e01c2cf4ae69,22,，行不欲离于世，被服章，举不欲观于俗，外不劳形于事，内无思想之患，以恬愉为务，以自得为功，形体不敝，精神不散，亦可以百数。其次有贤人者，法则天地，,为,wei4,wei2 | wei4,polyphone,01a0d5d5-3bcc-72c1-8b66-f76e1625dbcf,
上古天真论篇第一,01a0d5d5-3b2b-7013-acb2-e01c2cf4ae69,22,欲离于世，被服章，举不欲观于俗，外不劳形于事，内无思想之患，以恬愉为务，以自得为功，形体不敝，精神不散，亦可以百数。其次有贤人者，法则天地，象似日,以,yi3,si4 | yi3,polyphone,01a0d5d5-3bcc-72c1-8b66-f76f3e430456,
上古天真论篇第一,01a0d5d5-3b2b-7013-acb2-e01c2cf4ae69,22,于世，被服章，举不欲观于俗，外不劳形于事，内无思想之患，以恬愉为务，以自得为功，形体不敝，精神不散，亦可以百数。其次有贤人者，法则天地，象似日月，,得,de2,de2 | dei3,polyphone,01a0d5d5-3bcc-72c1-8b66-f7705dcd60ea,
上古天真论篇第一,01a0d5d5-3b2b-7013-acb2-e01c2cf4ae69,22,世，被服章，举不欲观于俗，外不劳形于事，内无思想之患，以恬愉为务，以自得为功，形体不敝，精神不散，亦可以百数。其次有贤人者，法则天地，象似日月，辩,为,wei4,wei2 | wei4,polyphone,01a0d5d5-3bcc-72c1-8b66-f771aed93a9d,
上古天真论篇第一,01a0d5d5-3b2b-7013-acb2-e01c2cf4ae69,22,章，举不欲观于俗，外不劳形于事，内无思想之患，以恬愉为务，以自得为功，形体不敝，精神不散，亦可以百数。其次有贤人者，法则天地，象似日月，辩列星辰，,体,ti3,ben4 | cui4 | ti1 | ti3,polyphone,01a0d5d5-3bcc-72c1-8b66-f772b84925de,
上古天真论篇第一,01a0d5d5-3b2b-7013-acb2-e01c2cf4ae69,22,，举不欲观于俗，外不劳形于事，内无思想之患，以恬愉为务，以自得为功，形体不敝，精神不散，亦可以百数。其次有贤人者，法则天地，象似日月，辩列星辰，逆,不,bu4,bu2 | bu4 | fou1 | fou3 | fu1,polyphone,01a0d5d5-3bcc-72c1-8b66-f7731ff0179c,
上古天真论篇第一,01a0d5d5-3b2b-7013-acb2-e01c2cf4ae69,22,欲观于俗，外不劳形于事，内无思想之患，以恬愉为务，以自得为功，形体不敝，精神不散，亦可以百数。其次有贤人者，法则天地，象似日月，辩列星辰，逆从阴阳,精,jing1,jing1 | jing4 | qing2,polyphone,01a0d5d5-3bcc-72c1-8b66-f77428978ad6,
上古天真论篇第一,01a0d5d5-3b2b-7013-acb2-e01c2cf4ae69,22,观于俗，外不劳形于事，内无思想之患，以恬愉为务，以自得为功，形体不敝，精神不散，亦可以百数。其次有贤人者，法则天地，象似日月，辩列星辰，逆从阴阳，,神,shen2,shen1 | shen2,polyphone,01a0d5d5-3bcc-72c1-8b66-f7751977ea74,
上古天真论篇第一,01a0d5d5-3b2b-7013-acb2-e01c2cf4ae69,22,于俗，外不劳形于事，内无思想之患，以恬愉为务，以自得为功，形体不敝，精神不散，亦可以百数。其次有贤人者，法则天地，象似日月，辩列星辰，逆从阴阳，分,不,bu4,bu2 | bu4 | fou1 | fou3 | fu1,polyphone,01a0d5d5-3bcc-72c1-8b66-f776a4492a07,
上古天真论篇第一,01a0d5d5-3b2b-7013-acb2-e01c2cf4ae69,22,俗，外不劳形于事，内无思想之患，以恬愉为务，以自得为功，形体不敝，精神不散，亦可以百数。其次有贤人者，法则天地，象似日月，辩列星辰，逆从阴阳，分别,散,san4,san1 | san3 | san4,polyphone,01a0d5d5-3bcc-72c1-8b66-f777f6e02203,
上古天真论篇第一,01a0d5d5-3b2b-7013-acb2-e01c2cf4ae69,22,不劳形于事，内无思想之患，以恬愉为务，以自得为功，形体不敝，精神不散，亦可以百数。其次有贤人者，法则天地，象似日月，辩列星辰，逆从阴阳，分别四时，,可,ke3,ge1 | ke3 | ke4,polyphone,01a0d5d5-3bcc-72c1-8b66-f778ca9bf117,
上古天真论篇第一,01a0d5d5-3b2b-7013-acb2-e01c2cf4ae69,22,劳形于事，内无思想之患，以恬愉为务，以自得为功，形体不敝，精神不散，亦可以百数。其次有贤人者，法则天地，象似日月，辩列星辰，逆从阴阳，分别四时，将,以,yi3,si4 | yi3,polyphone,01a0d5d5-3bcc-72c1-8b66-f7799bca8571,
上古天真论篇第一,01a0d5d5-3b2b-7013-acb2-e01c2cf4ae69,22,形于事，内无思想之患，以恬愉为务，以自得为功，形体不敝，精神不散，亦可以百数。其次有贤人者，法则天地，象似日月，辩列星辰，逆从阴阳，分别四时，将从,百,bai3,bai3 | bo2 | mo4,polyphone,01a0d5d5-3bcc-72c1-8b66-f77a6377fd97,
上古天真论篇第一,01a0d5d5-3b2b-7013-acb2-e01c2cf4ae69,22,于事，内无思想之患，以恬愉为务，以自得为功，形体不敝，精神不散，亦可以百数。其次有贤人者，法则天地，象似日月，辩列星辰，逆从阴阳，分别四时，将从上,数,shu4,shu3 | shu4 | shuo4,polyphone,01a0d5d5-3bcc-72c1-8b66-f77b9acaff9a,
上古天真论篇第一,01a0d5d5-3b2b-7013-acb2-e01da20b6d79,23,，内无思想之患，以恬愉为务，以自得为功，形体不敝，精神不散，亦可以百数。其次有贤人者，法则天地，象似日月，辩列星辰，逆从阴阳，分别四时，将从上古合,其,qi2,ji1 | ji4 | qi2,polyphone,01a0d5d5-3bcf-7061-ab40-28e5c4575f99,
上古天真论篇第一,01a0d5d5-3b2b-7013-acb2-e01da20b6d79,23,内无思想之患，以恬愉为务，以自得为功，形体不敝，精神不散，亦可以百数。其次有贤人者，法则天地，象似日月，辩列星辰，逆从阴阳，分别四时，将从上古合同,次,ci4,ci2 | ci4 | zi1,polyphone,01a0d5d5-3bcf-7061-ab40-28e6c1c3206c,
上古天真论篇第一,01a0d5d5-3b2b-7013-acb2-e01da20b6d79,23,无思想之患，以恬愉为务，以自得为功，形体不敝，精神不散，亦可以百数。其次有贤人者，法则天地，象似日月，辩列星辰，逆从阴阳，分别四时，将从上古合同于,有,you3,wei3 | you3 | you4,polyphone,01a0d5d5-3bcf-7061-ab40-28e765048d4f,
上古天真论篇第一,01a0d5d5-3b2b-7013-acb2-e01da20b6d79,23,，以自得为功，形体不敝，精神不散，亦可以百数。其次有贤人者，法则天地，象似日月，辩列星辰，逆从阴阳，分别四时，将从上古合同于道，亦可使益寿而有极时,似,shi4,shi4 | si4,polyphone,01a0d5d5-3bcf-7061-ab40-28e8752bcab3,
上古天真论篇第一,01a0d5d5-3b2b-7013-acb2-e01da20b6d79,23,自得为功，形体不敝，精神不散，亦可以百数。其次有贤人者，法则天地，象似日月，辩列星辰，逆从阴阳，分别四时，将从上古合同于道，亦可使益寿而有极时。”,月,yue4,ru4 | yue4,polyphone,01a0d5d5-3bcf-7061-ab40-28e9d0259dae,
上古天真论篇第一,01a0d5d5-3b2b-7013-acb2-e01da20b6d79,23,功，形体不敝，精神不散，亦可以百数。其次有贤人者，法则天地，象似日月，辩列星辰，逆从阴阳，分别四时，将从上古合同于道，亦可使益寿而有极时。”,列,lie4,li4 | lie4,polyphone,01a0d5d5-3bcf-7061-ab40-28eafcdbc9ca,
上古天真论篇第一,01a0d5d5-3b2b-7013-acb2-e01da20b6d79,23,敝，精神不散，亦可以百数。其次有贤人者，法则天地，象似日月，辩列星辰，逆从阴阳，分别四时，将从上古合同于道，亦可使益寿而有极时。”,从,cong2,cong2 | zong4,polyphone,01a0d5d5-3bd0-70fa-8f6b-f8895a74ca0d,
上古天真论篇第一,01a0d5d5-3b2b-7013-acb2-e01da20b6d79,23,不散，亦可以百数。其次有贤人者，法则天地，象似日月，辩列星辰，逆从阴阳，分别四时，将从上古合同于道，亦可使益寿而有极时。”,分,fen1,fen1 | fen2 | fen4,polyphone,01a0d5d5-3bd0-70fa-8f6b-f88acc901148,
上古天真论篇第一,01a0d5d5-3b2b-7013-acb2-e01da20b6d79,23,散，亦可以百数。其次有贤人者，法则天地，象似日月，辩列星辰，逆从阴阳，分别四时，将从上古合同于道，亦可使益寿而有极时。”,别,bie2,bie2 | bie4,polyphone,01a0d5d5-3bd0-70fa-8f6b-f88b97bd4f11,
上古天真论篇第一,01a0d5d5-3b2b-7013-acb2-e01da20b6d79,23,以百数。其次有贤人者，法则天地，象似日月，辩列星辰，逆从阴阳，分别四时，将从上古合同于道，亦可使益寿而有极时。”,将,jiang1,jiang1 | jiang4 | qiang1,polyphone,01a0d5d5-3bd0-70fa-8f6b-f88c735c92a7,
上古天真论篇第一,01a0d5d5-3b2b-7013-acb2-e01da20b6d79,23,百数。其次有贤人者，法则天地，象似日月，辩列星辰，逆从阴阳，分别四时，将从上古合同于道，亦可使益寿而有极时。”,从,cong2,cong2 | zong4,polyphone,01a0d5d5-3bd0-70fa-8f6b-f88d38c74c50,
上古天真论篇第一,01a0d5d5-3b2b-7013-acb2-e01da20b6d79,23,数。其次有贤人者，法则天地，象似日月，辩列星辰，逆从阴阳，分别四时，将从上古合同于道，亦可使益寿而有极时。”,上,shang4,shang3 | shang4,polyphone,01a0d5d5-3bd0-70fa-8f6b-f88eec386cf9,
上古天真论篇第一,01a0d5d5-3b2b-7013-acb2-e01da20b6d79,23,。其次有贤人者，法则天地，象似日月，辩列星辰，逆从阴阳，分别四时，将从上古合同于道，亦可使益寿而有极时。”,古,gu3,gu3 | gu4 | ku1,polyphone,01a0d5d5-3bd0-70fa-8f6b-f88ff307b399,
上古天真论篇第一,01a0d5d5-3b2b-7013-acb2-e01da20b6d79,23,其次有贤人者，法则天地，象似日月，辩列星辰，逆从阴阳，分别四时，将从上古合同于道，亦可使益寿而有极时。”,合,he2,ge3 | he2,polyphone,01a0d5d5-3bd0-70fa-8f6b-f8904f93c01d,
上古天真论篇第一,01a0d5d5-3b2b-7013-acb2-e01da20b6d79,23,次有贤人者，法则天地，象似日月，辩列星辰，逆从阴阳，分别四时，将从上古合同于道，亦可使益寿而有极时。”,同,tong2,tong2 | tong4,polyphone,01a0d5d5-3bd0-70fa-8f6b-f891bf5c4f02,
上古天真论篇第一,01a0d5d5-3b2b-7013-acb2-e01da20b6d79,23,有贤人者，法则天地，象似日月，辩列星辰，逆从阴阳，分别四时，将从上古合同于道，亦可使益寿而有极时。”,于,yu2,wei2 | xu1 | yu1 | yu2,polyphone,01a0d5d5-3bd0-70fa-8f6b-f8920f2b3e2f,
上古天真论篇第一,01a0d5d5-3b2b-7013-acb2-e01da20b6d79,23,贤人者，法则天地，象似日月，辩列星辰，逆从阴阳，分别四时，将从上古合同于道，亦可使益寿而有极时。”,道,dao4,dao3 | dao4,polyphone,01a0d5d5-3bd0-70fa-8f6b-f89323865a46,
上古天真论篇第一,01a0d5d5-3b2b-7013-acb2-e01da20b6d79,23,，法则天地，象似日月，辩列星辰，逆从阴阳，分别四时，将从上古合同于道，亦可使益寿而有极时。”,可,ke3,ge1 | ke3 | ke4,polyphone,01a0d5d5-3bd0-70fa-8f6b-f8943f01cb60,
上古天真论篇第一,01a0d5d5-3b2b-7013-acb2-e01da20b6d79,23,地，象似日月，辩列星辰，逆从阴阳，分别四时，将从上古合同于道，亦可使益寿而有极时。”,而,er2,er2 | neng2,polyphone,01a0d5d5-3bd0-70fa-8f6b-f8950e420a8f,
上古天真论篇第一,01a0d5d5-3b2b-7013-acb2-e01da20b6d79,23,，象似日月，辩列星辰，逆从阴阳，分别四时，将从上古合同于道，亦可使益寿而有极时。”,有,you3,wei3 | you3 | you4,polyphone,01a0d5d5-3bd0-70fa-8f6b-f896896c8efa,
四气调神大论篇第二,01a0d5d5-3b2b-7013-acb2-e01f85f7490e,0,春三月，此谓发陈。天地俱生，万物以荣。夜卧早起，广步于庭，被发缓形，以使志,春,chun1,chun1 | chun3,polyphone,01a0d5d5-3bd2-7238-8303-3e9f8f2ae245,
四气调神大论篇第二,01a0d5d5-3b2b-7013-acb2-e01f85f7490e,0,春三月，此谓发陈。天地俱生，万物以荣。夜卧早起，广步于庭，被发缓形，以使志生，,月,yue4,ru4 | yue4,polyphone,01a0d5d5-3bd2-7238-8303-3ea084aa3df2,
四气调神大论篇第二,01a0d5d5-3b2b-7013-acb2-e01f85f7490e,0,春三月，此谓发陈。天地俱生，万物以荣。夜卧早起，广步于庭，被发缓形，以使志生，生而勿杀,发,fa1,fa1 | fa4,polyphone,01a0d5d5-3bd2-7238-8303-3ea1d24300e7,
四气调神大论篇第二,01a0d5d5-3b2b-7013-acb2-e01f85f7490e,0,春三月，此谓发陈。天地俱生，万物以荣。夜卧早起，广步于庭，被发缓形，以使志生，生而勿杀，予而勿夺,俱,ju4,ju1 | ju4,polyphone,01a0d5d5-3bd2-7238-8303-3ea2f06d5f96,
四气调神大论篇第二,01a0d5d5-3b2b-7013-acb2-e01f85f7490e,0,春三月，此谓发陈。天地俱生，万物以荣。夜卧早起，广步于庭，被发缓形，以使志生，生而勿杀，予而勿夺，赏而,万,wan4,mo4 | wan4,polyphone,01a0d5d5-3bd2-7238-8303-3ea3e0dfddce,
四气调神大论篇第二,01a0d5d5-3b2b-7013-acb2-e01f85f7490e,0,春三月，此谓发陈。天地俱生，万物以荣。夜卧早起，广步于庭，被发缓形，以使志生，生而勿杀，予而勿夺，赏而勿罚,以,yi3,si4 | yi3,polyphone,01a0d5d5-3bd2-7238-8303-3ea4c8330d61,
四气调神大论篇第二,01a0d5d5-3b2b-7013-acb2-e01f85f7490e,0,春三月，此谓发陈。天地俱生，万物以荣。夜卧早起，广步于庭，被发缓形，以使志生，生而勿杀，予而勿夺，赏而勿罚。此春气之应养生,广,guang3,an1 | guang3 | yan3,polyphone,01a0d5d5-3bd2-7238-8303-3ea5ccbfbe90,
四气调神大论篇第二,01a0d5d5-3b2b-7013-acb2-e01f85f7490e,0,春三月，此谓发陈。天地俱生，万物以荣。夜卧早起，广步于庭，被发缓形，以使志生，生而勿杀，予而勿夺，赏而勿罚。此春气之应养生之道,于,yu2,wei2 | xu1 | yu1 | yu2,polyphone,01a0d5d5-3bd2-7238-8303-3ea675d71d5a,
四气调神大论篇第二,01a0d5d5-3b2b-7013-acb2-e01f85f7490e,0,春三月，此谓发陈。天地俱生，万物以荣。夜卧早起，广步于庭，被发缓形，以使志生，生而勿杀，予而勿夺，赏而勿罚。此春气之应养生之道也；逆,被,bei4,bei4 | bi4 | pi1 | pi4,polyphone,01a0d5d5-3bd2-7238-8303-3ea72f9b5aa8,
四气调神大论篇第二,01a0d5d5-3b2b-7013-acb2-e01f85f7490e,0,春三月，此谓发陈。天地俱生，万物以荣。夜卧早起，广步于庭，被发缓形，以使志生，生而勿杀，予而勿夺，赏而勿罚。此春气之应养生之道也；逆之,发,fa1,fa1 | fa4,polyphone,01a0d5d5-3bd2-7238-8303-3ea88bffacc2,
四气调神大论篇第二,01a0d5d5-3b2b-7013-acb2-e01f85f7490e,0,春三月，此谓发陈。天地俱生，万物以荣。夜卧早起，广步于庭，被发缓形，以使志生，生而勿杀，予而勿夺，赏而勿罚。此春气之应养生之道也；逆之则伤肝，,以,yi3,si4 | yi3,polyphone,01a0d5d5-3bd2-7238-8303-3ea9122afb07,
四气调神大论篇第二,01a0d5d5-3b2b-7013-acb2-e01f85f7490e,0,此谓发陈。天地俱生，万物以荣。夜卧早起，广步于庭，被发缓形，以使志生，生而勿杀，予而勿夺，赏而勿罚。此春气之应养生之道也；逆之则伤肝，夏为寒变，奉,而,er2,er2 | neng2,polyphone,01a0d5d5-3bd2-7238-8303-3eaad9eb96da,
四气调神大论篇第二,01a0d5d5-3b2b-7013-acb2-e01f85f7490e,0,谓发陈。天地俱生，万物以荣。夜卧早起，广步于庭，被发缓形，以使志生，生而勿杀，予而勿夺，赏而勿罚。此春气之应养生之道也；逆之则伤肝，夏为寒变，奉长,勿,wu4,mo4 | wu4,polyphone,01a0d5d5-3bd2-7238-8303-3eabf152516f,
四气调神大论篇第二,01a0d5d5-3b2b-7013-acb2-e01f85f7490e,0,。天地俱生，万物以荣。夜卧早起，广步于庭，被发缓形，以使志生，生而勿杀，予而勿夺，赏而勿罚。此春气之应养生之道也；逆之则伤肝，夏为寒变，奉长者少。,予,yu3,yu2 | yu3 | zhu4,polyphone,01a0d5d5-3bd2-7238-8303-3eac65008d49,
四气调神大论篇第二,01a0d5d5-3b2b-7013-acb2-e01f85f7490e,0,"天地俱生，万物以荣。夜卧早起，广步于庭，被发缓形，以使志生，生而勿杀，予而勿夺，赏而勿罚。此春气之应养生之道也；逆之则伤肝，夏为寒变，奉长者少。
",而,er2,er2 | neng2,polyphone,01a0d5d5-3bd2-7238-8303-3ead4c164b07,
四气调神大论篇第二,01a0d5d5-3b2b-7013-acb2-e01f85f7490e,0,"地俱生，万物以荣。夜卧早起，广步于庭，被发缓形，以使志生，生而勿杀，予而勿夺，赏而勿罚。此春气之应养生之道也；逆之则伤肝，夏为寒变，奉长者少。

",勿,wu4,mo4 | wu4,polyphone,01a0d5d5-3bd2-7238-8303-3eaeb04ebd4b,
四气调神大论篇第二,01a0d5d5-3b2b-7013-acb2-e01f85f7490e,0,"万物以荣。夜卧早起，广步于庭，被发缓形，以使志生，生而勿杀，予而勿夺，赏而勿罚。此春气之应养生之道也；逆之则伤肝，夏为寒变，奉长者少。

夏三月，",而,er2,er2 | neng2,polyphone,01a0d5d5-3bd2-7238-8303-3eaf3232ce9c,
四气调神大论篇第二,01a0d5d5-3b2b-7013-acb2-e01f85f7490e,0,"物以荣。夜卧早起，广步于庭，被发缓形，以使志生，生而勿杀，予而勿夺，赏而勿罚。此春气之应养生之道也；逆之则伤肝，夏为寒变，奉长者少。

夏三月，此",勿,wu4,mo4 | wu4,polyphone,01a0d5d5-3bd2-7238-8303-3eb0f2f641b8,
四气调神大论篇第二,01a0d5d5-3b2b-7013-acb2-e01f85f7490e,0,"夜卧早起，广步于庭，被发缓形，以使志生，生而勿杀，予而勿夺，赏而勿罚。此春气之应养生之道也；逆之则伤肝，夏为寒变，奉长者少。

夏三月，此谓蕃秀。",春,chun1,chun1 | chun3,polyphone,01a0d5d5-3bd2-7238-8303-3eb1e396ac73,
四气调神大论篇第二,01a0d5d5-3b2b-7013-acb2-e01f85f7490e,0,"卧早起，广步于庭，被发缓形，以使志生，生而勿杀，予而勿夺，赏而勿罚。此春气之应养生之道也；逆之则伤肝，夏为寒变，奉长者少。

夏三月，此谓蕃秀。天",气,qi4,qi3 | qi4,polyphone,01a0d5d5-3bd2-7238-8303-3eb2799b76a9,
四气调神大论篇第二,01a0d5d5-3b2b-7013-acb2-e01f85f7490e,0,"早起，广步于庭，被发缓形，以使志生，生而勿杀，予而勿夺，赏而勿罚。此春气之应养生之道也；逆之则伤肝，夏为寒变，奉长者少。

夏三月，此谓蕃秀。天地",之,zhi1,zhi1 | zhi4 | zhu1,polyphone,01a0d5d5-3bd2-7238-8303-3eb34b2074d0,
四气调神大论篇第二,01a0d5d5-3b2b-7013-acb2-e01f85f7490e,0,"起，广步于庭，被发缓形，以使志生，生而勿杀，予而勿夺，赏而勿罚。此春气之应养生之道也；逆之则伤肝，夏为寒变，奉长者少。

夏三月，此谓蕃秀。天地气",应,ying1,ying1 | ying4,polyphone,01a0d5d5-3bd2-7238-8303-3eb4f58c4994,
四气调神大论篇第二,01a0d5d5-3b2b-7013-acb2-e01f85f7490e,0,"步于庭，被发缓形，以使志生，生而勿杀，予而勿夺，赏而勿罚。此春气之应养生之道也；逆之则伤肝，夏为寒变，奉长者少。

夏三月，此谓蕃秀。天地气交，万",之,zhi1,zhi1 | zhi4 | zhu1,polyphone,01a0d5d5-3bd3-77f3-80bf-41f52167a576,
四气调神大论篇第二,01a0d5d5-3b2b-7013-acb2-e01f85f7490e,0,"于庭，被发缓形，以使志生，生而勿杀，予而勿夺，赏而勿罚。此春气之应养生之道也；逆之则伤肝，夏为寒变，奉长者少。

夏三月，此谓蕃秀。天地气交，万物",道,dao4,dao3 | dao4,polyphone,01a0d5d5-3bd3-77f3-80bf-41f646d3966d,
四气调神大论篇第二,01a0d5d5-3b2b-7013-acb2-e01f85f7490e,0,"庭，被发缓形，以使志生，生而勿杀，予而勿夺，赏而勿罚。此春气之应养生之道也；逆之则伤肝，夏为寒变，奉长者少。

夏三月，此谓蕃秀。天地气交，万物华",也,ye3,ye3 | yi2,polyphone,01a0d5d5-3bd3-77f3-80bf-41f76b4a894e,
四气调神大论篇第二,01a0d5d5-3b2b-7013-acb2-e02032090ee9,1,"发缓形，以使志生，生而勿杀，予而勿夺，赏而勿罚。此春气之应养生之道也；逆之则伤肝，夏为寒变，奉长者少。

夏三月，此谓蕃秀。天地气交，万物华实。夜",之,zhi1,zhi1 | zhi4 | zhu1,polyphone,01a0d5d5-3bd5-74eb-a9c6-866dc6ca6eb8,
四气调神大论篇第二,01a0d5d5-3b2b-7013-acb2-e02032090ee9,1,"使志生，生而勿杀，予而勿夺，赏而勿罚。此春气之应养生之道也；逆之则伤肝，夏为寒变，奉长者少。

夏三月，此谓蕃秀。天地气交，万物华实。夜卧早起，无",夏,xia4,jia3 | xia4,polyphone,01a0d5d5-3bd5-74eb-a9c6-866e7f3c23e4,
四气调神大论篇第二,01a0d5d5-3b2b-7013-acb2-e02032090ee9,1,"志生，生而勿杀，予而勿夺，赏而勿罚。此春气之应养生之道也；逆之则伤肝，夏为寒变，奉长者少。

夏三月，此谓蕃秀。天地气交，万物华实。夜卧早起，无厌",为,wei4,wei2 | wei4,polyphone,01a0d5d5-3bd5-74eb-a9c6-866f62cddec4,
四气调神大论篇第二,01a0d5d5-3b2b-7013-acb2-e02032090ee9,1,"勿杀，予而勿夺，赏而勿罚。此春气之应养生之道也；逆之则伤肝，夏为寒变，奉长者少。

夏三月，此谓蕃秀。天地气交，万物华实。夜卧早起，无厌于日，使志",长,zhang3,chang2 | zhang3,polyphone,01a0d5d5-3bd5-74eb-a9c6-86706ea4fda7,
四气调神大论篇第二,01a0d5d5-3b2b-7013-acb2-e02032090ee9,1,"，予而勿夺，赏而勿罚。此春气之应养生之道也；逆之则伤肝，夏为寒变，奉长者少。

夏三月，此谓蕃秀。天地气交，万物华实。夜卧早起，无厌于日，使志无怒",少,shao3,shao3 | shao4,polyphone,01a0d5d5-3bd5-74eb-a9c6-867120346433,
四气调神大论篇第二,01a0d5d5-3b2b-7013-acb2-e02032090ee9,1,"夺，赏而勿罚。此春气之应养生之道也；逆之则伤肝，夏为寒变，奉长者少。

夏三月，此谓蕃秀。天地气交，万物华实。夜卧早起，无厌于日，使志无怒，使华英",夏,xia4,jia3 | xia4,polyphone,01a0d5d5-3bd5-74eb-a9c6-8672d12f2e8f,
四气调神大论篇第二,01a0d5d5-3b2b-7013-acb2-e02032090ee9,1,"赏而勿罚。此春气之应养生之道也；逆之则伤肝，夏为寒变，奉长者少。

夏三月，此谓蕃秀。天地气交，万物华实。夜卧早起，无厌于日，使志无怒，使华英成秀",月,yue4,ru4 | yue4,polyphone,01a0d5d5-3bd5-74eb-a9c6-8673a4fc8f24,
四气调神大论篇第二,01a0d5d5-3b2b-7013-acb2-e02032090ee9,1,"应养生之道也；逆之则伤肝，夏为寒变，奉长者少。

夏三月，此谓蕃秀。天地气交，万物华实。夜卧早起，无厌于日，使志无怒，使华英成秀，使气得泄，若所爱",气,qi4,qi3 | qi4,polyphone,01a0d5d5-3bd5-74eb-a9c6-86758ca50457,
四气调神大论篇第二,01a0d5d5-3b2b-7013-acb2-e02032090ee9,1,"之道也；逆之则伤肝，夏为寒变，奉长者少。

夏三月，此谓蕃秀。天地气交，万物华实。夜卧早起，无厌于日，使志无怒，使华英成秀，使气得泄，若所爱在外。",万,wan4,mo4 | wan4,polyphone,01a0d5d5-3bd5-74eb-a9c6-8676566c348f,
四气调神大论篇第二,01a0d5d5-3b2b-7013-acb2-e02032090ee9,1,"也；逆之则伤肝，夏为寒变，奉长者少。

夏三月，此谓蕃秀。天地气交，万物华实。夜卧早起，无厌于日，使志无怒，使华英成秀，使气得泄，若所爱在外。此夏",华,hua2,hua1 | hua2 | hua4,polyphone,01a0d5d5-3bd5-74eb-a9c6-8677ec1f19d8,
四气调神大论篇第二,01a0d5d5-3b2b-7013-acb2-e0212fd4c0ba,2,"夏为寒变，奉长者少。

夏三月，此谓蕃秀。天地气交，万物华实。夜卧早起，无厌于日，使志无怒，使华英成秀，使气得泄，若所爱在外。此夏气之应养长之道也",无,wu2,mo2 | wu2,polyphone,01a0d5d5-3bd7-748b-9389-8b935439ff47,
四气调神大论篇第二,01a0d5d5-3b2b-7013-acb2-e0212fd4c0ba,2,"寒变，奉长者少。

夏三月，此谓蕃秀。天地气交，万物华实。夜卧早起，无厌于日，使志无怒，使华英成秀，使气得泄，若所爱在外。此夏气之应养长之道也；逆",于,yu2,wei2 | xu1 | yu1 | yu2,polyphone,01a0d5d5-3bd7-748b-9389-8b948e9155be,
四气调神大论篇第二,01a0d5d5-3b2b-7013-acb2-e0212fd4c0ba,2,"者少。

夏三月，此谓蕃秀。天地气交，万物华实。夜卧早起，无厌于日，使志无怒，使华英成秀，使气得泄，若所爱在外。此夏气之应养长之道也；逆之则伤心，",无,wu2,mo2 | wu2,polyphone,01a0d5d5-3bd7-748b-9389-8b95c101b73c,
四气调神大论篇第二,01a0d5d5-3b2b-7013-acb2-e0212fd4c0ba,2,"
夏三月，此谓蕃秀。天地气交，万物华实。夜卧早起，无厌于日，使志无怒，使华英成秀，使气得泄，若所爱在外。此夏气之应养长之道也；逆之则伤心，秋为痎疟",华,hua2,hua1 | hua2 | hua4,polyphone,01a0d5d5-3bd7-748b-9389-8b9626612fce,
四气调神大论篇第二,01a0d5d5-3b2b-7013-acb2-e0212fd4c0ba,2,夏三月，此谓蕃秀。天地气交，万物华实。夜卧早起，无厌于日，使志无怒，使华英成秀，使气得泄，若所爱在外。此夏气之应养长之道也；逆之则伤心，秋为痎疟，,英,ying1,yang1 | ying1,polyphone,01a0d5d5-3bd7-748b-9389-8b979e918f45,
四气调神大论篇第二,01a0d5d5-3b2b-7013-acb2-e0212fd4c0ba,2,谓蕃秀。天地气交，万物华实。夜卧早起，无厌于日，使志无怒，使华英成秀，使气得泄，若所爱在外。此夏气之应养长之道也；逆之则伤心，秋为痎疟，奉收者少，,气,qi4,qi3 | qi4,polyphone,01a0d5d5-3bd7-748b-9389-8b9829706cbc,
四气调神大论篇第二,01a0d5d5-3b2b-7013-acb2-e0212fd4c0ba,2,蕃秀。天地气交，万物华实。夜卧早起，无厌于日，使志无怒，使华英成秀，使气得泄，若所爱在外。此夏气之应养长之道也；逆之则伤心，秋为痎疟，奉收者少，冬,得,de2,de2 | dei3,polyphone,01a0d5d5-3bd7-748b-9389-8b995e1c7fe4,
四气调神大论篇第二,01a0d5d5-3b2b-7013-acb2-e0212fd4c0ba,2,秀。天地气交，万物华实。夜卧早起，无厌于日，使志无怒，使华英成秀，使气得泄，若所爱在外。此夏气之应养长之道也；逆之则伤心，秋为痎疟，奉收者少，冬至,泄,xie4,xie4 | yi4,polyphone,01a0d5d5-3bd7-748b-9389-8b9af03b5e64,
四气调神大论篇第二,01a0d5d5-3b2b-7013-acb2-e0212fd4c0ba,2,天地气交，万物华实。夜卧早起，无厌于日，使志无怒，使华英成秀，使气得泄，若所爱在外。此夏气之应养长之道也；逆之则伤心，秋为痎疟，奉收者少，冬至重病,若,ruo4,re2 | re3 | re4 | ruo4,polyphone,01a0d5d5-3bd7-748b-9389-8b9b17cdad86,
四气调神大论篇第二,01a0d5d5-3b2b-7013-acb2-e0212fd4c0ba,2,"华实。夜卧早起，无厌于日，使志无怒，使华英成秀，使气得泄，若所爱在外。此夏气之应养长之道也；逆之则伤心，秋为痎疟，奉收者少，冬至重病。

秋三月，",夏,xia4,jia3 | xia4,polyphone,01a0d5d5-3bd7-748b-9389-8b9c5f0826cd,
四气调神大论篇第二,01a0d5d5-3b2b-7013-acb2-e0212fd4c0ba,2,"实。夜卧早起，无厌于日，使志无怒，使华英成秀，使气得泄，若所爱在外。此夏气之应养长之道也；逆之则伤心，秋为痎疟，奉收者少，冬至重病。

秋三月，此",气,qi4,qi3 | qi4,polyphone,01a0d5d5-3bd7-748b-9389-8b9df1144f4e,
四气调神大论篇第二,01a0d5d5-3b2b-7013-acb2-e0212fd4c0ba,2,"。夜卧早起，无厌于日，使志无怒，使华英成秀，使气得泄，若所爱在外。此夏气之应养长之道也；逆之则伤心，秋为痎疟，奉收者少，冬至重病。

秋三月，此谓",之,zhi1,zhi1 | zhi4 | zhu1,polyphone,01a0d5d5-3bd7-748b-9389-8b9eceabc358,
四气调神大论篇第二,01a0d5d5-3b2b-7013-acb2-e0212fd4c0ba,2,"夜卧早起，无厌于日，使志无怒，使华英成秀，使气得泄，若所爱在外。此夏气之应养长之道也；逆之则伤心，秋为痎疟，奉收者少，冬至重病。

秋三月，此谓容",应,ying1,ying1 | ying4,polyphone,01a0d5d5-3bd7-748b-9389-8b9f1c3b6b24,
四气调神大论篇第二,01a0d5d5-3b2b-7013-acb2-e0212fd4c0ba,2,"早起，无厌于日，使志无怒，使华英成秀，使气得泄，若所爱在外。此夏气之应养长之道也；逆之则伤心，秋为痎疟，奉收者少，冬至重病。

秋三月，此谓容平。",长,zhang3,chang2 | zhang3,polyphone,01a0d5d5-3bd7-748b-9389-8ba0ce179c7d,
四气调神大论篇第二,01a0d5d5-3b2b-7013-acb2-e0212fd4c0ba,2,"起，无厌于日，使志无怒，使华英成秀，使气得泄，若所爱在外。此夏气之应养长之道也；逆之则伤心，秋为痎疟，奉收者少，冬至重病。

秋三月，此谓容平。天",之,zhi1,zhi1 | zhi4 | zhu1,polyphone,01a0d5d5-3bd7-748b-9389-8ba101ce53b1,
四气调神大论篇第二,01a0d5d5-3b2b-7013-acb2-e0212fd4c0ba,2,"，无厌于日，使志无怒，使华英成秀，使气得泄，若所爱在外。此夏气之应养长之道也；逆之则伤心，秋为痎疟，奉收者少，冬至重病。

秋三月，此谓容平。天气",道,dao4,dao3 | dao4,polyphone,01a0d5d5-3bd7-748b-9389-8ba2183dddff,
四气调神大论篇第二,01a0d5d5-3b2b-7013-acb2-e0212fd4c0ba,2,"无厌于日，使志无怒，使华英成秀，使气得泄，若所爱在外。此夏气之应养长之道也；逆之则伤心，秋为痎疟，奉收者少，冬至重病。

秋三月，此谓容平。天气以",也,ye3,ye3 | yi2,polyphone,01a0d5d5-3bd7-748b-9389-8ba3cba345c1,
四气调神大论篇第二,01a0d5d5-3b2b-7013-acb2-e022ea044bd4,3,"日，使志无怒，使华英成秀，使气得泄，若所爱在外。此夏气之应养长之道也；逆之则伤心，秋为痎疟，奉收者少，冬至重病。

秋三月，此谓容平。天气以急，地",之,zhi1,zhi1 | zhi4 | zhu1,polyphone,01a0d5d5-3bd9-7306-ad6b-7c4b8bfe4c3a,
四气调神大论篇第二,01a0d5d5-3b2b-7013-acb2-e022ea044bd4,3,"，使华英成秀，使气得泄，若所爱在外。此夏气之应养长之道也；逆之则伤心，秋为痎疟，奉收者少，冬至重病。

秋三月，此谓容平。天气以急，地气以明。早卧",为,wei4,wei2 | wei4,polyphone,01a0d5d5-3bd9-7306-ad6b-7c4cc61fe763,
四气调神大论篇第二,01a0d5d5-3b2b-7013-acb2-e022ea044bd4,3,"华英成秀，使气得泄，若所爱在外。此夏气之应养长之道也；逆之则伤心，秋为痎疟，奉收者少，冬至重病。

秋三月，此谓容平。天气以急，地气以明。早卧早起",疟,nve4,nve4 | yao4,polyphone,01a0d5d5-3bd9-7306-ad6b-7c4d0d7e290d,
四气调神大论篇第二,01a0d5d5-3b2b-7013-acb2-e022ea044bd4,3,"使气得泄，若所爱在外。此夏气之应养长之道也；逆之则伤心，秋为痎疟，奉收者少，冬至重病。

秋三月，此谓容平。天气以急，地气以明。早卧早起，与鸡俱兴",少,shao3,shao3 | shao4,polyphone,01a0d5d5-3bd9-7306-ad6b-7c4e85fb6444,
四气调神大论篇第二,01a0d5d5-3b2b-7013-acb2-e022ea044bd4,3,"泄，若所爱在外。此夏气之应养长之道也；逆之则伤心，秋为痎疟，奉收者少，冬至重病。

秋三月，此谓容平。天气以急，地气以明。早卧早起，与鸡俱兴，使志",至,zhi4,die2 | zhi4,polyphone,01a0d5d5-3bd9-7306-ad6b-7c4f32000d27,
四气调神大论篇第二,01a0d5d5-3b2b-7013-acb2-e022ea044bd4,3,"，若所爱在外。此夏气之应养长之道也；逆之则伤心，秋为痎疟，奉收者少，冬至重病。

秋三月，此谓容平。天气以急，地气以明。早卧早起，与鸡俱兴，使志安",重,zhong4,chong2 | tong2 | zhong4,polyphone,01a0d5d5-3bd9-7306-ad6b-7c50c6d9dfe3,
四气调神大论篇第二,01a0d5d5-3b2b-7013-acb2-e022ea044bd4,3,"此夏气之应养长之道也；逆之则伤心，秋为痎疟，奉收者少，冬至重病。

秋三月，此谓容平。天气以急，地气以明。早卧早起，与鸡俱兴，使志安宁，以缓秋刑，",月,yue4,ru4 | yue4,polyphone,01a0d5d5-3bd9-7306-ad6b-7c51e5ef3783,
四气调神大论篇第二,01a0d5d5-3b2b-7013-acb2-e022ea044bd4,3,"应养长之道也；逆之则伤心，秋为痎疟，奉收者少，冬至重病。

秋三月，此谓容平。天气以急，地气以明。早卧早起，与鸡俱兴，使志安宁，以缓秋刑，收敛神气",容,rong2,rong2 | yong3,polyphone,01a0d5d5-3bd9-7306-ad6b-7c52a00e9963,
四气调神大论篇第二,01a0d5d5-3b2b-7013-acb2-e022ea044bd4,3,"养长之道也；逆之则伤心，秋为痎疟，奉收者少，冬至重病。

秋三月，此谓容平。天气以急，地气以明。早卧早起，与鸡俱兴，使志安宁，以缓秋刑，收敛神气，",平,ping2,beng1 | bing4 | pian2 | ping2,polyphone,01a0d5d5-3bd9-7306-ad6b-7c5369bbe198,
四气调神大论篇第二,01a0d5d5-3b2b-7013-acb2-e022ea044bd4,3,"道也；逆之则伤心，秋为痎疟，奉收者少，冬至重病。

秋三月，此谓容平。天气以急，地气以明。早卧早起，与鸡俱兴，使志安宁，以缓秋刑，收敛神气，使秋气",气,qi4,qi3 | qi4,polyphone,01a0d5d5-3bd9-7306-ad6b-7c543c58edb7,
四气调神大论篇第二,01a0d5d5-3b2b-7013-acb2-e022ea044bd4,3,"也；逆之则伤心，秋为痎疟，奉收者少，冬至重病。

秋三月，此谓容平。天气以急，地气以明。早卧早起，与鸡俱兴，使志安宁，以缓秋刑，收敛神气，使秋气平",以,yi3,si4 | yi3,polyphone,01a0d5d5-3bd9-7306-ad6b-7c55e04c2680,
四气调神大论篇第二,01a0d5d5-3b2b-7013-acb2-e022ea044bd4,3,"则伤心，秋为痎疟，奉收者少，冬至重病。

秋三月，此谓容平。天气以急，地气以明。早卧早起，与鸡俱兴，使志安宁，以缓秋刑，收敛神气，使秋气平，无外其",气,qi4,qi3 | qi4,polyphone,01a0d5d5-3bd9-7306-ad6b-7c560d56ffa7,
四气调神大论篇第二,01a0d5d5-3b2b-7013-acb2-e022ea044bd4,3,"伤心，秋为痎疟，奉收者少，冬至重病。

秋三月，此谓容平。天气以急，地气以明。早卧早起，与鸡俱兴，使志安宁，以缓秋刑，收敛神气，使秋气平，无外其志",以,yi3,si4 | yi3,polyphone,01a0d5d5-3bd9-7306-ad6b-7c57bcb27db0,
四气调神大论篇第二,01a0d5d5-3b2b-7013-acb2-e022ea044bd4,3,"心，秋为痎疟，奉收者少，冬至重病。

秋三月，此谓容平。天气以急，地气以明。早卧早起，与鸡俱兴，使志安宁，以缓秋刑，收敛神气，使秋气平，无外其志，",明,ming2,meng4 | ming2,polyphone,01a0d5d5-3bd9-7306-ad6b-7c5871b4c9aa,
四气调神大论篇第二,01a0d5d5-3b2b-7013-acb2-e0230dce7be8,4,"奉收者少，冬至重病。

秋三月，此谓容平。天气以急，地气以明。早卧早起，与鸡俱兴，使志安宁，以缓秋刑，收敛神气，使秋气平，无外其志，使肺气清。此秋",与,yu3,yu2 | yu3 | yu4,polyphone,01a0d5d5-3bdc-762d-867d-db5293d0802f,
四气调神大论篇第二,01a0d5d5-3b2b-7013-acb2-e0230dce7be8,4,"者少，冬至重病。

秋三月，此谓容平。天气以急，地气以明。早卧早起，与鸡俱兴，使志安宁，以缓秋刑，收敛神气，使秋气平，无外其志，使肺气清。此秋气之",俱,ju4,ju1 | ju4,polyphone,01a0d5d5-3bdc-762d-867d-db53d3fcc488,
四气调神大论篇第二,01a0d5d5-3b2b-7013-acb2-e0230dce7be8,4,"少，冬至重病。

秋三月，此谓容平。天气以急，地气以明。早卧早起，与鸡俱兴，使志安宁，以缓秋刑，收敛神气，使秋气平，无外其志，使肺气清。此秋气之应",兴,xing1,xing1 | xing4,polyphone,01a0d5d5-3bdc-762d-867d-db547fbb8661,
四气调神大论篇第二,01a0d5d5-3b2b-7013-acb2-e0230dce7be8,4,"病。

秋三月，此谓容平。天气以急，地气以明。早卧早起，与鸡俱兴，使志安宁，以缓秋刑，收敛神气，使秋气平，无外其志，使肺气清。此秋气之应养收之道也",宁,ning2,ning2 | ning4 | zhu4,polyphone,01a0d5d5-3bdc-762d-867d-db5571102230,
四气调神大论篇第二,01a0d5d5-3b2b-7013-acb2-e0230dce7be8,4,"

秋三月，此谓容平。天气以急，地气以明。早卧早起，与鸡俱兴，使志安宁，以缓秋刑，收敛神气，使秋气平，无外其志，使肺气清。此秋气之应养收之道也；逆",以,yi3,si4 | yi3,polyphone,01a0d5d5-3bdc-762d-867d-db56411b9a5b,
四气调神大论篇第二,01a0d5d5-3b2b-7013-acb2-e0230dce7be8,4,谓容平。天气以急，地气以明。早卧早起，与鸡俱兴，使志安宁，以缓秋刑，收敛神气，使秋气平，无外其志，使肺气清。此秋气之应养收之道也；逆之则伤肺，冬为,神,shen2,shen1 | shen2,polyphone,01a0d5d5-3bdc-762d-867d-db57dbfe0548,
四气调神大论篇第二,01a0d5d5-3b2b-7013-acb2-e0230dce7be8,4,容平。天气以急，地气以明。早卧早起，与鸡俱兴，使志安宁，以缓秋刑，收敛神气，使秋气平，无外其志，使肺气清。此秋气之应养收之道也；逆之则伤肺，冬为飧,气,qi4,qi3 | qi4,polyphone,01a0d5d5-3bdc-762d-867d-db5814522f7a,
四气调神大论篇第二,01a0d5d5-3b2b-7013-acb2-e0230dce7be8,4,气以急，地气以明。早卧早起，与鸡俱兴，使志安宁，以缓秋刑，收敛神气，使秋气平，无外其志，使肺气清。此秋气之应养收之道也；逆之则伤肺，冬为飧泄，奉藏,气,qi4,qi3 | qi4,polyphone,01a0d5d5-3bdc-762d-867d-db592dfe9872,
四气调神大论篇第二,01a0d5d5-3b2b-7013-acb2-e0230dce7be8,4,以急，地气以明。早卧早起，与鸡俱兴，使志安宁，以缓秋刑，收敛神气，使秋气平，无外其志，使肺气清。此秋气之应养收之道也；逆之则伤肺，冬为飧泄，奉藏者,平,ping2,beng1 | bing4 | pian2 | ping2,polyphone,01a0d5d5-3bdc-762d-867d-db5a8d37b4b0,
四气调神大论篇第二,01a0d5d5-3b2b-7013-acb2-e0230dce7be8,4,，地气以明。早卧早起，与鸡俱兴，使志安宁，以缓秋刑，收敛神气，使秋气平，无外其志，使肺气清。此秋气之应养收之道也；逆之则伤肺，冬为飧泄，奉藏者少。,无,wu2,mo2 | wu2,polyphone,01a0d5d5-3bdc-762d-867d-db5bb31ceee3,
四气调神大论篇第二,01a0d5d5-3b2b-7013-acb2-e0230dce7be8,4,"气以明。早卧早起，与鸡俱兴，使志安宁，以缓秋刑，收敛神气，使秋气平，无外其志，使肺气清。此秋气之应养收之道也；逆之则伤肺，冬为飧泄，奉藏者少。

",其,qi2,ji1 | ji4 | qi2,polyphone,01a0d5d5-3bdc-762d-867d-db5c5422bc1a,
四气调神大论篇第二,01a0d5d5-3b2b-7013-acb2-e0230dce7be8,4,"早卧早起，与鸡俱兴，使志安宁，以缓秋刑，收敛神气，使秋气平，无外其志，使肺气清。此秋气之应养收之道也；逆之则伤肺，冬为飧泄，奉藏者少。

冬三月，",肺,fei4,fei4 | pei4,polyphone,01a0d5d5-3bdc-762d-867d-db5dd3adb0f7,
四气调神大论篇第二,01a0d5d5-3b2b-7013-acb2-e0230dce7be8,4,"卧早起，与鸡俱兴，使志安宁，以缓秋刑，收敛神气，使秋气平，无外其志，使肺气清。此秋气之应养收之道也；逆之则伤肺，冬为飧泄，奉藏者少。

冬三月，此",气,qi4,qi3 | qi4,polyphone,01a0d5d5-3bdc-762d-867d-db5e0ee27b3d,
四气调神大论篇第二,01a0d5d5-3b2b-7013-acb2-e0230dce7be8,4,"早起，与鸡俱兴，使志安宁，以缓秋刑，收敛神气，使秋气平，无外其志，使肺气清。此秋气之应养收之道也；逆之则伤肺，冬为飧泄，奉藏者少。

冬三月，此谓",清,qing1,qing1 | qing4,polyphone,01a0d5d5-3bdc-762d-867d-db5f8ed82ff3,
四气调神大论篇第二,01a0d5d5-3b2b-7013-acb2-e0230dce7be8,4,"鸡俱兴，使志安宁，以缓秋刑，收敛神气，使秋气平，无外其志，使肺气清。此秋气之应养收之道也；逆之则伤肺，冬为飧泄，奉藏者少。

冬三月，此谓闭藏。水",气,qi4,qi3 | qi4,polyphone,01a0d5d5-3bdc-762d-867d-db6005ac8c8a,
四气调神大论篇第二,01a0d5d5-3b2b-7013-acb2-e0230dce7be8,4,"俱兴，使志安宁，以缓秋刑，收敛神气，使秋气平，无外其志，使肺气清。此秋气之应养收之道也；逆之则伤肺，冬为飧泄，奉藏者少。

冬三月，此谓闭藏。水冰",之,zhi1,zhi1 | zhi4 | zhu1,polyphone,01a0d5d5-3bdc-762d-867d-db61e964bab0,
四气调神大论篇第二,01a0d5d5-3b2b-7013-acb2-e0230dce7be8,4,"兴，使志安宁，以缓秋刑，收敛神气，使秋气平，无外其志，使肺气清。此秋气之应养收之道也；逆之则伤肺，冬为飧泄，奉藏者少。

冬三月，此谓闭藏。水冰地",应,ying1,ying1 | ying4,polyphone,01a0d5d5-3bdc-762d-867d-db62afbec6e8,
四气调神大论篇第二,01a0d5d5-3b2b-7013-acb2-e0230dce7be8,4,"志安宁，以缓秋刑，收敛神气，使秋气平，无外其志，使肺气清。此秋气之应养收之道也；逆之则伤肺，冬为飧泄，奉藏者少。

冬三月，此谓闭藏。水冰地坼，无",之,zhi1,zhi1 | zhi4 | zhu1,polyphone,01a0d5d5-3bdc-762d-867d-db638f2fc21d,
四气调神大论篇第二,01a0d5d5-3b2b-7013-acb2-e0230dce7be8,4,"安宁，以缓秋刑，收敛神气，使秋气平，无外其志，使肺气清。此秋气之应养收之道也；逆之则伤肺，冬为飧泄，奉藏者少。

冬三月，此谓闭藏。水冰地坼，无扰",道,dao4,dao3 | dao4,polyphone,01a0d5d5-3bdc-762d-867d-db64b5802265,
四气调神大论篇第二,01a0d5d5-3b2b-7013-acb2-e0230dce7be8,4,"宁，以缓秋刑，收敛神气，使秋气平，无外其志，使肺气清。此秋气之应养收之道也；逆之则伤肺，冬为飧泄，奉藏者少。

冬三月，此谓闭藏。水冰地坼，无扰乎",也,ye3,ye3 | yi2,polyphone,01a0d5d5-3bdc-762d-867d-db65377170db,
四气调神大论篇第二,01a0d5d5-3b2b-7013-acb2-e0230dce7be8,4,"缓秋刑，收敛神气，使秋气平，无外其志，使肺气清。此秋气之应养收之道也；逆之则伤肺，冬为飧泄，奉藏者少。

冬三月，此谓闭藏。水冰地坼，无扰乎阳。早",之,zhi1,zhi1 | zhi4 | zhu1,polyphone,01a0d5d5-3bdc-762d-867d-db66990721a9,
四气调神大论篇第二,01a0d5d5-3b2b-7013-acb2-e0230dce7be8,4,"，收敛神气，使秋气平，无外其志，使肺气清。此秋气之应养收之道也；逆之则伤肺，冬为飧泄，奉藏者少。

冬三月，此谓闭藏。水冰地坼，无扰乎阳。早卧晚起",肺,fei4,fei4 | pei4,polyphone,01a0d5d5-3bdc-762d-867d-db67970a9c46,
四气调神大论篇第二,01a0d5d5-3b2b-7013-acb2-e0230dce7be8,4,"神气，使秋气平，无外其志，使肺气清。此秋气之应养收之道也；逆之则伤肺，冬为飧泄，奉藏者少。

冬三月，此谓闭藏。水冰地坼，无扰乎阳。早卧晚起，必待",为,wei4,wei2 | wei4,polyphone,01a0d5d5-3bdc-762d-867d-db687f39ec5a,
四气调神大论篇第二,01a0d5d5-3b2b-7013-acb2-e0230dce7be8,4,"，使秋气平，无外其志，使肺气清。此秋气之应养收之道也；逆之则伤肺，冬为飧泄，奉藏者少。

冬三月，此谓闭藏。水冰地坼，无扰乎阳。早卧晚起，必待日光",泄,xie4,xie4 | yi4,polyphone,01a0d5d5-3bdc-762d-867d-db69625984b9,
四气调神大论篇第二,01a0d5d5-3b2b-7013-acb2-e0230dce7be8,4,"气平，无外其志，使肺气清。此秋气之应养收之道也；逆之则伤肺，冬为飧泄，奉藏者少。

冬三月，此谓闭藏。水冰地坼，无扰乎阳。早卧晚起，必待日光，使志",藏,cang2,cang2 | zang1 | zang4,polyphone,01a0d5d5-3bdc-762d-867d-db6a8f79bb73,
四气调神大论篇第二,01a0d5d5-3b2b-7013-acb2-e0230dce7be8,4,"，无外其志，使肺气清。此秋气之应养收之道也；逆之则伤肺，冬为飧泄，奉藏者少。

冬三月，此谓闭藏。水冰地坼，无扰乎阳。早卧晚起，必待日光，使志若伏",少,shao3,shao3 | shao4,polyphone,01a0d5d5-3bdc-762d-867d-db6b7d7ebe63,
四气调神大论篇第二,01a0d5d5-3b2b-7013-acb2-e0230dce7be8,4,"使肺气清。此秋气之应养收之道也；逆之则伤肺，冬为飧泄，奉藏者少。

冬三月，此谓闭藏。水冰地坼，无扰乎阳。早卧晚起，必待日光，使志若伏若匿，若有私",月,yue4,ru4 | yue4,polyphone,01a0d5d5-3bdc-762d-867d-db6c099ad63c,
四气调神大论篇第二,01a0d5d5-3b2b-7013-acb2-e024d2fc85bc,5,"之应养收之道也；逆之则伤肺，冬为飧泄，奉藏者少。

冬三月，此谓闭藏。水冰地坼，无扰乎阳。早卧晚起，必待日光，使志若伏若匿，若有私意，若已有得，去",冰,bing1,bing1 | ning2,polyphone,01a0d5d5-3be0-70eb-86cb-6b9007cffc09,
四气调神大论篇第二,01a0d5d5-3b2b-7013-acb2-e024d2fc85bc,5,"之道也；逆之则伤肺，冬为飧泄，奉藏者少。

冬三月，此谓闭藏。水冰地坼，无扰乎阳。早卧晚起，必待日光，使志若伏若匿，若有私意，若已有得，去寒就温，",无,wu2,mo2 | wu2,polyphone,01a0d5d5-3be0-70eb-86cb-6b918805caea,
四气调神大论篇第二,01a0d5d5-3b2b-7013-acb2-e024d2fc85bc,5,"道也；逆之则伤肺，冬为飧泄，奉藏者少。

冬三月，此谓闭藏。水冰地坼，无扰乎阳。早卧晚起，必待日光，使志若伏若匿，若有私意，若已有得，去寒就温，无",扰,rao3,rao3 | you4,polyphone,01a0d5d5-3be0-70eb-86cb-6b92a86dacd0,
四气调神大论篇第二,01a0d5d5-3b2b-7013-acb2-e024d2fc85bc,5,"为飧泄，奉藏者少。

冬三月，此谓闭藏。水冰地坼，无扰乎阳。早卧晚起，必待日光，使志若伏若匿，若有私意，若已有得，去寒就温，无泄皮肤，使气亟夺。此",待,dai4,dai1 | dai4,polyphone,01a0d5d5-3be0-70eb-86cb-6b934e46fd43,
四气调神大论篇第二,01a0d5d5-3b2b-7013-acb2-e024d2fc85bc,5,"泄，奉藏者少。

冬三月，此谓闭藏。水冰地坼，无扰乎阳。早卧晚起，必待日光，使志若伏若匿，若有私意，若已有得，去寒就温，无泄皮肤，使气亟夺。此冬气",光,guang1,guang1 | guang4,polyphone,01a0d5d5-3be0-70eb-86cb-6b9403bf8b61,
四气调神大论篇第二,01a0d5d5-3b2b-7013-acb2-e024d2fc85bc,5,"者少。

冬三月，此谓闭藏。水冰地坼，无扰乎阳。早卧晚起，必待日光，使志若伏若匿，若有私意，若已有得，去寒就温，无泄皮肤，使气亟夺。此冬气之应养藏",若,ruo4,re2 | re3 | re4 | ruo4,polyphone,01a0d5d5-3be0-70eb-86cb-6b95df63bf04,
四气调神大论篇第二,01a0d5d5-3b2b-7013-acb2-e024d2fc85bc,5,"少。

冬三月，此谓闭藏。水冰地坼，无扰乎阳。早卧晚起，必待日光，使志若伏若匿，若有私意，若已有得，去寒就温，无泄皮肤，使气亟夺。此冬气之应养藏之",伏,fu2,fu2 | fu4,polyphone,01a0d5d5-3be0-70eb-86cb-6b9624a38a55,
四气调神大论篇第二,01a0d5d5-3b2b-7013-acb2-e024d2fc85bc,5,"。

冬三月，此谓闭藏。水冰地坼，无扰乎阳。早卧晚起，必待日光，使志若伏若匿，若有私意，若已有得，去寒就温，无泄皮肤，使气亟夺。此冬气之应养藏之道",若,ruo4,re2 | re3 | re4 | ruo4,polyphone,01a0d5d5-3be0-70eb-86cb-6b974eb3fc1b,
四气调神大论篇第二,01a0d5d5-3b2b-7013-acb2-e024d2fc85bc,5,"

冬三月，此谓闭藏。水冰地坼，无扰乎阳。早卧晚起，必待日光，使志若伏若匿，若有私意，若已有得，去寒就温，无泄皮肤，使气亟夺。此冬气之应养藏之道也",匿,ni4,ni4 | te4,polyphone,01a0d5d5-3be0-70eb-86cb-6b989f459708,
四气调神大论篇第二,01a0d5d5-3b2b-7013-acb2-e024d2fc85bc,5,冬三月，此谓闭藏。水冰地坼，无扰乎阳。早卧晚起，必待日光，使志若伏若匿，若有私意，若已有得，去寒就温，无泄皮肤，使气亟夺。此冬气之应养藏之道也；逆,若,ruo4,re2 | re3 | re4 | ruo4,polyphone,01a0d5d5-3be0-70eb-86cb-6b9929239783,
四气调神大论篇第二,01a0d5d5-3b2b-7013-acb2-e024d2fc85bc,5,三月，此谓闭藏。水冰地坼，无扰乎阳。早卧晚起，必待日光，使志若伏若匿，若有私意，若已有得，去寒就温，无泄皮肤，使气亟夺。此冬气之应养藏之道也；逆之,有,you3,wei3 | you3 | you4,polyphone,01a0d5d5-3be0-70eb-86cb-6b9a0f4d94f9,
四气调神大论篇第二,01a0d5d5-3b2b-7013-acb2-e024d2fc85bc,5,，此谓闭藏。水冰地坼，无扰乎阳。早卧晚起，必待日光，使志若伏若匿，若有私意，若已有得，去寒就温，无泄皮肤，使气亟夺。此冬气之应养藏之道也；逆之则伤,意,yi4,yi1 | yi4,polyphone,01a0d5d5-3be0-70eb-86cb-6b9bcf2b5220,
四气调神大论篇第二,01a0d5d5-3b2b-7013-acb2-e024d2fc85bc,5,谓闭藏。水冰地坼，无扰乎阳。早卧晚起，必待日光，使志若伏若匿，若有私意，若已有得，去寒就温，无泄皮肤，使气亟夺。此冬气之应养藏之道也；逆之则伤肾，,若,ruo4,re2 | re3 | re4 | ruo4,polyphone,01a0d5d5-3be0-70eb-86cb-6b9ce7266ad6,
四气调神大论篇第二,01a0d5d5-3b2b-7013-acb2-e024d2fc85bc,5,闭藏。水冰地坼，无扰乎阳。早卧晚起，必待日光，使志若伏若匿，若有私意，若已有得，去寒就温，无泄皮肤，使气亟夺。此冬气之应养藏之道也；逆之则伤肾，春,已,yi3,si4 | yi3,polyphone,01a0d5d5-3be0-70eb-86cb-6b9de10aaa2e,
四气调神大论篇第二,01a0d5d5-3b2b-7013-acb2-e024d2fc85bc,5,藏。水冰地坼，无扰乎阳。早卧晚起，必待日光，使志若伏若匿，若有私意，若已有得，去寒就温，无泄皮肤，使气亟夺。此冬气之应养藏之道也；逆之则伤肾，春为,有,you3,wei3 | you3 | you4,polyphone,01a0d5d5-3be0-70eb-86cb-6b9e40659b4a,
四气调神大论篇第二,01a0d5d5-3b2b-7013-acb2-e024d2fc85bc,5,。水冰地坼，无扰乎阳。早卧晚起，必待日光，使志若伏若匿，若有私意，若已有得，去寒就温，无泄皮肤，使气亟夺。此冬气之应养藏之道也；逆之则伤肾，春为痿,得,de2,de2 | dei3,polyphone,01a0d5d5-3be0-70eb-86cb-6b9f6a6334ab,
四气调神大论篇第二,01a0d5d5-3b2b-7013-acb2-e024d2fc85bc,5,冰地坼，无扰乎阳。早卧晚起，必待日光，使志若伏若匿，若有私意，若已有得，去寒就温，无泄皮肤，使气亟夺。此冬气之应养藏之道也；逆之则伤肾，春为痿厥，,去,qu4,qu1 | qu4,polyphone,01a0d5d5-3be0-70eb-86cb-6ba0a4f31aae,
四气调神大论篇第二,01a0d5d5-3b2b-7013-acb2-e024d2fc85bc,5,，无扰乎阳。早卧晚起，必待日光，使志若伏若匿，若有私意，若已有得，去寒就温，无泄皮肤，使气亟夺。此冬气之应养藏之道也；逆之则伤肾，春为痿厥，奉生者,温,wen1,wen1 | yun4,polyphone,01a0d5d5-3be0-70eb-86cb-6ba1d7b796ba,
四气调神大论篇第二,01a0d5d5-3b2b-7013-acb2-e024d2fc85bc,5,扰乎阳。早卧晚起，必待日光，使志若伏若匿，若有私意，若已有得，去寒就温，无泄皮肤，使气亟夺。此冬气之应养藏之道也；逆之则伤肾，春为痿厥，奉生者少。,无,wu2,mo2 | wu2,polyphone,01a0d5d5-3be0-70eb-86cb-6ba2fc2869d2,
四气调神大论篇第二,01a0d5d5-3b2b-7013-acb2-e024d2fc85bc,5,乎阳。早卧晚起，必待日光，使志若伏若匿，若有私意，若已有得，去寒就温，无泄皮肤，使气亟夺。此冬气之应养藏之道也；逆之则伤肾，春为痿厥，奉生者少。天,泄,xie4,xie4 | yi4,polyphone,01a0d5d5-3be0-70eb-86cb-6ba3bb636dbe,
四气调神大论篇第二,01a0d5d5-3b2b-7013-acb2-e024d2fc85bc,5,晚起，必待日光，使志若伏若匿，若有私意，若已有得，去寒就温，无泄皮肤，使气亟夺。此冬气之应养藏之道也；逆之则伤肾，春为痿厥，奉生者少。天气，清净光,气,qi4,qi3 | qi4,polyphone,01a0d5d5-3be0-70eb-86cb-6ba4472245c5,
四气调神大论篇第二,01a0d5d5-3b2b-7013-acb2-e024d2fc85bc,5,光，使志若伏若匿，若有私意，若已有得，去寒就温，无泄皮肤，使气亟夺。此冬气之应养藏之道也；逆之则伤肾，春为痿厥，奉生者少。天气，清净光明者也，藏德,气,qi4,qi3 | qi4,polyphone,01a0d5d5-3be0-70eb-86cb-6ba622e0a2e7,
四气调神大论篇第二,01a0d5d5-3b2b-7013-acb2-e024d2fc85bc,5,，使志若伏若匿，若有私意，若已有得，去寒就温，无泄皮肤，使气亟夺。此冬气之应养藏之道也；逆之则伤肾，春为痿厥，奉生者少。天气，清净光明者也，藏德不,之,zhi1,zhi1 | zhi4 | zhu1,polyphone,01a0d5d5-3be0-70eb-86cb-6ba7f16c2004,
四气调神大论篇第二,01a0d5d5-3b2b-7013-acb2-e024d2fc85bc,5,使志若伏若匿，若有私意，若已有得，去寒就温，无泄皮肤，使气亟夺。此冬气之应养藏之道也；逆之则伤肾，春为痿厥，奉生者少。天气，清净光明者也，藏德不止,应,ying1,ying1 | ying4,polyphone,01a0d5d5-3be0-70eb-86cb-6ba847373ef6,
四气调神大论篇第二,01a0d5d5-3b2b-7013-acb2-e024d2fc85bc,5,若伏若匿，若有私意，若已有得，去寒就温，无泄皮肤，使气亟夺。此冬气之应养藏之道也；逆之则伤肾，春为痿厥，奉生者少。天气，清净光明者也，藏德不止，故,藏,cang2,cang2 | zang1 | zang4,polyphone,01a0d5d5-3be0-70eb-86cb-6ba9930186f3,
四气调神大论篇第二,01a0d5d5-3b2b-7013-acb2-e024d2fc85bc,5,伏若匿，若有私意，若已有得，去寒就温，无泄皮肤，使气亟夺。此冬气之应养藏之道也；逆之则伤肾，春为痿厥，奉生者少。天气，清净光明者也，藏德不止，故不,之,zhi1,zhi1 | zhi4 | zhu1,polyphone,01a0d5d5-3be0-70eb-86cb-6baa8e34ead6,
四气调神大论篇第二,01a0d5d5-3b2b-7013-acb2-e024d2fc85bc,5,若匿，若有私意，若已有得，去寒就温，无泄皮肤，使气亟夺。此冬气之应养藏之道也；逆之则伤肾，春为痿厥，奉生者少。天气，清净光明者也，藏德不止，故不下,道,dao4,dao3 | dao4,polyphone,01a0d5d5-3be0-70eb-86cb-6bab179fc02e,
四气调神大论篇第二,01a0d5d5-3b2b-7013-acb2-e024d2fc85bc,5,匿，若有私意，若已有得，去寒就温，无泄皮肤，使气亟夺。此冬气之应养藏之道也；逆之则伤肾，春为痿厥，奉生者少。天气，清净光明者也，藏德不止，故不下也,也,ye3,ye3 | yi2,polyphone,01a0d5d5-3be0-70eb-86cb-6bac89fc6424,
四气调神大论篇第二,01a0d5d5-3b2b-7013-acb2-e024d2fc85bc,5,有私意，若已有得，去寒就温，无泄皮肤，使气亟夺。此冬气之应养藏之道也；逆之则伤肾，春为痿厥，奉生者少。天气，清净光明者也，藏德不止，故不下也。天明,之,zhi1,zhi1 | zhi4 | zhu1,polyphone,01a0d5d5-3be0-70eb-86cb-6bad5626dfcb,
四气调神大论篇第二,01a0d5d5-3b2b-7013-acb2-e024d2fc85bc,5,已有得，去寒就温，无泄皮肤，使气亟夺。此冬气之应养藏之道也；逆之则伤肾，春为痿厥，奉生者少。天气，清净光明者也，藏德不止，故不下也。天明则日月不明,春,chun1,chun1 | chun3,polyphone,01a0d5d5-3be0-70eb-86cb-6baea8c0ac5d,
四气调神大论篇第二,01a0d5d5-3b2b-7013-acb2-e024d2fc85bc,5,有得，去寒就温，无泄皮肤，使气亟夺。此冬气之应养藏之道也；逆之则伤肾，春为痿厥，奉生者少。天气，清净光明者也，藏德不止，故不下也。天明则日月不明，,为,wei4,wei2 | wei4,polyphone,01a0d5d5-3be0-70eb-86cb-6baf1573538b,
四气调神大论篇第二,01a0d5d5-3b2b-7013-acb2-e024d2fc85bc,5,，无泄皮肤，使气亟夺。此冬气之应养藏之道也；逆之则伤肾，春为痿厥，奉生者少。天气，清净光明者也，藏德不止，故不下也。天明则日月不明，邪害空窍，阳气,少,shao3,shao3 | shao4,polyphone,01a0d5d5-3be0-70eb-86cb-6bb0f018acb7,
四气调神大论篇第二,01a0d5d5-3b2b-7013-acb2-e0253c8fc763,6,皮肤，使气亟夺。此冬气之应养藏之道也；逆之则伤肾，春为痿厥，奉生者少。天气，清净光明者也，藏德不止，故不下也。天明则日月不明，邪害空窍，阳气者闭塞,气,qi4,qi3 | qi4,polyphone,01a0d5d5-3be2-7577-acc9-d0f38354c122,
四气调神大论篇第二,01a0d5d5-3b2b-7013-acb2-e0253c8fc763,6,，使气亟夺。此冬气之应养藏之道也；逆之则伤肾，春为痿厥，奉生者少。天气，清净光明者也，藏德不止，故不下也。天明则日月不明，邪害空窍，阳气者闭塞，地,清,qing1,qing1 | qing4,polyphone,01a0d5d5-3be2-7577-acc9-d0f4e9185ee9,
四气调神大论篇第二,01a0d5d5-3b2b-7013-acb2-e0253c8fc763,6,使气亟夺。此冬气之应养藏之道也；逆之则伤肾，春为痿厥，奉生者少。天气，清净光明者也，藏德不止，故不下也。天明则日月不明，邪害空窍，阳气者闭塞，地气,净,jing4,cheng1 | jing4,polyphone,01a0d5d5-3be2-7577-acc9-d0f5cc486a44,
四气调神大论篇第二,01a0d5d5-3b2b-7013-acb2-e0253c8fc763,6,气亟夺。此冬气之应养藏之道也；逆之则伤肾，春为痿厥，奉生者少。天气，清净光明者也，藏德不止，故不下也。天明则日月不明，邪害空窍，阳气者闭塞，地气者,光,guang1,guang1 | guang4,polyphone,01a0d5d5-3be2-7577-acc9-d0f69ccd3524,
四气调神大论篇第二,01a0d5d5-3b2b-7013-acb2-e0253c8fc763,6,亟夺。此冬气之应养藏之道也；逆之则伤肾，春为痿厥，奉生者少。天气，清净光明者也，藏德不止，故不下也。天明则日月不明，邪害空窍，阳气者闭塞，地气者冒,明,ming2,meng4 | ming2,polyphone,01a0d5d5-3be2-7577-acc9-d0f79dd49a73,
四气调神大论篇第二,01a0d5d5-3b2b-7013-acb2-e0253c8fc763,6,。此冬气之应养藏之道也；逆之则伤肾，春为痿厥，奉生者少。天气，清净光明者也，藏德不止，故不下也。天明则日月不明，邪害空窍，阳气者闭塞，地气者冒明，,也,ye3,ye3 | yi2,polyphone,01a0d5d5-3be2-7577-acc9-d0f8e70289f9,
四气调神大论篇第二,01a0d5d5-3b2b-7013-acb2-e0253c8fc763,6,冬气之应养藏之道也；逆之则伤肾，春为痿厥，奉生者少。天气，清净光明者也，藏德不止，故不下也。天明则日月不明，邪害空窍，阳气者闭塞，地气者冒明，云雾,藏,cang2,cang2 | zang1 | zang4,polyphone,01a0d5d5-3be2-7577-acc9-d0f96f850e6e,
四气调神大论篇第二,01a0d5d5-3b2b-7013-acb2-e0253c8fc763,6,之应养藏之道也；逆之则伤肾，春为痿厥，奉生者少。天气，清净光明者也，藏德不止，故不下也。天明则日月不明，邪害空窍，阳气者闭塞，地气者冒明，云雾不精,不,bu4,bu2 | bu4 | fou1 | fou3 | fu1,polyphone,01a0d5d5-3be2-7577-acc9-d0fa010cd3cb,
四气调神大论篇第二,01a0d5d5-3b2b-7013-acb2-e0253c8fc763,6,之道也；逆之则伤肾，春为痿厥，奉生者少。天气，清净光明者也，藏德不止，故不下也。天明则日月不明，邪害空窍，阳气者闭塞，地气者冒明，云雾不精，则上应,不,bu4,bu2 | bu4 | fou1 | fou3 | fu1,polyphone,01a0d5d5-3be2-7577-acc9-d0fb6bd240a3,
四气调神大论篇第二,01a0d5d5-3b2b-7013-acb2-e0253c8fc763,6,也；逆之则伤肾，春为痿厥，奉生者少。天气，清净光明者也，藏德不止，故不下也。天明则日月不明，邪害空窍，阳气者闭塞，地气者冒明，云雾不精，则上应白露,也,ye3,ye3 | yi2,polyphone,01a0d5d5-3be2-7577-acc9-d0fcc1982266,
四气调神大论篇第二,01a0d5d5-3b2b-7013-acb2-e026acbf7be7,7,之则伤肾，春为痿厥，奉生者少。天气，清净光明者也，藏德不止，故不下也。天明则日月不明，邪害空窍，阳气者闭塞，地气者冒明，云雾不精，则上应白露不下。,明,ming2,meng4 | ming2,polyphone,01a0d5d5-3be4-70fc-a982-846979b0c379,
四气调神大论篇第二,01a0d5d5-3b2b-7013-acb2-e026acbf7be7,7,肾，春为痿厥，奉生者少。天气，清净光明者也，藏德不止，故不下也。天明则日月不明，邪害空窍，阳气者闭塞，地气者冒明，云雾不精，则上应白露不下。交通不,月,yue4,ru4 | yue4,polyphone,01a0d5d5-3be4-70fc-a982-846a6e1adabe,
四气调神大论篇第二,01a0d5d5-3b2b-7013-acb2-e026acbf7be7,7,，春为痿厥，奉生者少。天气，清净光明者也，藏德不止，故不下也。天明则日月不明，邪害空窍，阳气者闭塞，地气者冒明，云雾不精，则上应白露不下。交通不表,不,bu4,bu2 | bu4 | fou1 | fou3 | fu1,polyphone,01a0d5d5-3be4-70fc-a982-846b88e5ff26,
四气调神大论篇第二,01a0d5d5-3b2b-7013-acb2-e026acbf7be7,7,春为痿厥，奉生者少。天气，清净光明者也，藏德不止，故不下也。天明则日月不明，邪害空窍，阳气者闭塞，地气者冒明，云雾不精，则上应白露不下。交通不表，,明,ming2,meng4 | ming2,polyphone,01a0d5d5-3be4-70fc-a982-846cbc28d9d6,
四气调神大论篇第二,01a0d5d5-3b2b-7013-acb2-e026acbf7be7,7,痿厥，奉生者少。天气，清净光明者也，藏德不止，故不下也。天明则日月不明，邪害空窍，阳气者闭塞，地气者冒明，云雾不精，则上应白露不下。交通不表，万物,邪,xie2,she2 | xie2 | xu2 | ya2 | ye2,polyphone,01a0d5d5-3be4-70fc-a982-846d1465efd5,
四气调神大论篇第二,01a0d5d5-3b2b-7013-acb2-e026acbf7be7,7,厥，奉生者少。天气，清净光明者也，藏德不止，故不下也。天明则日月不明，邪害空窍，阳气者闭塞，地气者冒明，云雾不精，则上应白露不下。交通不表，万物命,害,hai4,hai4 | he2,polyphone,01a0d5d5-3be4-70fc-a982-846ea0abc0d0,
四气调神大论篇第二,01a0d5d5-3b2b-7013-acb2-e026acbf7be7,7,，奉生者少。天气，清净光明者也，藏德不止，故不下也。天明则日月不明，邪害空窍，阳气者闭塞，地气者冒明，云雾不精，则上应白露不下。交通不表，万物命故,空,kong1,kong1 | kong3 | kong4,polyphone,01a0d5d5-3be4-70fc-a982-846f817f8ae8,
四气调神大论篇第二,01a0d5d5-3b2b-7013-acb2-e026acbf7be7,7,少。天气，清净光明者也，藏德不止，故不下也。天明则日月不明，邪害空窍，阳气者闭塞，地气者冒明，云雾不精，则上应白露不下。交通不表，万物命故不施，不,气,qi4,qi3 | qi4,polyphone,01a0d5d5-3be4-70fc-a982-8470b205e87a,
四气调神大论篇第二,01a0d5d5-3b2b-7013-acb2-e026acbf7be7,7,气，清净光明者也，藏德不止，故不下也。天明则日月不明，邪害空窍，阳气者闭塞，地气者冒明，云雾不精，则上应白露不下。交通不表，万物命故不施，不施则名,塞,se4,sai1 | sai4 | se4,polyphone,01a0d5d5-3be4-70fc-a982-8471328cfce4,
四气调神大论篇第二,01a0d5d5-3b2b-7013-acb2-e026acbf7be7,7,净光明者也，藏德不止，故不下也。天明则日月不明，邪害空窍，阳气者闭塞，地气者冒明，云雾不精，则上应白露不下。交通不表，万物命故不施，不施则名木多死,气,qi4,qi3 | qi4,polyphone,01a0d5d5-3be4-70fc-a982-84727c78f975,
四气调神大论篇第二,01a0d5d5-3b2b-7013-acb2-e026acbf7be7,7,明者也，藏德不止，故不下也。天明则日月不明，邪害空窍，阳气者闭塞，地气者冒明，云雾不精，则上应白露不下。交通不表，万物命故不施，不施则名木多死。恶,冒,mao4,mao4 | mo4,polyphone,01a0d5d5-3be4-70fc-a982-8473a1498874,
四气调神大论篇第二,01a0d5d5-3b2b-7013-acb2-e026acbf7be7,7,者也，藏德不止，故不下也。天明则日月不明，邪害空窍，阳气者闭塞，地气者冒明，云雾不精，则上应白露不下。交通不表，万物命故不施，不施则名木多死。恶气,明,ming2,meng4 | ming2,polyphone,01a0d5d5-3be4-70fc-a982-847410679777,
四气调神大论篇第二,01a0d5d5-3b2b-7013-acb2-e026acbf7be7,7,德不止，故不下也。天明则日月不明，邪害空窍，阳气者闭塞，地气者冒明，云雾不精，则上应白露不下。交通不表，万物命故不施，不施则名木多死。恶气不发，风,不,bu4,bu2 | bu4 | fou1 | fou3 | fu1,polyphone,01a0d5d5-3be4-70fc-a982-84753449b22a,
四气调神大论篇第二,01a0d5d5-3b2b-7013-acb2-e026acbf7be7,7,不止，故不下也。天明则日月不明，邪害空窍，阳气者闭塞，地气者冒明，云雾不精，则上应白露不下。交通不表，万物命故不施，不施则名木多死。恶气不发，风雨,精,jing1,jing1 | jing4 | qing2,polyphone,01a0d5d5-3be4-70fc-a982-8476e6dbedb3,
四气调神大论篇第二,01a0d5d5-3b2b-7013-acb2-e026acbf7be7,7,故不下也。天明则日月不明，邪害空窍，阳气者闭塞，地气者冒明，云雾不精，则上应白露不下。交通不表，万物命故不施，不施则名木多死。恶气不发，风雨不节，,上,shang4,shang3 | shang4,polyphone,01a0d5d5-3be4-70fc-a982-8477a0a73040,
四气调神大论篇第二,01a0d5d5-3b2b-7013-acb2-e026acbf7be7,7,不下也。天明则日月不明，邪害空窍，阳气者闭塞，地气者冒明，云雾不精，则上应白露不下。交通不表，万物命故不施，不施则名木多死。恶气不发，风雨不节，白,应,ying1,ying1 | ying4,polyphone,01a0d5d5-3be4-70fc-a982-84780f3b3853,
四气调神大论篇第二,01a0d5d5-3b2b-7013-acb2-e026acbf7be7,7,下也。天明则日月不明，邪害空窍，阳气者闭塞，地气者冒明，云雾不精，则上应白露不下。交通不表，万物命故不施，不施则名木多死。恶气不发，风雨不节，白露,白,bai2,bai2 | bo2,polyphone,01a0d5d5-3be4-70fc-a982-84791e09a1dd,
四气调神大论篇第二,01a0d5d5-3b2b-7013-acb2-e026acbf7be7,7,也。天明则日月不明，邪害空窍，阳气者闭塞，地气者冒明，云雾不精，则上应白露不下。交通不表，万物命故不施，不施则名木多死。恶气不发，风雨不节，白露不,露,lu4,lou4 | lu4,polyphone,01a0d5d5-3be4-70fc-a982-847ad2ad61dd,
四气调神大论篇第二,01a0d5d5-3b2b-7013-acb2-e026acbf7be7,7,。天明则日月不明，邪害空窍，阳气者闭塞，地气者冒明，云雾不精，则上应白露不下。交通不表，万物命故不施，不施则名木多死。恶气不发，风雨不节，白露不下,不,bu4,bu2 | bu4 | fou1 | fou3 | fu1,polyphone,01a0d5d5-3be4-70fc-a982-847b389df56d,
四气调神大论篇第二,01a0d5d5-3b2b-7013-acb2-e027d2f17fa6,8,日月不明，邪害空窍，阳气者闭塞，地气者冒明，云雾不精，则上应白露不下。交通不表，万物命故不施，不施则名木多死。恶气不发，风雨不节，白露不下，则菀稿,通,tong1,tong1 | tong4,polyphone,01a0d5d5-3be6-7143-abe1-7eb59dacfecd,
四气调神大论篇第二,01a0d5d5-3b2b-7013-acb2-e027d2f17fa6,8,月不明，邪害空窍，阳气者闭塞，地气者冒明，云雾不精，则上应白露不下。交通不表，万物命故不施，不施则名木多死。恶气不发，风雨不节，白露不下，则菀稿不,不,bu4,bu2 | bu4 | fou1 | fou3 | fu1,polyphone,01a0d5d5-3be6-7143-abe1-7eb6a8d793b7,
四气调神大论篇第二,01a0d5d5-3b2b-7013-acb2-e027d2f17fa6,8,，邪害空窍，阳气者闭塞，地气者冒明，云雾不精，则上应白露不下。交通不表，万物命故不施，不施则名木多死。恶气不发，风雨不节，白露不下，则菀稿不荣。贼,万,wan4,mo4 | wan4,polyphone,01a0d5d5-3be6-7143-abe1-7eb79a7e04ee,
四气调神大论篇第二,01a0d5d5-3b2b-7013-acb2-e027d2f17fa6,8,窍，阳气者闭塞，地气者冒明，云雾不精，则上应白露不下。交通不表，万物命故不施，不施则名木多死。恶气不发，风雨不节，白露不下，则菀稿不荣。贼风数至，,不,bu4,bu2 | bu4 | fou1 | fou3 | fu1,polyphone,01a0d5d5-3be6-7143-abe1-7eb8119a108f,
四气调神大论篇第二,01a0d5d5-3b2b-7013-acb2-e027d2f17fa6,8,，阳气者闭塞，地气者冒明，云雾不精，则上应白露不下。交通不表，万物命故不施，不施则名木多死。恶气不发，风雨不节，白露不下，则菀稿不荣。贼风数至，暴,施,shi1,shi1 | shi3 | yi4,polyphone,01a0d5d5-3be6-7143-abe1-7eb91b4dedfe,
四气调神大论篇第二,01a0d5d5-3b2b-7013-acb2-e027d2f17fa6,8,气者闭塞，地气者冒明，云雾不精，则上应白露不下。交通不表，万物命故不施，不施则名木多死。恶气不发，风雨不节，白露不下，则菀稿不荣。贼风数至，暴雨数,不,bu4,bu2 | bu4 | fou1 | fou3 | fu1,polyphone,01a0d5d5-3be6-7143-abe1-7eba368d4486,
四气调神大论篇第二,01a0d5d5-3b2b-7013-acb2-e027d2f17fa6,8,者闭塞，地气者冒明，云雾不精，则上应白露不下。交通不表，万物命故不施，不施则名木多死。恶气不发，风雨不节，白露不下，则菀稿不荣。贼风数至，暴雨数起,施,shi1,shi1 | shi3 | yi4,polyphone,01a0d5d5-3be6-7143-abe1-7ebb8bd6fa89,
四气调神大论篇第二,01a0d5d5-3b2b-7013-acb2-e027d2f17fa6,8,塞，地气者冒明，云雾不精，则上应白露不下。交通不表，万物命故不施，不施则名木多死。恶气不发，风雨不节，白露不下，则菀稿不荣。贼风数至，暴雨数起，天,名,ming2,ming2 | ming4,polyphone,01a0d5d5-3be6-7143-abe1-7ebcab42b4fa,
四气调神大论篇第二,01a0d5d5-3b2b-7013-acb2-e02809aed2fe,9,冒明，云雾不精，则上应白露不下。交通不表，万物命故不施，不施则名木多死。恶气不发，风雨不节，白露不下，则菀稿不荣。贼风数至，暴雨数起，天地四时不相,恶,e4,e3 | e4 | wu1 | wu4,polyphone,01a0d5d5-3be8-723d-97aa-f3090259585f,
四气调神大论篇第二,01a0d5d5-3b2b-7013-acb2-e02809aed2fe,9,明，云雾不精，则上应白露不下。交通不表，万物命故不施，不施则名木多死。恶气不发，风雨不节，白露不下，则菀稿不荣。贼风数至，暴雨数起，天地四时不相保,气,qi4,qi3 | qi4,polyphone,01a0d5d5-3be8-723d-97aa-f30a43fb1d82,
四气调神大论篇第二,01a0d5d5-3b2b-7013-acb2-e02809aed2fe,9,，云雾不精，则上应白露不下。交通不表，万物命故不施，不施则名木多死。恶气不发，风雨不节，白露不下，则菀稿不荣。贼风数至，暴雨数起，天地四时不相保，,不,bu4,bu2 | bu4 | fou1 | fou3 | fu1,polyphone,01a0d5d5-3be8-723d-97aa-f30bc429c053,
四气调神大论篇第二,01a0d5d5-3b2b-7013-acb2-e02809aed2fe,9,云雾不精，则上应白露不下。交通不表，万物命故不施，不施则名木多死。恶气不发，风雨不节，白露不下，则菀稿不荣。贼风数至，暴雨数起，天地四时不相保，与,发,fa1,fa1 | fa4,polyphone,01a0d5d5-3be8-723d-97aa-f30c9a37dfc5,
四气调神大论篇第二,01a0d5d5-3b2b-7013-acb2-e02809aed2fe,9,精，则上应白露不下。交通不表，万物命故不施，不施则名木多死。恶气不发，风雨不节，白露不下，则菀稿不荣。贼风数至，暴雨数起，天地四时不相保，与道相失,雨,yu3,yu3 | yu4,polyphone,01a0d5d5-3be8-723d-97aa-f30ded3660d2,
四气调神大论篇第二,01a0d5d5-3b2b-7013-acb2-e02809aed2fe,9,，则上应白露不下。交通不表，万物命故不施，不施则名木多死。恶气不发，风雨不节，白露不下，则菀稿不荣。贼风数至，暴雨数起，天地四时不相保，与道相失，,不,bu4,bu2 | bu4 | fou1 | fou3 | fu1,polyphone,01a0d5d5-3be8-723d-97aa-f30eac7171af,
四气调神大论篇第二,01a0d5d5-3b2b-7013-acb2-e02809aed2fe,9,则上应白露不下。交通不表，万物命故不施，不施则名木多死。恶气不发，风雨不节，白露不下，则菀稿不荣。贼风数至，暴雨数起，天地四时不相保，与道相失，则,节,jie2,jie1 | jie2,polyphone,01a0d5d5-3be8-723d-97aa-f30f286a3c2f,
四气调神大论篇第二,01a0d5d5-3b2b-7013-acb2-e02809aed2fe,9,应白露不下。交通不表，万物命故不施，不施则名木多死。恶气不发，风雨不节，白露不下，则菀稿不荣。贼风数至，暴雨数起，天地四时不相保，与道相失，则未央,白,bai2,bai2 | bo2,polyphone,01a0d5d5-3be8-723d-97aa-f31013725148,
四气调神大论篇第二,01a0d5d5-3b2b-7013-acb2-e02809aed2fe,9,白露不下。交通不表，万物命故不施，不施则名木多死。恶气不发，风雨不节，白露不下，则菀稿不荣。贼风数至，暴雨数起，天地四时不相保，与道相失，则未央绝,露,lu4,lou4 | lu4,polyphone,01a0d5d5-3be8-723d-97aa-f311c3f39a3f,
四气调神大论篇第二,01a0d5d5-3b2b-7013-acb2-e02809aed2fe,9,露不下。交通不表，万物命故不施，不施则名木多死。恶气不发，风雨不节，白露不下，则菀稿不荣。贼风数至，暴雨数起，天地四时不相保，与道相失，则未央绝灭,不,bu4,bu2 | bu4 | fou1 | fou3 | fu1,polyphone,01a0d5d5-3be8-723d-97aa-f31206fb7034,
四气调神大论篇第二,01a0d5d5-3b2b-7013-acb2-e02809aed2fe,9,交通不表，万物命故不施，不施则名木多死。恶气不发，风雨不节，白露不下，则菀稿不荣。贼风数至，暴雨数起，天地四时不相保，与道相失，则未央绝灭。唯圣人,菀,wan3,wan3 | yu4 | yun4,polyphone,01a0d5d5-3be8-723d-97aa-f3135229499b,
四气调神大论篇第二,01a0d5d5-3b2b-7013-acb2-e02809aed2fe,9,不表，万物命故不施，不施则名木多死。恶气不发，风雨不节，白露不下，则菀稿不荣。贼风数至，暴雨数起，天地四时不相保，与道相失，则未央绝灭。唯圣人从之,不,bu4,bu2 | bu4 | fou1 | fou3 | fu1,polyphone,01a0d5d5-3be8-723d-97aa-f314cff05759,
四气调神大论篇第二,01a0d5d5-3b2b-7013-acb2-e0297d90bb6d,10,施，不施则名木多死。恶气不发，风雨不节，白露不下，则菀稿不荣。贼风数至，暴雨数起，天地四时不相保，与道相失，则未央绝灭。唯圣人从之，故身无苛病，万,暴,bao4,bao4 | bo2 | pu4,polyphone,01a0d5d5-3be9-71d5-8c8f-ba8a257a0876,
四气调神大论篇第二,01a0d5d5-3b2b-7013-acb2-e0297d90bb6d,10,，不施则名木多死。恶气不发，风雨不节，白露不下，则菀稿不荣。贼风数至，暴雨数起，天地四时不相保，与道相失，则未央绝灭。唯圣人从之，故身无苛病，万物,雨,yu3,yu3 | yu4,polyphone,01a0d5d5-3be9-71d5-8c8f-ba8b3f3cbcaa,
四气调神大论篇第二,01a0d5d5-3b2b-7013-acb2-e0297d90bb6d,10,。恶气不发，风雨不节，白露不下，则菀稿不荣。贼风数至，暴雨数起，天地四时不相保，与道相失，则未央绝灭。唯圣人从之，故身无苛病，万物不失，生气不竭。,不,bu4,bu2 | bu4 | fou1 | fou3 | fu1,polyphone,01a0d5d5-3be9-71d5-8c8f-ba8d88accf3d,
四气调神大论篇第二,01a0d5d5-3b2b-7013-acb2-e0297d90bb6d,10,"恶气不发，风雨不节，白露不下，则菀稿不荣。贼风数至，暴雨数起，天地四时不相保，与道相失，则未央绝灭。唯圣人从之，故身无苛病，万物不失，生气不竭。
",相,xiang1,xiang1 | xiang4,polyphone,01a0d5d5-3be9-71d5-8c8f-ba8e234050db,
四气调神大论篇第二,01a0d5d5-3b2b-7013-acb2-e0297d90bb6d,10,"发，风雨不节，白露不下，则菀稿不荣。贼风数至，暴雨数起，天地四时不相保，与道相失，则未央绝灭。唯圣人从之，故身无苛病，万物不失，生气不竭。

逆春",与,yu3,yu2 | yu3 | yu4,polyphone,01a0d5d5-3be9-71d5-8c8f-ba8fbafa0b73,
四气调神大论篇第二,01a0d5d5-3b2b-7013-acb2-e0297d90bb6d,10,"，风雨不节，白露不下，则菀稿不荣。贼风数至，暴雨数起，天地四时不相保，与道相失，则未央绝灭。唯圣人从之，故身无苛病，万物不失，生气不竭。

逆春气",道,dao4,dao3 | dao4,polyphone,01a0d5d5-3be9-71d5-8c8f-ba90beac2671,
四气调神大论篇第二,01a0d5d5-3b2b-7013-acb2-e0297d90bb6d,10,"风雨不节，白露不下，则菀稿不荣。贼风数至，暴雨数起，天地四时不相保，与道相失，则未央绝灭。唯圣人从之，故身无苛病，万物不失，生气不竭。

逆春气，",相,xiang1,xiang1 | xiang4,polyphone,01a0d5d5-3be9-71d5-8c8f-ba91b429de61,
四气调神大论篇第二,01a0d5d5-3b2b-7013-acb2-e0297d90bb6d,10,"雨不节，白露不下，则菀稿不荣。贼风数至，暴雨数起，天地四时不相保，与道相失，则未央绝灭。唯圣人从之，故身无苛病，万物不失，生气不竭。

逆春气，则",失,shi1,shi1 | yi4,polyphone,01a0d5d5-3be9-71d5-8c8f-ba929a62e022,
四气调神大论篇第二,01a0d5d5-3b2b-7013-acb2-e0297d90bb6d,10,"白露不下，则菀稿不荣。贼风数至，暴雨数起，天地四时不相保，与道相失，则未央绝灭。唯圣人从之，故身无苛病，万物不失，生气不竭。

逆春气，则少阳不生",央,yang1,yang1 | ying1,polyphone,01a0d5d5-3be9-71d5-8c8f-ba932aa9ca99,
四气调神大论篇第二,01a0d5d5-3b2b-7013-acb2-e02a7e6fea90,11,"，则菀稿不荣。贼风数至，暴雨数起，天地四时不相保，与道相失，则未央绝灭。唯圣人从之，故身无苛病，万物不失，生气不竭。

逆春气，则少阳不生，肝气内",唯,wei2,wei2 | wei3,polyphone,01a0d5d5-3bec-768d-9138-e2079c1d778a,
四气调神大论篇第二,01a0d5d5-3b2b-7013-acb2-e02a7e6fea90,11,"则菀稿不荣。贼风数至，暴雨数起，天地四时不相保，与道相失，则未央绝灭。唯圣人从之，故身无苛病，万物不失，生气不竭。

逆春气，则少阳不生，肝气内变",圣,sheng4,ku1 | sheng4,polyphone,01a0d5d5-3bec-768d-9138-e208dd67a8f6,
四气调神大论篇第二,01a0d5d5-3b2b-7013-acb2-e02a7e6fea90,11,"稿不荣。贼风数至，暴雨数起，天地四时不相保，与道相失，则未央绝灭。唯圣人从之，故身无苛病，万物不失，生气不竭。

逆春气，则少阳不生，肝气内变。
",从,cong2,cong2 | zong4,polyphone,01a0d5d5-3bec-768d-9138-e2090a40354e,
四气调神大论篇第二,01a0d5d5-3b2b-7013-acb2-e02a7e6fea90,11,"不荣。贼风数至，暴雨数起，天地四时不相保，与道相失，则未央绝灭。唯圣人从之，故身无苛病，万物不失，生气不竭。

逆春气，则少阳不生，肝气内变。
逆",之,zhi1,zhi1 | zhi4 | zhu1,polyphone,01a0d5d5-3bec-768d-9138-e20a98d1201d,
四气调神大论篇第二,01a0d5d5-3b2b-7013-acb2-e02a7e6fea90,11,"贼风数至，暴雨数起，天地四时不相保，与道相失，则未央绝灭。唯圣人从之，故身无苛病，万物不失，生气不竭。

逆春气，则少阳不生，肝气内变。
逆夏气，",身,shen1,juan1 | shen1,polyphone,01a0d5d5-3bec-768d-9138-e20bd35f5007,
四气调神大论篇第二,01a0d5d5-3b2b-7013-acb2-e02a7e6fea90,11,"风数至，暴雨数起，天地四时不相保，与道相失，则未央绝灭。唯圣人从之，故身无苛病，万物不失，生气不竭。

逆春气，则少阳不生，肝气内变。
逆夏气，则",无,wu2,mo2 | wu2,polyphone,01a0d5d5-3bec-768d-9138-e20c59c0a79b,
四气调神大论篇第二,01a0d5d5-3b2b-7013-acb2-e02a7e6fea90,11,"数至，暴雨数起，天地四时不相保，与道相失，则未央绝灭。唯圣人从之，故身无苛病，万物不失，生气不竭。

逆春气，则少阳不生，肝气内变。
逆夏气，则太",苛,ke1,he1 | ke1,polyphone,01a0d5d5-3bec-768d-9138-e20da2b7ec14,
四气调神大论篇第二,01a0d5d5-3b2b-7013-acb2-e02a7e6fea90,11,"暴雨数起，天地四时不相保，与道相失，则未央绝灭。唯圣人从之，故身无苛病，万物不失，生气不竭。

逆春气，则少阳不生，肝气内变。
逆夏气，则太阳不长",万,wan4,mo4 | wan4,polyphone,01a0d5d5-3bec-768d-9138-e20eaccf52eb,
四气调神大论篇第二,01a0d5d5-3b2b-7013-acb2-e02a7e6fea90,11,"数起，天地四时不相保，与道相失，则未央绝灭。唯圣人从之，故身无苛病，万物不失，生气不竭。

逆春气，则少阳不生，肝气内变。
逆夏气，则太阳不长，心",不,bu4,bu2 | bu4 | fou1 | fou3 | fu1,polyphone,01a0d5d5-3bec-768d-9138-e20feb811959,
四气调神大论篇第二,01a0d5d5-3b2b-7013-acb2-e02a7e6fea90,11,"起，天地四时不相保，与道相失，则未央绝灭。唯圣人从之，故身无苛病，万物不失，生气不竭。

逆春气，则少阳不生，肝气内变。
逆夏气，则太阳不长，心气",失,shi1,shi1 | yi4,polyphone,01a0d5d5-3bec-768d-9138-e210e6c5e3d7,
四气调神大论篇第二,01a0d5d5-3b2b-7013-acb2-e02a7e6fea90,11,"地四时不相保，与道相失，则未央绝灭。唯圣人从之，故身无苛病，万物不失，生气不竭。

逆春气，则少阳不生，肝气内变。
逆夏气，则太阳不长，心气内洞。",气,qi4,qi3 | qi4,polyphone,01a0d5d5-3bec-768d-9138-e211f7501cc4,
四气调神大论篇第二,01a0d5d5-3b2b-7013-acb2-e02a7e6fea90,11,"四时不相保，与道相失，则未央绝灭。唯圣人从之，故身无苛病，万物不失，生气不竭。

逆春气，则少阳不生，肝气内变。
逆夏气，则太阳不长，心气内洞。
",不,bu4,bu2 | bu4 | fou1 | fou3 | fu1,polyphone,01a0d5d5-3bec-768d-9138-e2126c17684f,
四气调神大论篇第二,01a0d5d5-3b2b-7013-acb2-e02a7e6fea90,11,"与道相失，则未央绝灭。唯圣人从之，故身无苛病，万物不失，生气不竭。

逆春气，则少阳不生，肝气内变。
逆夏气，则太阳不长，心气内洞。
逆秋气，则少",春,chun1,chun1 | chun3,polyphone,01a0d5d5-3bec-768d-9138-e213255ca4cd,
四气调神大论篇第二,01a0d5d5-3b2b-7013-acb2-e02a7e6fea90,11,"道相失，则未央绝灭。唯圣人从之，故身无苛病，万物不失，生气不竭。

逆春气，则少阳不生，肝气内变。
逆夏气，则太阳不长，心气内洞。
逆秋气，则少阴",气,qi4,qi3 | qi4,polyphone,01a0d5d5-3bec-768d-9138-e214e2cb3b00,
四气调神大论篇第二,01a0d5d5-3b2b-7013-acb2-e02a7e6fea90,11,"未央绝灭。唯圣人从之，故身无苛病，万物不失，生气不竭。

逆春气，则少阳不生，肝气内变。
逆夏气，则太阳不长，心气内洞。
逆秋气，则少阴不收，肺气",不,bu4,bu2 | bu4 | fou1 | fou3 | fu1,polyphone,01a0d5d5-3bec-768d-9138-e2161305740b,
四气调神大论篇第二,01a0d5d5-3b2b-7013-acb2-e02a7e6fea90,11,"。唯圣人从之，故身无苛病，万物不失，生气不竭。

逆春气，则少阳不生，肝气内变。
逆夏气，则太阳不长，心气内洞。
逆秋气，则少阴不收，肺气焦满。逆",气,qi4,qi3 | qi4,polyphone,01a0d5d5-3bec-768d-9138-e217b7935c10,
四气调神大论篇第二,01a0d5d5-3b2b-7013-acb2-e02a7e6fea90,11,"唯圣人从之，故身无苛病，万物不失，生气不竭。

逆春气，则少阳不生，肝气内变。
逆夏气，则太阳不长，心气内洞。
逆秋气，则少阴不收，肺气焦满。逆冬",内,nei4,na4 | nei4 | rui4,polyphone,01a0d5d5-3bec-768d-9138-e2189fb73749,
四气调神大论篇第二,01a0d5d5-3b2b-7013-acb2-e02a7e6fea90,11,"，故身无苛病，万物不失，生气不竭。

逆春气，则少阳不生，肝气内变。
逆夏气，则太阳不长，心气内洞。
逆秋气，则少阴不收，肺气焦满。逆冬气，则太阴",夏,xia4,jia3 | xia4,polyphone,01a0d5d5-3bec-768d-9138-e2194520f3fc,
四气调神大论篇第二,01a0d5d5-3b2b-7013-acb2-e02a7e6fea90,11,"故身无苛病，万物不失，生气不竭。

逆春气，则少阳不生，肝气内变。
逆夏气，则太阳不长，心气内洞。
逆秋气，则少阴不收，肺气焦满。逆冬气，则太阴不",气,qi4,qi3 | qi4,polyphone,01a0d5d5-3bec-768d-9138-e21ab30c25f2,
四气调神大论篇第二,01a0d5d5-3b2b-7013-acb2-e02a7e6fea90,11,"苛病，万物不失，生气不竭。

逆春气，则少阳不生，肝气内变。
逆夏气，则太阳不长，心气内洞。
逆秋气，则少阴不收，肺气焦满。逆冬气，则太阴不藏，肾",太,tai4,ta1 | tai4,polyphone,01a0d5d5-3bec-768d-9138-e21ba551e13d,
四气调神大论篇第二,01a0d5d5-3b2b-7013-acb2-e02a7e6fea90,11,"，万物不失，生气不竭。

逆春气，则少阳不生，肝气内变。
逆夏气，则太阳不长，心气内洞。
逆秋气，则少阴不收，肺气焦满。逆冬气，则太阴不藏，肾气独",不,bu4,bu2 | bu4 | fou1 | fou3 | fu1,polyphone,01a0d5d5-3bec-768d-9138-e21c924726fc,
四气调神大论篇第二,01a0d5d5-3b2b-7013-acb2-e02a7e6fea90,11,"万物不失，生气不竭。

逆春气，则少阳不生，肝气内变。
逆夏气，则太阳不长，心气内洞。
逆秋气，则少阴不收，肺气焦满。逆冬气，则太阴不藏，肾气独沉",长,zhang3,chang2 | zhang3,polyphone,01a0d5d5-3bec-768d-9138-e21de34de68c,
四气调神大论篇第二,01a0d5d5-3b2b-7013-acb2-e02a7e6fea90,11,"失，生气不竭。

逆春气，则少阳不生，肝气内变。
逆夏气，则太阳不长，心气内洞。
逆秋气，则少阴不收，肺气焦满。逆冬气，则太阴不藏，肾气独沉。

",气,qi4,qi3 | qi4,polyphone,01a0d5d5-3bec-768d-9138-e21edbc7d3a2,
四气调神大论篇第二,01a0d5d5-3b2b-7013-acb2-e02a7e6fea90,11,"，生气不竭。

逆春气，则少阳不生，肝气内变。
逆夏气，则太阳不长，心气内洞。
逆秋气，则少阴不收，肺气焦满。逆冬气，则太阴不藏，肾气独沉。

夫",内,nei4,na4 | nei4 | rui4,polyphone,01a0d5d5-3bec-768d-9138-e21fe1b3e3a9,
四气调神大论篇第二,01a0d5d5-3b2b-7013-acb2-e02a7e6fea90,11,"生气不竭。

逆春气，则少阳不生，肝气内变。
逆夏气，则太阳不长，心气内洞。
逆秋气，则少阴不收，肺气焦满。逆冬气，则太阴不藏，肾气独沉。

夫四",洞,dong4,dong4 | tong2,polyphone,01a0d5d5-3bec-768d-9138-e220381164ec,
四气调神大论篇第二,01a0d5d5-3b2b-7013-acb2-e02a7e6fea90,11,"

逆春气，则少阳不生，肝气内变。
逆夏气，则太阳不长，心气内洞。
逆秋气，则少阴不收，肺气焦满。逆冬气，则太阴不藏，肾气独沉。

夫四时阴阳者，",气,qi4,qi3 | qi4,polyphone,01a0d5d5-3bec-768d-9138-e2214c3026d5,
四气调神大论篇第二,01a0d5d5-3b2b-7013-acb2-e02a7e6fea90,11,"，则少阳不生，肝气内变。
逆夏气，则太阳不长，心气内洞。
逆秋气，则少阴不收，肺气焦满。逆冬气，则太阴不藏，肾气独沉。

夫四时阴阳者，万物之根本",不,bu4,bu2 | bu4 | fou1 | fou3 | fu1,polyphone,01a0d5d5-3bec-768d-9138-e22374ab530d,
四气调神大论篇第二,01a0d5d5-3b2b-7013-acb2-e02a7e6fea90,11,"阳不生，肝气内变。
逆夏气，则太阳不长，心气内洞。
逆秋气，则少阴不收，肺气焦满。逆冬气，则太阴不藏，肾气独沉。

夫四时阴阳者，万物之根本也。所",肺,fei4,fei4 | pei4,polyphone,01a0d5d5-3bec-768d-9138-e224695bbc36,
四气调神大论篇第二,01a0d5d5-3b2b-7013-acb2-e02a7e6fea90,11,"不生，肝气内变。
逆夏气，则太阳不长，心气内洞。
逆秋气，则少阴不收，肺气焦满。逆冬气，则太阴不藏，肾气独沉。

夫四时阴阳者，万物之根本也。所以",气,qi4,qi3 | qi4,polyphone,01a0d5d5-3bec-768d-9138-e2254ad6d408,
四气调神大论篇第二,01a0d5d5-3b2b-7013-acb2-e02a7e6fea90,11,"生，肝气内变。
逆夏气，则太阳不长，心气内洞。
逆秋气，则少阴不收，肺气焦满。逆冬气，则太阴不藏，肾气独沉。

夫四时阴阳者，万物之根本也。所以圣",焦,jiao1,jiao1 | qiao2,polyphone,01a0d5d5-3bec-768d-9138-e226b420251d,
四气调神大论篇第二,01a0d5d5-3b2b-7013-acb2-e02ba3ec5ab8,12,"变。
逆夏气，则太阳不长，心气内洞。
逆秋气，则少阴不收，肺气焦满。逆冬气，则太阴不藏，肾气独沉。

夫四时阴阳者，万物之根本也。所以圣人春夏养阳",气,qi4,qi3 | qi4,polyphone,01a0d5d5-3bef-71ac-9305-3b457ddad82b,
四气调神大论篇第二,01a0d5d5-3b2b-7013-acb2-e02ba3ec5ab8,12,"逆夏气，则太阳不长，心气内洞。
逆秋气，则少阴不收，肺气焦满。逆冬气，则太阴不藏，肾气独沉。

夫四时阴阳者，万物之根本也。所以圣人春夏养阳，秋冬",太,tai4,ta1 | tai4,polyphone,01a0d5d5-3bef-71ac-9305-3b46e1bd5b4d,
四气调神大论篇第二,01a0d5d5-3b2b-7013-acb2-e02ba3ec5ab8,12,"气，则太阳不长，心气内洞。
逆秋气，则少阴不收，肺气焦满。逆冬气，则太阴不藏，肾气独沉。

夫四时阴阳者，万物之根本也。所以圣人春夏养阳，秋冬养阴",不,bu4,bu2 | bu4 | fou1 | fou3 | fu1,polyphone,01a0d5d5-3bef-71ac-9305-3b4718dd33cb,
四气调神大论篇第二,01a0d5d5-3b2b-7013-acb2-e02ba3ec5ab8,12,"，则太阳不长，心气内洞。
逆秋气，则少阴不收，肺气焦满。逆冬气，则太阴不藏，肾气独沉。

夫四时阴阳者，万物之根本也。所以圣人春夏养阳，秋冬养阴，",藏,cang2,cang2 | zang1 | zang4,polyphone,01a0d5d5-3bef-71ac-9305-3b48ebeba452,
四气调神大论篇第二,01a0d5d5-3b2b-7013-acb2-e02ba3ec5ab8,12,"阳不长，心气内洞。
逆秋气，则少阴不收，肺气焦满。逆冬气，则太阴不藏，肾气独沉。

夫四时阴阳者，万物之根本也。所以圣人春夏养阳，秋冬养阴，以从其",气,qi4,qi3 | qi4,polyphone,01a0d5d5-3bef-71ac-9305-3b49035e1597,
四气调神大论篇第二,01a0d5d5-3b2b-7013-acb2-e02ba3ec5ab8,12,"内洞。
逆秋气，则少阴不收，肺气焦满。逆冬气，则太阴不藏，肾气独沉。

夫四时阴阳者，万物之根本也。所以圣人春夏养阳，秋冬养阴，以从其根，故与万物",夫,fu1,fu1 | fu2,polyphone,01a0d5d5-3bef-71ac-9305-3b4a73276b8d,
四气调神大论篇第二,01a0d5d5-3b2b-7013-acb2-e02ba3ec5ab8,12,"，则少阴不收，肺气焦满。逆冬气，则太阴不藏，肾气独沉。

夫四时阴阳者，万物之根本也。所以圣人春夏养阳，秋冬养阴，以从其根，故与万物沉浮于生长之门",万,wan4,mo4 | wan4,polyphone,01a0d5d5-3bef-71ac-9305-3b4bb329e7b0,
四气调神大论篇第二,01a0d5d5-3b2b-7013-acb2-e02ba3ec5ab8,12,"少阴不收，肺气焦满。逆冬气，则太阴不藏，肾气独沉。

夫四时阴阳者，万物之根本也。所以圣人春夏养阳，秋冬养阴，以从其根，故与万物沉浮于生长之门。逆",之,zhi1,zhi1 | zhi4 | zhu1,polyphone,01a0d5d5-3bef-71ac-9305-3b4c2a2009ce,
四气调神大论篇第二,01a0d5d5-3b2b-7013-acb2-e02ba3ec5ab8,12,"不收，肺气焦满。逆冬气，则太阴不藏，肾气独沉。

夫四时阴阳者，万物之根本也。所以圣人春夏养阳，秋冬养阴，以从其根，故与万物沉浮于生长之门。逆其根",本,ben3,ben1 | ben3,polyphone,01a0d5d5-3bef-71ac-9305-3b4d08a5be7b,
四气调神大论篇第二,01a0d5d5-3b2b-7013-acb2-e02ba3ec5ab8,12,"收，肺气焦满。逆冬气，则太阴不藏，肾气独沉。

夫四时阴阳者，万物之根本也。所以圣人春夏养阳，秋冬养阴，以从其根，故与万物沉浮于生长之门。逆其根，",也,ye3,ye3 | yi2,polyphone,01a0d5d5-3bef-71ac-9305-3b4efa5bdadf,
四气调神大论篇第二,01a0d5d5-3b2b-7013-acb2-e02c1e151b06,13,"气焦满。逆冬气，则太阴不藏，肾气独沉。

夫四时阴阳者，万物之根本也。所以圣人春夏养阳，秋冬养阴，以从其根，故与万物沉浮于生长之门。逆其根，则伐其",以,yi3,si4 | yi3,polyphone,01a0d5d5-3bf1-726b-9a43-9f071055542b,
四气调神大论篇第二,01a0d5d5-3b2b-7013-acb2-e02c1e151b06,13,"焦满。逆冬气，则太阴不藏，肾气独沉。

夫四时阴阳者，万物之根本也。所以圣人春夏养阳，秋冬养阴，以从其根，故与万物沉浮于生长之门。逆其根，则伐其本",圣,sheng4,ku1 | sheng4,polyphone,01a0d5d5-3bf1-726b-9a43-9f082865b719,
四气调神大论篇第二,01a0d5d5-3b2b-7013-acb2-e02c1e151b06,13,"。逆冬气，则太阴不藏，肾气独沉。

夫四时阴阳者，万物之根本也。所以圣人春夏养阳，秋冬养阴，以从其根，故与万物沉浮于生长之门。逆其根，则伐其本，坏",春,chun1,chun1 | chun3,polyphone,01a0d5d5-3bf1-726b-9a43-9f09a094d25f,
四气调神大论篇第二,01a0d5d5-3b2b-7013-acb2-e02c1e151b06,13,"逆冬气，则太阴不藏，肾气独沉。

夫四时阴阳者，万物之根本也。所以圣人春夏养阳，秋冬养阴，以从其根，故与万物沉浮于生长之门。逆其根，则伐其本，坏其",夏,xia4,jia3 | xia4,polyphone,01a0d5d5-3bf1-726b-9a43-9f0abb9ae9fb,
四气调神大论篇第二,01a0d5d5-3b2b-7013-acb2-e02c1e151b06,13,"，肾气独沉。

夫四时阴阳者，万物之根本也。所以圣人春夏养阳，秋冬养阴，以从其根，故与万物沉浮于生长之门。逆其根，则伐其本，坏其真矣。故阴阳四时者",以,yi3,si4 | yi3,polyphone,01a0d5d5-3bf1-726b-9a43-9f0be181ab93,
四气调神大论篇第二,01a0d5d5-3b2b-7013-acb2-e02c1e151b06,13,"肾气独沉。

夫四时阴阳者，万物之根本也。所以圣人春夏养阳，秋冬养阴，以从其根，故与万物沉浮于生长之门。逆其根，则伐其本，坏其真矣。故阴阳四时者，",从,cong2,cong2 | zong4,polyphone,01a0d5d5-3bf1-726b-9a43-9f0c23dfe168,
四气调神大论篇第二,01a0d5d5-3b2b-7013-acb2-e02c1e151b06,13,"气独沉。

夫四时阴阳者，万物之根本也。所以圣人春夏养阳，秋冬养阴，以从其根，故与万物沉浮于生长之门。逆其根，则伐其本，坏其真矣。故阴阳四时者，万",其,qi2,ji1 | ji4 | qi2,polyphone,01a0d5d5-3bf1-726b-9a43-9f0d2a823006,
四气调神大论篇第二,01a0d5d5-3b2b-7013-acb2-e02c1e151b06,13,"

夫四时阴阳者，万物之根本也。所以圣人春夏养阳，秋冬养阴，以从其根，故与万物沉浮于生长之门。逆其根，则伐其本，坏其真矣。故阴阳四时者，万物之终始",与,yu3,yu2 | yu3 | yu4,polyphone,01a0d5d5-3bf1-726b-9a43-9f0e2db56647,
四气调神大论篇第二,01a0d5d5-3b2b-7013-acb2-e02c1e151b06,13,"
夫四时阴阳者，万物之根本也。所以圣人春夏养阳，秋冬养阴，以从其根，故与万物沉浮于生长之门。逆其根，则伐其本，坏其真矣。故阴阳四时者，万物之终始也",万,wan4,mo4 | wan4,polyphone,01a0d5d5-3bf1-726b-9a43-9f0f69558760,
四气调神大论篇第二,01a0d5d5-3b2b-7013-acb2-e02c1e151b06,13,阴阳者，万物之根本也。所以圣人春夏养阳，秋冬养阴，以从其根，故与万物沉浮于生长之门。逆其根，则伐其本，坏其真矣。故阴阳四时者，万物之终始也，死生之,于,yu2,wei2 | xu1 | yu1 | yu2,polyphone,01a0d5d5-3bf1-726b-9a43-9f104805029d,
四气调神大论篇第二,01a0d5d5-3b2b-7013-acb2-e02c1e151b06,13,者，万物之根本也。所以圣人春夏养阳，秋冬养阴，以从其根，故与万物沉浮于生长之门。逆其根，则伐其本，坏其真矣。故阴阳四时者，万物之终始也，死生之本也,长,zhang3,chang2 | zhang3,polyphone,01a0d5d5-3bf1-726b-9a43-9f11846a3035,
四气调神大论篇第二,01a0d5d5-3b2b-7013-acb2-e02c1e151b06,13,，万物之根本也。所以圣人春夏养阳，秋冬养阴，以从其根，故与万物沉浮于生长之门。逆其根，则伐其本，坏其真矣。故阴阳四时者，万物之终始也，死生之本也，,之,zhi1,zhi1 | zhi4 | zhu1,polyphone,01a0d5d5-3bf1-726b-9a43-9f124ad47f85,
四气调神大论篇第二,01a0d5d5-3b2b-7013-acb2-e02c1e151b06,13,根本也。所以圣人春夏养阳，秋冬养阴，以从其根，故与万物沉浮于生长之门。逆其根，则伐其本，坏其真矣。故阴阳四时者，万物之终始也，死生之本也，逆之则灾,其,qi2,ji1 | ji4 | qi2,polyphone,01a0d5d5-3bf1-726b-9a43-9f13630ebe79,
四气调神大论篇第二,01a0d5d5-3b2b-7013-acb2-e02c1e151b06,13,以圣人春夏养阳，秋冬养阴，以从其根，故与万物沉浮于生长之门。逆其根，则伐其本，坏其真矣。故阴阳四时者，万物之终始也，死生之本也，逆之则灾害生，从之,其,qi2,ji1 | ji4 | qi2,polyphone,01a0d5d5-3bf1-726b-9a43-9f1492663796,
四气调神大论篇第二,01a0d5d5-3b2b-7013-acb2-e02c1e151b06,13,圣人春夏养阳，秋冬养阴，以从其根，故与万物沉浮于生长之门。逆其根，则伐其本，坏其真矣。故阴阳四时者，万物之终始也，死生之本也，逆之则灾害生，从之则,本,ben3,ben1 | ben3,polyphone,01a0d5d5-3bf1-726b-9a43-9f1531f39466,
四气调神大论篇第二,01a0d5d5-3b2b-7013-acb2-e02c1e151b06,13,春夏养阳，秋冬养阴，以从其根，故与万物沉浮于生长之门。逆其根，则伐其本，坏其真矣。故阴阳四时者，万物之终始也，死生之本也，逆之则灾害生，从之则苛疾,坏,huai4,huai4 | pei2 | pi1,polyphone,01a0d5d5-3bf1-726b-9a43-9f16da1a5494,
四气调神大论篇第二,01a0d5d5-3b2b-7013-acb2-e02c1e151b06,13,夏养阳，秋冬养阴，以从其根，故与万物沉浮于生长之门。逆其根，则伐其本，坏其真矣。故阴阳四时者，万物之终始也，死生之本也，逆之则灾害生，从之则苛疾不,其,qi2,ji1 | ji4 | qi2,polyphone,01a0d5d5-3bf1-726b-9a43-9f1717d20abc,
四气调神大论篇第二,01a0d5d5-3b2b-7013-acb2-e02c1e151b06,13,阳，秋冬养阴，以从其根，故与万物沉浮于生长之门。逆其根，则伐其本，坏其真矣。故阴阳四时者，万物之终始也，死生之本也，逆之则灾害生，从之则苛疾不起，,矣,yi3,xian2 | yi3,polyphone,01a0d5d5-3bf1-726b-9a43-9f18f40d8b48,
四气调神大论篇第二,01a0d5d5-3b2b-7013-acb2-e02dc68e5358,14,其根，故与万物沉浮于生长之门。逆其根，则伐其本，坏其真矣。故阴阳四时者，万物之终始也，死生之本也，逆之则灾害生，从之则苛疾不起，是谓得道。道者，圣,万,wan4,mo4 | wan4,polyphone,01a0d5d5-3bf3-74c2-8bd4-be10371c1fd3,
四气调神大论篇第二,01a0d5d5-3b2b-7013-acb2-e02dc68e5358,14,，故与万物沉浮于生长之门。逆其根，则伐其本，坏其真矣。故阴阳四时者，万物之终始也，死生之本也，逆之则灾害生，从之则苛疾不起，是谓得道。道者，圣人行,之,zhi1,zhi1 | zhi4 | zhu1,polyphone,01a0d5d5-3bf3-74c2-8bd4-be11f5a6262e,
四气调神大论篇第二,01a0d5d5-3b2b-7013-acb2-e02dc68e5358,14,万物沉浮于生长之门。逆其根，则伐其本，坏其真矣。故阴阳四时者，万物之终始也，死生之本也，逆之则灾害生，从之则苛疾不起，是谓得道。道者，圣人行之，愚,也,ye3,ye3 | yi2,polyphone,01a0d5d5-3bf3-74c2-8bd4-be123c642ab0,
四气调神大论篇第二,01a0d5d5-3b2b-7013-acb2-e02dc68e5358,14,于生长之门。逆其根，则伐其本，坏其真矣。故阴阳四时者，万物之终始也，死生之本也，逆之则灾害生，从之则苛疾不起，是谓得道。道者，圣人行之，愚者佩之。,之,zhi1,zhi1 | zhi4 | zhu1,polyphone,01a0d5d5-3bf3-74c2-8bd4-be13a670644c,
四气调神大论篇第二,01a0d5d5-3b2b-7013-acb2-e02dc68e5358,14,生长之门。逆其根，则伐其本，坏其真矣。故阴阳四时者，万物之终始也，死生之本也，逆之则灾害生，从之则苛疾不起，是谓得道。道者，圣人行之，愚者佩之。从,本,ben3,ben1 | ben3,polyphone,01a0d5d5-3bf3-74c2-8bd4-be145365cb6c,
四气调神大论篇第二,01a0d5d5-3b2b-7013-acb2-e02dc68e5358,14,长之门。逆其根，则伐其本，坏其真矣。故阴阳四时者，万物之终始也，死生之本也，逆之则灾害生，从之则苛疾不起，是谓得道。道者，圣人行之，愚者佩之。从阴,也,ye3,ye3 | yi2,polyphone,01a0d5d5-3bf3-74c2-8bd4-be15ad8d4af1,
四气调神大论篇第二,01a0d5d5-3b2b-7013-acb2-e02dc68e5358,14,。逆其根，则伐其本，坏其真矣。故阴阳四时者，万物之终始也，死生之本也，逆之则灾害生，从之则苛疾不起，是谓得道。道者，圣人行之，愚者佩之。从阴阳则生,之,zhi1,zhi1 | zhi4 | zhu1,polyphone,01a0d5d5-3bf3-74c2-8bd4-be16023af5c7,
四气调神大论篇第二,01a0d5d5-3b2b-7013-acb2-e02dc68e5358,14,根，则伐其本，坏其真矣。故阴阳四时者，万物之终始也，死生之本也，逆之则灾害生，从之则苛疾不起，是谓得道。道者，圣人行之，愚者佩之。从阴阳则生，逆之,害,hai4,hai4 | he2,polyphone,01a0d5d5-3bf3-74c2-8bd4-be17a483a5e6,
四气调神大论篇第二,01a0d5d5-3b2b-7013-acb2-e02dc68e5358,14,伐其本，坏其真矣。故阴阳四时者，万物之终始也，死生之本也，逆之则灾害生，从之则苛疾不起，是谓得道。道者，圣人行之，愚者佩之。从阴阳则生，逆之则死。,从,cong2,cong2 | zong4,polyphone,01a0d5d5-3bf3-74c2-8bd4-be1899f0c599,
四气调神大论篇第二,01a0d5d5-3b2b-7013-acb2-e02dc68e5358,14,其本，坏其真矣。故阴阳四时者，万物之终始也，死生之本也，逆之则灾害生，从之则苛疾不起，是谓得道。道者，圣人行之，愚者佩之。从阴阳则生，逆之则死。从,之,zhi1,zhi1 | zhi4 | zhu1,polyphone,01a0d5d5-3bf3-74c2-8bd4-be19178e929c,
四气调神大论篇第二,01a0d5d5-3b2b-7013-acb2-e02dc68e5358,14,，坏其真矣。故阴阳四时者，万物之终始也，死生之本也，逆之则灾害生，从之则苛疾不起，是谓得道。道者，圣人行之，愚者佩之。从阴阳则生，逆之则死。从之则,苛,ke1,he1 | ke1,polyphone,01a0d5d5-3bf3-74c2-8bd4-be1af9143757,
四气调神大论篇第二,01a0d5d5-3b2b-7013-acb2-e02dc68e5358,14,其真矣。故阴阳四时者，万物之终始也，死生之本也，逆之则灾害生，从之则苛疾不起，是谓得道。道者，圣人行之，愚者佩之。从阴阳则生，逆之则死。从之则治，,不,bu4,bu2 | bu4 | fou1 | fou3 | fu1,polyphone,01a0d5d5-3bf3-74c2-8bd4-be1bd562f082,
四气调神大论篇第二,01a0d5d5-3b2b-7013-acb2-e02dc68e5358,14,。故阴阳四时者，万物之终始也，死生之本也，逆之则灾害生，从之则苛疾不起，是谓得道。道者，圣人行之，愚者佩之。从阴阳则生，逆之则死。从之则治，逆之则,是,shi4,shi4 | ti2,polyphone,01a0d5d5-3bf3-74c2-8bd4-be1c5aaf1113,
四气调神大论篇第二,01a0d5d5-3b2b-7013-acb2-e02dc68e5358,14,阴阳四时者，万物之终始也，死生之本也，逆之则灾害生，从之则苛疾不起，是谓得道。道者，圣人行之，愚者佩之。从阴阳则生，逆之则死。从之则治，逆之则乱。,得,de2,de2 | dei3,polyphone,01a0d5d5-3bf3-74c2-8bd4-be1d2105db7f,
四气调神大论篇第二,01a0d5d5-3b2b-7013-acb2-e02dc68e5358,14,阳四时者，万物之终始也，死生之本也，逆之则灾害生，从之则苛疾不起，是谓得道。道者，圣人行之，愚者佩之。从阴阳则生，逆之则死。从之则治，逆之则乱。反,道,dao4,dao3 | dao4,polyphone,01a0d5d5-3bf3-74c2-8bd4-be1e47072d54,
四气调神大论篇第二,01a0d5d5-3b2b-7013-acb2-e02dc68e5358,14,时者，万物之终始也，死生之本也，逆之则灾害生，从之则苛疾不起，是谓得道。道者，圣人行之，愚者佩之。从阴阳则生，逆之则死。从之则治，逆之则乱。反顺为,道,dao4,dao3 | dao4,polyphone,01a0d5d5-3bf3-74c2-8bd4-be1f4a794585,
四气调神大论篇第二,01a0d5d5-3b2b-7013-acb2-e02dc68e5358,14,万物之终始也，死生之本也，逆之则灾害生，从之则苛疾不起，是谓得道。道者，圣人行之，愚者佩之。从阴阳则生，逆之则死。从之则治，逆之则乱。反顺为逆，是,圣,sheng4,ku1 | sheng4,polyphone,01a0d5d5-3bf3-74c2-8bd4-be204c5aa3be,
四气调神大论篇第二,01a0d5d5-3b2b-7013-acb2-e02dc68e5358,14,之终始也，死生之本也，逆之则灾害生，从之则苛疾不起，是谓得道。道者，圣人行之，愚者佩之。从阴阳则生，逆之则死。从之则治，逆之则乱。反顺为逆，是谓内,行,xing2,hang2 | hang4 | heng2 | xing2 | xing4,polyphone,01a0d5d5-3bf3-74c2-8bd4-be21079ea9cd,
四气调神大论篇第二,01a0d5d5-3b2b-7013-acb2-e02dc68e5358,14,终始也，死生之本也，逆之则灾害生，从之则苛疾不起，是谓得道。道者，圣人行之，愚者佩之。从阴阳则生，逆之则死。从之则治，逆之则乱。反顺为逆，是谓内格,之,zhi1,zhi1 | zhi4 | zhu1,polyphone,01a0d5d5-3bf3-74c2-8bd4-be22af21031d,
四气调神大论篇第二,01a0d5d5-3b2b-7013-acb2-e02dc68e5358,14,"生之本也，逆之则灾害生，从之则苛疾不起，是谓得道。道者，圣人行之，愚者佩之。从阴阳则生，逆之则死。从之则治，逆之则乱。反顺为逆，是谓内格。

是故",之,zhi1,zhi1 | zhi4 | zhu1,polyphone,01a0d5d5-3bf3-74c2-8bd4-be23d7b79a7a,
四气调神大论篇第二,01a0d5d5-3b2b-7013-acb2-e02dc68e5358,14,"本也，逆之则灾害生，从之则苛疾不起，是谓得道。道者，圣人行之，愚者佩之。从阴阳则生，逆之则死。从之则治，逆之则乱。反顺为逆，是谓内格。

是故圣人",从,cong2,cong2 | zong4,polyphone,01a0d5d5-3bf3-74c2-8bd4-be24a17a2ad1,
四气调神大论篇第二,01a0d5d5-3b2b-7013-acb2-e02dc68e5358,14,"害生，从之则苛疾不起，是谓得道。道者，圣人行之，愚者佩之。从阴阳则生，逆之则死。从之则治，逆之则乱。反顺为逆，是谓内格。

是故圣人不治已病治未病",之,zhi1,zhi1 | zhi4 | zhu1,polyphone,01a0d5d5-3bf3-74c2-8bd4-be25379c8768,
四气调神大论篇第二,01a0d5d5-3b2b-7013-acb2-e02dc68e5358,14,"之则苛疾不起，是谓得道。道者，圣人行之，愚者佩之。从阴阳则生，逆之则死。从之则治，逆之则乱。反顺为逆，是谓内格。

是故圣人不治已病治未病，不治已",从,cong2,cong2 | zong4,polyphone,01a0d5d5-3bf3-74c2-8bd4-be26923d7f4d,
四气调神大论篇第二,01a0d5d5-3b2b-7013-acb2-e02dc68e5358,14,"则苛疾不起，是谓得道。道者，圣人行之，愚者佩之。从阴阳则生，逆之则死。从之则治，逆之则乱。反顺为逆，是谓内格。

是故圣人不治已病治未病，不治已乱",之,zhi1,zhi1 | zhi4 | zhu1,polyphone,01a0d5d5-3bf3-74c2-8bd4-be274d329cd1,
四气调神大论篇第二,01a0d5d5-3b2b-7013-acb2-e02dc68e5358,14,"疾不起，是谓得道。道者，圣人行之，愚者佩之。从阴阳则生，逆之则死。从之则治，逆之则乱。反顺为逆，是谓内格。

是故圣人不治已病治未病，不治已乱治未",治,zhi4,chi2 | zhi4,polyphone,01a0d5d5-3bf3-74c2-8bd4-be28aa2cd5eb,
四气调神大论篇第二,01a0d5d5-3b2b-7013-acb2-e02dc68e5358,14,"，是谓得道。道者，圣人行之，愚者佩之。从阴阳则生，逆之则死。从之则治，逆之则乱。反顺为逆，是谓内格。

是故圣人不治已病治未病，不治已乱治未乱，此",之,zhi1,zhi1 | zhi4 | zhu1,polyphone,01a0d5d5-3bf4-744d-af6e-d2e89147237d,
四气调神大论篇第二,01a0d5d5-3b2b-7013-acb2-e02e23faa2e1,15,"道。道者，圣人行之，愚者佩之。从阴阳则生，逆之则死。从之则治，逆之则乱。反顺为逆，是谓内格。

是故圣人不治已病治未病，不治已乱治未乱，此之谓也。",反,fan3,fan3 | fan4,polyphone,01a0d5d5-3bf6-735c-bbf0-c8624e2a7e9b,
四气调神大论篇第二,01a0d5d5-3b2b-7013-acb2-e02e23faa2e1,15,"道者，圣人行之，愚者佩之。从阴阳则生，逆之则死。从之则治，逆之则乱。反顺为逆，是谓内格。

是故圣人不治已病治未病，不治已乱治未乱，此之谓也。夫病",为,wei4,wei2 | wei4,polyphone,01a0d5d5-3bf6-735c-bbf0-c863cf4b82e7,
四气调神大论篇第二,01a0d5d5-3b2b-7013-acb2-e02e23faa2e1,15,"圣人行之，愚者佩之。从阴阳则生，逆之则死。从之则治，逆之则乱。反顺为逆，是谓内格。

是故圣人不治已病治未病，不治已乱治未乱，此之谓也。夫病已成而",是,shi4,shi4 | ti2,polyphone,01a0d5d5-3bf6-735c-bbf0-c8646128874b,
四气调神大论篇第二,01a0d5d5-3b2b-7013-acb2-e02e23faa2e1,15,"行之，愚者佩之。从阴阳则生，逆之则死。从之则治，逆之则乱。反顺为逆，是谓内格。

是故圣人不治已病治未病，不治已乱治未乱，此之谓也。夫病已成而后药",内,nei4,na4 | nei4 | rui4,polyphone,01a0d5d5-3bf6-735c-bbf0-c865970fbbe8,
四气调神大论篇第二,01a0d5d5-3b2b-7013-acb2-e02e23faa2e1,15,"之，愚者佩之。从阴阳则生，逆之则死。从之则治，逆之则乱。反顺为逆，是谓内格。

是故圣人不治已病治未病，不治已乱治未乱，此之谓也。夫病已成而后药之",格,ge2,ge1 | ge2 | he4 | luo4,polyphone,01a0d5d5-3bf6-735c-bbf0-c86610352272,
四气调神大论篇第二,01a0d5d5-3b2b-7013-acb2-e02e23faa2e1,15,"佩之。从阴阳则生，逆之则死。从之则治，逆之则乱。反顺为逆，是谓内格。

是故圣人不治已病治未病，不治已乱治未乱，此之谓也。夫病已成而后药之，乱已成",是,shi4,shi4 | ti2,polyphone,01a0d5d5-3bf6-735c-bbf0-c867cdd0afa6,
四气调神大论篇第二,01a0d5d5-3b2b-7013-acb2-e02e23faa2e1,15,"。从阴阳则生，逆之则死。从之则治，逆之则乱。反顺为逆，是谓内格。

是故圣人不治已病治未病，不治已乱治未乱，此之谓也。夫病已成而后药之，乱已成而后",圣,sheng4,ku1 | sheng4,polyphone,01a0d5d5-3bf6-735c-bbf0-c868b97efd55,
四气调神大论篇第二,01a0d5d5-3b2b-7013-acb2-e02e23faa2e1,15,"阴阳则生，逆之则死。从之则治，逆之则乱。反顺为逆，是谓内格。

是故圣人不治已病治未病，不治已乱治未乱，此之谓也。夫病已成而后药之，乱已成而后治之",不,bu4,bu2 | bu4 | fou1 | fou3 | fu1,polyphone,01a0d5d5-3bf6-735c-bbf0-c869abfe3dd2,
四气调神大论篇第二,01a0d5d5-3b2b-7013-acb2-e02e23faa2e1,15,"阳则生，逆之则死。从之则治，逆之则乱。反顺为逆，是谓内格。

是故圣人不治已病治未病，不治已乱治未乱，此之谓也。夫病已成而后药之，乱已成而后治之，",治,zhi4,chi2 | zhi4,polyphone,01a0d5d5-3bf6-735c-bbf0-c86a6a0cdfcf,
四气调神大论篇第二,01a0d5d5-3b2b-7013-acb2-e02e23faa2e1,15,"则生，逆之则死。从之则治，逆之则乱。反顺为逆，是谓内格。

是故圣人不治已病治未病，不治已乱治未乱，此之谓也。夫病已成而后药之，乱已成而后治之，譬",已,yi3,si4 | yi3,polyphone,01a0d5d5-3bf6-735c-bbf0-c86bd7315289,
四气调神大论篇第二,01a0d5d5-3b2b-7013-acb2-e02e23faa2e1,15,"，逆之则死。从之则治，逆之则乱。反顺为逆，是谓内格。

是故圣人不治已病治未病，不治已乱治未乱，此之谓也。夫病已成而后药之，乱已成而后治之，譬犹渴",治,zhi4,chi2 | zhi4,polyphone,01a0d5d5-3bf6-735c-bbf0-c86c25792ac9,
四气调神大论篇第二,01a0d5d5-3b2b-7013-acb2-e02e23faa2e1,15,"死。从之则治，逆之则乱。反顺为逆，是谓内格。

是故圣人不治已病治未病，不治已乱治未乱，此之谓也。夫病已成而后药之，乱已成而后治之，譬犹渴而穿井，",不,bu4,bu2 | bu4 | fou1 | fou3 | fu1,polyphone,01a0d5d5-3bf6-735c-bbf0-c86d0c576418,
四气调神大论篇第二,01a0d5d5-3b2b-7013-acb2-e02e23faa2e1,15,"。从之则治，逆之则乱。反顺为逆，是谓内格。

是故圣人不治已病治未病，不治已乱治未乱，此之谓也。夫病已成而后药之，乱已成而后治之，譬犹渴而穿井，斗",治,zhi4,chi2 | zhi4,polyphone,01a0d5d5-3bf6-735c-bbf0-c86e9d4f2a4b,
四气调神大论篇第二,01a0d5d5-3b2b-7013-acb2-e02e23faa2e1,15,"从之则治，逆之则乱。反顺为逆，是谓内格。

是故圣人不治已病治未病，不治已乱治未乱，此之谓也。夫病已成而后药之，乱已成而后治之，譬犹渴而穿井，斗而",已,yi3,si4 | yi3,polyphone,01a0d5d5-3bf6-735c-bbf0-c86fd04c5e72,
四气调神大论篇第二,01a0d5d5-3b2b-7013-acb2-e02e23faa2e1,15,"则治，逆之则乱。反顺为逆，是谓内格。

是故圣人不治已病治未病，不治已乱治未乱，此之谓也。夫病已成而后药之，乱已成而后治之，譬犹渴而穿井，斗而铸锥",治,zhi4,chi2 | zhi4,polyphone,01a0d5d5-3bf6-735c-bbf0-c870dc07b6a4,
四气调神大论篇第二,01a0d5d5-3b2b-7013-acb2-e02e23faa2e1,15,"则乱。反顺为逆，是谓内格。

是故圣人不治已病治未病，不治已乱治未乱，此之谓也。夫病已成而后药之，乱已成而后治之，譬犹渴而穿井，斗而铸锥，不亦晚乎",之,zhi1,zhi1 | zhi4 | zhu1,polyphone,01a0d5d5-3bf6-735c-bbf0-c8713403bcfa,
四气调神大论篇第二,01a0d5d5-3b2b-7013-acb2-e02e23faa2e1,15,"。反顺为逆，是谓内格。

是故圣人不治已病治未病，不治已乱治未乱，此之谓也。夫病已成而后药之，乱已成而后治之，譬犹渴而穿井，斗而铸锥，不亦晚乎？",也,ye3,ye3 | yi2,polyphone,01a0d5d5-3bf6-735c-bbf0-c8722744d18e,
四气调神大论篇第二,01a0d5d5-3b2b-7013-acb2-e02f6ab23f40,16,"顺为逆，是谓内格。

是故圣人不治已病治未病，不治已乱治未乱，此之谓也。夫病已成而后药之，乱已成而后治之，譬犹渴而穿井，斗而铸锥，不亦晚乎？",夫,fu1,fu1 | fu2,polyphone,01a0d5d5-3bf8-7009-9a81-cb873fa93657,
四气调神大论篇第二,01a0d5d5-3b2b-7013-acb2-e02f6ab23f40,16,"逆，是谓内格。

是故圣人不治已病治未病，不治已乱治未乱，此之谓也。夫病已成而后药之，乱已成而后治之，譬犹渴而穿井，斗而铸锥，不亦晚乎？",已,yi3,si4 | yi3,polyphone,01a0d5d5-3bf8-7009-9a81-cb888a4d8015,
四气调神大论篇第二,01a0d5d5-3b2b-7013-acb2-e02f6ab23f40,16,"是谓内格。

是故圣人不治已病治未病，不治已乱治未乱，此之谓也。夫病已成而后药之，乱已成而后治之，譬犹渴而穿井，斗而铸锥，不亦晚乎？",而,er2,er2 | neng2,polyphone,01a0d5d5-3bf8-7009-9a81-cb895563fcb6,
四气调神大论篇第二,01a0d5d5-3b2b-7013-acb2-e02f6ab23f40,16,"格。

是故圣人不治已病治未病，不治已乱治未乱，此之谓也。夫病已成而后药之，乱已成而后治之，譬犹渴而穿井，斗而铸锥，不亦晚乎？",之,zhi1,zhi1 | zhi4 | zhu1,polyphone,01a0d5d5-3bf8-7009-9a81-cb8ae757a7c7,
四气调神大论篇第二,01a0d5d5-3b2b-7013-acb2-e02f6ab23f40,16,"
是故圣人不治已病治未病，不治已乱治未乱，此之谓也。夫病已成而后药之，乱已成而后治之，譬犹渴而穿井，斗而铸锥，不亦晚乎？",已,yi3,si4 | yi3,polyphone,01a0d5d5-3bf8-7009-9a81-cb8bfd8dec39,
四气调神大论篇第二,01a0d5d5-3b2b-7013-acb2-e02f6ab23f40,16,故圣人不治已病治未病，不治已乱治未乱，此之谓也。夫病已成而后药之，乱已成而后治之，譬犹渴而穿井，斗而铸锥，不亦晚乎？,而,er2,er2 | neng2,polyphone,01a0d5d5-3bf8-7009-9a81-cb8cf73545e0,
四气调神大论篇第二,01a0d5d5-3b2b-7013-acb2-e02f6ab23f40,16,人不治已病治未病，不治已乱治未乱，此之谓也。夫病已成而后药之，乱已成而后治之，譬犹渴而穿井，斗而铸锥，不亦晚乎？,治,zhi4,chi2 | zhi4,polyphone,01a0d5d5-3bf8-7009-9a81-cb8d342f0779,
四气调神大论篇第二,01a0d5d5-3b2b-7013-acb2-e02f6ab23f40,16,不治已病治未病，不治已乱治未乱，此之谓也。夫病已成而后药之，乱已成而后治之，譬犹渴而穿井，斗而铸锥，不亦晚乎？,之,zhi1,zhi1 | zhi4 | zhu1,polyphone,01a0d5d5-3bf8-7009-9a81-cb8e1f4d82fe,
四气调神大论篇第二,01a0d5d5-3b2b-7013-acb2-e02f6ab23f40,16,病治未病，不治已乱治未乱，此之谓也。夫病已成而后药之，乱已成而后治之，譬犹渴而穿井，斗而铸锥，不亦晚乎？,犹,you2,you2 | you4,polyphone,01a0d5d5-3bf8-7009-9a81-cb8f340e8f66,
四气调神大论篇第二,01a0d5d5-3b2b-7013-acb2-e02f6ab23f40,16,治未病，不治已乱治未乱，此之谓也。夫病已成而后药之，乱已成而后治之，譬犹渴而穿井，斗而铸锥，不亦晚乎？,渴,ke3,he2 | jie2 | kai4 | ke3,polyphone,01a0d5d5-3bf8-7009-9a81-cb90736c654d,
四气调神大论篇第二,01a0d5d5-3b2b-7013-acb2-e02f6ab23f40,16,未病，不治已乱治未乱，此之谓也。夫病已成而后药之，乱已成而后治之，譬犹渴而穿井，斗而铸锥，不亦晚乎？,而,er2,er2 | neng2,polyphone,01a0d5d5-3bf8-7009-9a81-cb91c4a66798,
四气调神大论篇第二,01a0d5d5-3b2b-7013-acb2-e02f6ab23f40,16,病，不治已乱治未乱，此之谓也。夫病已成而后药之，乱已成而后治之，譬犹渴而穿井，斗而铸锥，不亦晚乎？,穿,chuan1,chuan1 | chuan4 | yuan1,polyphone,01a0d5d5-3bf8-7009-9a81-cb92f4aafc25,
四气调神大论篇第二,01a0d5d5-3b2b-7013-acb2-e02f6ab23f40,16,，不治已乱治未乱，此之谓也。夫病已成而后药之，乱已成而后治之，譬犹渴而穿井，斗而铸锥，不亦晚乎？,井,jing3,jing3 | jing4,polyphone,01a0d5d5-3bf8-7009-9a81-cb939a12f26b,
四气调神大论篇第二,01a0d5d5-3b2b-7013-acb2-e02f6ab23f40,16,治已乱治未乱，此之谓也。夫病已成而后药之，乱已成而后治之，譬犹渴而穿井，斗而铸锥，不亦晚乎？,斗,dou4,dou3 | dou4 | zhu3,polyphone,01a0d5d5-3bf8-7009-9a81-cb9466d51f1e,
四气调神大论篇第二,01a0d5d5-3b2b-7013-acb2-e02f6ab23f40,16,已乱治未乱，此之谓也。夫病已成而后药之，乱已成而后治之，譬犹渴而穿井，斗而铸锥，不亦晚乎？,而,er2,er2 | neng2,polyphone,01a0d5d5-3bf8-7009-9a81-cb95e86e2155,
四气调神大论篇第二,01a0d5d5-3b2b-7013-acb2-e02f6ab23f40,16,乱，此之谓也。夫病已成而后药之，乱已成而后治之，譬犹渴而穿井，斗而铸锥，不亦晚乎？,不,bu4,bu2 | bu4 | fou1 | fou3 | fu1,polyphone,01a0d5d5-3bf8-7009-9a81-cb964024be19,
生气通天论篇第三,01a0d5d5-3b2b-7013-acb2-e03142f1cc22,0,黄帝曰：“夫自古通天者生之本，本于阴阳。天地之间，六合之内，其气九州九窍、五藏、十二,夫,fu1,fu1 | fu2,polyphone,01a0d5d5-3bfa-7270-b6b9-9b60754bf1f8,
生气通天论篇第三,01a0d5d5-3b2b-7013-acb2-e03142f1cc22,0,黄帝曰：“夫自古通天者生之本，本于阴阳。天地之间，六合之内，其气九州九窍、五藏、十二节，,古,gu3,gu3 | gu4 | ku1,polyphone,01a0d5d5-3bfa-7270-b6b9-9b6125b9f04c,
生气通天论篇第三,01a0d5d5-3b2b-7013-acb2-e03142f1cc22,0,黄帝曰：“夫自古通天者生之本，本于阴阳。天地之间，六合之内，其气九州九窍、五藏、十二节，皆,通,tong1,tong1 | tong4,polyphone,01a0d5d5-3bfa-7270-b6b9-9b62379a0df1,
生气通天论篇第三,01a0d5d5-3b2b-7013-acb2-e03142f1cc22,0,黄帝曰：“夫自古通天者生之本，本于阴阳。天地之间，六合之内，其气九州九窍、五藏、十二节，皆通乎天气,之,zhi1,zhi1 | zhi4 | zhu1,polyphone,01a0d5d5-3bfa-7270-b6b9-9b637c49354d,
生气通天论篇第三,01a0d5d5-3b2b-7013-acb2-e03142f1cc22,0,黄帝曰：“夫自古通天者生之本，本于阴阳。天地之间，六合之内，其气九州九窍、五藏、十二节，皆通乎天气。,本,ben3,ben1 | ben3,polyphone,01a0d5d5-3bfa-7270-b6b9-9b645b7db0bb,
生气通天论篇第三,01a0d5d5-3b2b-7013-acb2-e03142f1cc22,0,黄帝曰：“夫自古通天者生之本，本于阴阳。天地之间，六合之内，其气九州九窍、五藏、十二节，皆通乎天气。其生,本,ben3,ben1 | ben3,polyphone,01a0d5d5-3bfa-7270-b6b9-9b652e59d21a,
生气通天论篇第三,01a0d5d5-3b2b-7013-acb2-e03142f1cc22,0,黄帝曰：“夫自古通天者生之本，本于阴阳。天地之间，六合之内，其气九州九窍、五藏、十二节，皆通乎天气。其生五,于,yu2,wei2 | xu1 | yu1 | yu2,polyphone,01a0d5d5-3bfa-7270-b6b9-9b66cf92b69f,
生气通天论篇第三,01a0d5d5-3b2b-7013-acb2-e032e60f5747,1,黄帝曰：“夫自古通天者生之本，本于阴阳。天地之间，六合之内，其气九州九窍、五藏、十二节，皆通乎天气。其生五，其气三，数,之,zhi1,zhi1 | zhi4 | zhu1,polyphone,01a0d5d5-3bfc-7741-ac97-f059b179dc97,
生气通天论篇第三,01a0d5d5-3b2b-7013-acb2-e032e60f5747,1,黄帝曰：“夫自古通天者生之本，本于阴阳。天地之间，六合之内，其气九州九窍、五藏、十二节，皆通乎天气。其生五，其气三，数犯,间,jian1,jian1 | jian4,polyphone,01a0d5d5-3bfc-7741-ac97-f05a2cfd9772,
生气通天论篇第三,01a0d5d5-3b2b-7013-acb2-e032e60f5747,1,黄帝曰：“夫自古通天者生之本，本于阴阳。天地之间，六合之内，其气九州九窍、五藏、十二节，皆通乎天气。其生五，其气三，数犯此者，则,之,zhi1,zhi1 | zhi4 | zhu1,polyphone,01a0d5d5-3bfc-7741-ac97-f05d7fd64403,
生气通天论篇第三,01a0d5d5-3b2b-7013-acb2-e032e60f5747,1,黄帝曰：“夫自古通天者生之本，本于阴阳。天地之间，六合之内，其气九州九窍、五藏、十二节，皆通乎天气。其生五，其气三，数犯此者，则邪,内,nei4,na4 | nei4 | rui4,polyphone,01a0d5d5-3bfc-7741-ac97-f05e29b1c237,
生气通天论篇第三,01a0d5d5-3b2b-7013-acb2-e032e60f5747,1,黄帝曰：“夫自古通天者生之本，本于阴阳。天地之间，六合之内，其气九州九窍、五藏、十二节，皆通乎天气。其生五，其气三，数犯此者，则邪气伤,其,qi2,ji1 | ji4 | qi2,polyphone,01a0d5d5-3bfc-7741-ac97-f05f789c1798,
生气通天论篇第三,01a0d5d5-3b2b-7013-acb2-e032e60f5747,1,黄帝曰：“夫自古通天者生之本，本于阴阳。天地之间，六合之内，其气九州九窍、五藏、十二节，皆通乎天气。其生五，其气三，数犯此者，则邪气伤人,气,qi4,qi3 | qi4,polyphone,01a0d5d5-3bfc-7741-ac97-f060fe03416b,
生气通天论篇第三,01a0d5d5-3b2b-7013-acb2-e032e60f5747,1,黄帝曰：“夫自古通天者生之本，本于阴阳。天地之间，六合之内，其气九州九窍、五藏、十二节，皆通乎天气。其生五，其气三，数犯此者，则邪气伤人，,九,jiu3,jiu1 | jiu3,polyphone,01a0d5d5-3bfc-7741-ac97-f061863bf7d1,
生气通天论篇第三,01a0d5d5-3b2b-7013-acb2-e032e60f5747,1,黄帝曰：“夫自古通天者生之本，本于阴阳。天地之间，六合之内，其气九州九窍、五藏、十二节，皆通乎天气。其生五，其气三，数犯此者，则邪气伤人，此寿,九,jiu3,jiu1 | jiu3,polyphone,01a0d5d5-3bfc-7741-ac97-f0624d4b25b0,
生气通天论篇第三,01a0d5d5-3b2b-7013-acb2-e032e60f5747,1,曰：“夫自古通天者生之本，本于阴阳。天地之间，六合之内，其气九州九窍、五藏、十二节，皆通乎天气。其生五，其气三，数犯此者，则邪气伤人，此寿命之本也,藏,cang2,cang2 | zang1 | zang4,polyphone,01a0d5d5-3bfc-7741-ac97-f063ba0d47ba,
生气通天论篇第三,01a0d5d5-3b2b-7013-acb2-e032e60f5747,1,自古通天者生之本，本于阴阳。天地之间，六合之内，其气九州九窍、五藏、十二节，皆通乎天气。其生五，其气三，数犯此者，则邪气伤人，此寿命之本也。苍天之,节,jie2,jie1 | jie2,polyphone,01a0d5d5-3bfc-7741-ac97-f0648d2062aa,
生气通天论篇第三,01a0d5d5-3b2b-7013-acb2-e032e60f5747,1,天者生之本，本于阴阳。天地之间，六合之内，其气九州九窍、五藏、十二节，皆通乎天气。其生五，其气三，数犯此者，则邪气伤人，此寿命之本也。苍天之气，清,通,tong1,tong1 | tong4,polyphone,01a0d5d5-3bfc-7741-ac97-f06590c8af4d,
生气通天论篇第三,01a0d5d5-3b2b-7013-acb2-e032e60f5747,1,之本，本于阴阳。天地之间，六合之内，其气九州九窍、五藏、十二节，皆通乎天气。其生五，其气三，数犯此者，则邪气伤人，此寿命之本也。苍天之气，清净则志,气,qi4,qi3 | qi4,polyphone,01a0d5d5-3bfc-7741-ac97-f066b57e8a2a,
生气通天论篇第三,01a0d5d5-3b2b-7013-acb2-e033ae6fc3c9,2,，本于阴阳。天地之间，六合之内，其气九州九窍、五藏、十二节，皆通乎天气。其生五，其气三，数犯此者，则邪气伤人，此寿命之本也。苍天之气，清净则志意治,其,qi2,ji1 | ji4 | qi2,polyphone,01a0d5d5-3bfe-71da-832b-cc5150c6494a,
生气通天论篇第三,01a0d5d5-3b2b-7013-acb2-e033ae6fc3c9,2,阳。天地之间，六合之内，其气九州九窍、五藏、十二节，皆通乎天气。其生五，其气三，数犯此者，则邪气伤人，此寿命之本也。苍天之气，清净则志意治，顺之则,其,qi2,ji1 | ji4 | qi2,polyphone,01a0d5d5-3bfe-71da-832b-cc52ddaaffbb,
生气通天论篇第三,01a0d5d5-3b2b-7013-acb2-e033ae6fc3c9,2,。天地之间，六合之内，其气九州九窍、五藏、十二节，皆通乎天气。其生五，其气三，数犯此者，则邪气伤人，此寿命之本也。苍天之气，清净则志意治，顺之则阳,气,qi4,qi3 | qi4,polyphone,01a0d5d5-3bfe-71da-832b-cc53620e08e8,
生气通天论篇第三,01a0d5d5-3b2b-7013-acb2-e033ae6fc3c9,2,内，其气九州九窍、五藏、十二节，皆通乎天气。其生五，其气三，数犯此者，则邪气伤人，此寿命之本也。苍天之气，清净则志意治，顺之则阳气固，虽有贼邪，弗,邪,xie2,she2 | xie2 | xu2 | ya2 | ye2,polyphone,01a0d5d5-3bfe-71da-832b-cc5553bba5b3,
生气通天论篇第三,01a0d5d5-3b2b-7013-acb2-e033ae6fc3c9,2,，其气九州九窍、五藏、十二节，皆通乎天气。其生五，其气三，数犯此者，则邪气伤人，此寿命之本也。苍天之气，清净则志意治，顺之则阳气固，虽有贼邪，弗能,气,qi4,qi3 | qi4,polyphone,01a0d5d5-3bfe-71da-832b-cc5625b699c5,
生气通天论篇第三,01a0d5d5-3b2b-7013-acb2-e033ae6fc3c9,2,、五藏、十二节，皆通乎天气。其生五，其气三，数犯此者，则邪气伤人，此寿命之本也。苍天之气，清净则志意治，顺之则阳气固，虽有贼邪，弗能害也，此因时之,之,zhi1,zhi1 | zhi4 | zhu1,polyphone,01a0d5d5-3bfe-71da-832b-cc57c29ae027,
生气通天论篇第三,01a0d5d5-3b2b-7013-acb2-e033ae6fc3c9,2,五藏、十二节，皆通乎天气。其生五，其气三，数犯此者，则邪气伤人，此寿命之本也。苍天之气，清净则志意治，顺之则阳气固，虽有贼邪，弗能害也，此因时之序,本,ben3,ben1 | ben3,polyphone,01a0d5d5-3bfe-71da-832b-cc58e689d09b,
生气通天论篇第三,01a0d5d5-3b2b-7013-acb2-e033ae6fc3c9,2,藏、十二节，皆通乎天气。其生五，其气三，数犯此者，则邪气伤人，此寿命之本也。苍天之气，清净则志意治，顺之则阳气固，虽有贼邪，弗能害也，此因时之序。,也,ye3,ye3 | yi2,polyphone,01a0d5d5-3bfe-71da-832b-cc5962f51c0d,
生气通天论篇第三,01a0d5d5-3b2b-7013-acb2-e03474dc83a3,3,节，皆通乎天气。其生五，其气三，数犯此者，则邪气伤人，此寿命之本也。苍天之气，清净则志意治，顺之则阳气固，虽有贼邪，弗能害也，此因时之序。故圣人传,之,zhi1,zhi1 | zhi4 | zhu1,polyphone,01a0d5d5-3c00-76b2-9a7a-1071adc64213,
生气通天论篇第三,01a0d5d5-3b2b-7013-acb2-e03474dc83a3,3,，皆通乎天气。其生五，其气三，数犯此者，则邪气伤人，此寿命之本也。苍天之气，清净则志意治，顺之则阳气固，虽有贼邪，弗能害也，此因时之序。故圣人传精,气,qi4,qi3 | qi4,polyphone,01a0d5d5-3c00-76b2-9a7a-107209d5b4e5,
生气通天论篇第三,01a0d5d5-3b2b-7013-acb2-e03474dc83a3,3,通乎天气。其生五，其气三，数犯此者，则邪气伤人，此寿命之本也。苍天之气，清净则志意治，顺之则阳气固，虽有贼邪，弗能害也，此因时之序。故圣人传精神，,清,qing1,qing1 | qing4,polyphone,01a0d5d5-3c00-76b2-9a7a-107370baf091,
生气通天论篇第三,01a0d5d5-3b2b-7013-acb2-e03474dc83a3,3,乎天气。其生五，其气三，数犯此者，则邪气伤人，此寿命之本也。苍天之气，清净则志意治，顺之则阳气固，虽有贼邪，弗能害也，此因时之序。故圣人传精神，服,净,jing4,cheng1 | jing4,polyphone,01a0d5d5-3c00-76b2-9a7a-1074f0aad58b,
生气通天论篇第三,01a0d5d5-3b2b-7013-acb2-e03474dc83a3,3,。其生五，其气三，数犯此者，则邪气伤人，此寿命之本也。苍天之气，清净则志意治，顺之则阳气固，虽有贼邪，弗能害也，此因时之序。故圣人传精神，服天气，,意,yi4,yi1 | yi4,polyphone,01a0d5d5-3c00-76b2-9a7a-107568faffcc,
生气通天论篇第三,01a0d5d5-3b2b-7013-acb2-e03474dc83a3,3,其生五，其气三，数犯此者，则邪气伤人，此寿命之本也。苍天之气，清净则志意治，顺之则阳气固，虽有贼邪，弗能害也，此因时之序。故圣人传精神，服天气，而,治,zhi4,chi2 | zhi4,polyphone,01a0d5d5-3c00-76b2-9a7a-1076d52b1a28,
生气通天论篇第三,01a0d5d5-3b2b-7013-acb2-e03474dc83a3,3,，其气三，数犯此者，则邪气伤人，此寿命之本也。苍天之气，清净则志意治，顺之则阳气固，虽有贼邪，弗能害也，此因时之序。故圣人传精神，服天气，而通神明,之,zhi1,zhi1 | zhi4 | zhu1,polyphone,01a0d5d5-3c00-76b2-9a7a-1077c3757b92,
生气通天论篇第三,01a0d5d5-3b2b-7013-acb2-e03474dc83a3,3,三，数犯此者，则邪气伤人，此寿命之本也。苍天之气，清净则志意治，顺之则阳气固，虽有贼邪，弗能害也，此因时之序。故圣人传精神，服天气，而通神明。失之,气,qi4,qi3 | qi4,polyphone,01a0d5d5-3c00-76b2-9a7a-1078f1a0d41f,
生气通天论篇第三,01a0d5d5-3b2b-7013-acb2-e03474dc83a3,3,此者，则邪气伤人，此寿命之本也。苍天之气，清净则志意治，顺之则阳气固，虽有贼邪，弗能害也，此因时之序。故圣人传精神，服天气，而通神明。失之则内闭九,有,you3,wei3 | you3 | you4,polyphone,01a0d5d5-3c00-76b2-9a7a-1079449c226e,
生气通天论篇第三,01a0d5d5-3b2b-7013-acb2-e03474dc83a3,3,，则邪气伤人，此寿命之本也。苍天之气，清净则志意治，顺之则阳气固，虽有贼邪，弗能害也，此因时之序。故圣人传精神，服天气，而通神明。失之则内闭九窍，,邪,xie2,she2 | xie2 | xu2 | ya2 | ye2,polyphone,01a0d5d5-3c00-76b2-9a7a-107a5a6fa1db,
生气通天论篇第三,01a0d5d5-3b2b-7013-acb2-e03474dc83a3,3,气伤人，此寿命之本也。苍天之气，清净则志意治，顺之则阳气固，虽有贼邪，弗能害也，此因时之序。故圣人传精神，服天气，而通神明。失之则内闭九窍，外壅肌,能,neng2,nai2 | nai4 | neng2 | tai2 | xiong2,polyphone,01a0d5d5-3c00-76b2-9a7a-107b2a635b39,
生气通天论篇第三,01a0d5d5-3b2b-7013-acb2-e03474dc83a3,3,伤人，此寿命之本也。苍天之气，清净则志意治，顺之则阳气固，虽有贼邪，弗能害也，此因时之序。故圣人传精神，服天气，而通神明。失之则内闭九窍，外壅肌肉,害,hai4,hai4 | he2,polyphone,01a0d5d5-3c00-76b2-9a7a-107cf232ba13,
生气通天论篇第三,01a0d5d5-3b2b-7013-acb2-e03474dc83a3,3,人，此寿命之本也。苍天之气，清净则志意治，顺之则阳气固，虽有贼邪，弗能害也，此因时之序。故圣人传精神，服天气，而通神明。失之则内闭九窍，外壅肌肉，,也,ye3,ye3 | yi2,polyphone,01a0d5d5-3c00-76b2-9a7a-107d0fde6abc,
生气通天论篇第三,01a0d5d5-3b2b-7013-acb2-e03474dc83a3,3,之本也。苍天之气，清净则志意治，顺之则阳气固，虽有贼邪，弗能害也，此因时之序。故圣人传精神，服天气，而通神明。失之则内闭九窍，外壅肌肉，卫气散解，,之,zhi1,zhi1 | zhi4 | zhu1,polyphone,01a0d5d5-3c00-76b2-9a7a-107e31ce021c,
生气通天论篇第三,01a0d5d5-3b2b-7013-acb2-e03474dc83a3,3,苍天之气，清净则志意治，顺之则阳气固，虽有贼邪，弗能害也，此因时之序。故圣人传精神，服天气，而通神明。失之则内闭九窍，外壅肌肉，卫气散解，此谓自伤,圣,sheng4,ku1 | sheng4,polyphone,01a0d5d5-3c00-76b2-9a7a-107fdcd1cac6,
生气通天论篇第三,01a0d5d5-3b2b-7013-acb2-e03474dc83a3,3,之气，清净则志意治，顺之则阳气固，虽有贼邪，弗能害也，此因时之序。故圣人传精神，服天气，而通神明。失之则内闭九窍，外壅肌肉，卫气散解，此谓自伤，气,传,chuan2,chuan2 | zhuan4,polyphone,01a0d5d5-3c00-76b2-9a7a-10808eb68908,
生气通天论篇第三,01a0d5d5-3b2b-7013-acb2-e03474dc83a3,3,气，清净则志意治，顺之则阳气固，虽有贼邪，弗能害也，此因时之序。故圣人传精神，服天气，而通神明。失之则内闭九窍，外壅肌肉，卫气散解，此谓自伤，气之,精,jing1,jing1 | jing4 | qing2,polyphone,01a0d5d5-3c00-76b2-9a7a-108137864112,
生气通天论篇第三,01a0d5d5-3b2b-7013-acb2-e03474dc83a3,3,，清净则志意治，顺之则阳气固，虽有贼邪，弗能害也，此因时之序。故圣人传精神，服天气，而通神明。失之则内闭九窍，外壅肌肉，卫气散解，此谓自伤，气之削,神,shen2,shen1 | shen2,polyphone,01a0d5d5-3c00-76b2-9a7a-10824301c97f,
生气通天论篇第三,01a0d5d5-3b2b-7013-acb2-e03474dc83a3,3,净则志意治，顺之则阳气固，虽有贼邪，弗能害也，此因时之序。故圣人传精神，服天气，而通神明。失之则内闭九窍，外壅肌肉，卫气散解，此谓自伤，气之削也。,服,fu2,bi4 | bo2 | fu2 | fu4,polyphone,01a0d5d5-3c00-76b2-9a7a-10837eeab544,
生气通天论篇第三,01a0d5d5-3b2b-7013-acb2-e03474dc83a3,3,志意治，顺之则阳气固，虽有贼邪，弗能害也，此因时之序。故圣人传精神，服天气，而通神明。失之则内闭九窍，外壅肌肉，卫气散解，此谓自伤，气之削也。阳气,气,qi4,qi3 | qi4,polyphone,01a0d5d5-3c00-76b2-9a7a-108495ce414c,
生气通天论篇第三,01a0d5d5-3b2b-7013-acb2-e03474dc83a3,3,治，顺之则阳气固，虽有贼邪，弗能害也，此因时之序。故圣人传精神，服天气，而通神明。失之则内闭九窍，外壅肌肉，卫气散解，此谓自伤，气之削也。阳气者，,而,er2,er2 | neng2,polyphone,01a0d5d5-3c00-76b2-9a7a-1085f67b81e3,
生气通天论篇第三,01a0d5d5-3b2b-7013-acb2-e03474dc83a3,3,，顺之则阳气固，虽有贼邪，弗能害也，此因时之序。故圣人传精神，服天气，而通神明。失之则内闭九窍，外壅肌肉，卫气散解，此谓自伤，气之削也。阳气者，若,通,tong1,tong1 | tong4,polyphone,01a0d5d5-3c00-76b2-9a7a-10868da38b0b,
生气通天论篇第三,01a0d5d5-3b2b-7013-acb2-e03474dc83a3,3,顺之则阳气固，虽有贼邪，弗能害也，此因时之序。故圣人传精神，服天气，而通神明。失之则内闭九窍，外壅肌肉，卫气散解，此谓自伤，气之削也。阳气者，若天,神,shen2,shen1 | shen2,polyphone,01a0d5d5-3c00-76b2-9a7a-10876dd853f0,
生气通天论篇第三,01a0d5d5-3b2b-7013-acb2-e03474dc83a3,3,之则阳气固，虽有贼邪，弗能害也，此因时之序。故圣人传精神，服天气，而通神明。失之则内闭九窍，外壅肌肉，卫气散解，此谓自伤，气之削也。阳气者，若天与,明,ming2,meng4 | ming2,polyphone,01a0d5d5-3c00-76b2-9a7a-1088b168dbad,
生气通天论篇第三,01a0d5d5-3b2b-7013-acb2-e035cd5b4a65,4,阳气固，虽有贼邪，弗能害也，此因时之序。故圣人传精神，服天气，而通神明。失之则内闭九窍，外壅肌肉，卫气散解，此谓自伤，气之削也。阳气者，若天与日，,失,shi1,shi1 | yi4,polyphone,01a0d5d5-3c02-723a-abdb-e997d13f54c5,
生气通天论篇第三,01a0d5d5-3b2b-7013-acb2-e035cd5b4a65,4,气固，虽有贼邪，弗能害也，此因时之序。故圣人传精神，服天气，而通神明。失之则内闭九窍，外壅肌肉，卫气散解，此谓自伤，气之削也。阳气者，若天与日，失,之,zhi1,zhi1 | zhi4 | zhu1,polyphone,01a0d5d5-3c02-723a-abdb-e9989ed0921d,
生气通天论篇第三,01a0d5d5-3b2b-7013-acb2-e035cd5b4a65,4,，虽有贼邪，弗能害也，此因时之序。故圣人传精神，服天气，而通神明。失之则内闭九窍，外壅肌肉，卫气散解，此谓自伤，气之削也。阳气者，若天与日，失其所,内,nei4,na4 | nei4 | rui4,polyphone,01a0d5d5-3c02-723a-abdb-e9999e6297ee,
生气通天论篇第三,01a0d5d5-3b2b-7013-acb2-e035cd5b4a65,4,有贼邪，弗能害也，此因时之序。故圣人传精神，服天气，而通神明。失之则内闭九窍，外壅肌肉，卫气散解，此谓自伤，气之削也。阳气者，若天与日，失其所则折,九,jiu3,jiu1 | jiu3,polyphone,01a0d5d5-3c02-723a-abdb-e99a5c85ca92,
生气通天论篇第三,01a0d5d5-3b2b-7013-acb2-e035cd5b4a65,4,弗能害也，此因时之序。故圣人传精神，服天气，而通神明。失之则内闭九窍，外壅肌肉，卫气散解，此谓自伤，气之削也。阳气者，若天与日，失其所则折寿而不彰,壅,yong1,weng4 | yong1,polyphone,01a0d5d5-3c02-723a-abdb-e99b54d13fb3,
生气通天论篇第三,01a0d5d5-3b2b-7013-acb2-e035cd5b4a65,4,能害也，此因时之序。故圣人传精神，服天气，而通神明。失之则内闭九窍，外壅肌肉，卫气散解，此谓自伤，气之削也。阳气者，若天与日，失其所则折寿而不彰，,肌,ji1,ji1 | ji4,polyphone,01a0d5d5-3c02-723a-abdb-e99c76474a17,
生气通天论篇第三,01a0d5d5-3b2b-7013-acb2-e035cd5b4a65,4,害也，此因时之序。故圣人传精神，服天气，而通神明。失之则内闭九窍，外壅肌肉，卫气散解，此谓自伤，气之削也。阳气者，若天与日，失其所则折寿而不彰，故,肉,rou4,rou4 | ru4,polyphone,01a0d5d5-3c02-723a-abdb-e99de69fc9b3,
生气通天论篇第三,01a0d5d5-3b2b-7013-acb2-e035cd5b4a65,4,此因时之序。故圣人传精神，服天气，而通神明。失之则内闭九窍，外壅肌肉，卫气散解，此谓自伤，气之削也。阳气者，若天与日，失其所则折寿而不彰，故天运当,气,qi4,qi3 | qi4,polyphone,01a0d5d5-3c02-723a-abdb-e99edc48a235,
生气通天论篇第三,01a0d5d5-3b2b-7013-acb2-e035cd5b4a65,4,因时之序。故圣人传精神，服天气，而通神明。失之则内闭九窍，外壅肌肉，卫气散解，此谓自伤，气之削也。阳气者，若天与日，失其所则折寿而不彰，故天运当以,散,san4,san1 | san3 | san4,polyphone,01a0d5d5-3c02-723a-abdb-e99f2275c21c,
生气通天论篇第三,01a0d5d5-3b2b-7013-acb2-e035cd5b4a65,4,时之序。故圣人传精神，服天气，而通神明。失之则内闭九窍，外壅肌肉，卫气散解，此谓自伤，气之削也。阳气者，若天与日，失其所则折寿而不彰，故天运当以日,解,jie3,jie3 | jie4 | xie4,polyphone,01a0d5d5-3c02-723a-abdb-e9a04bd6c272,
生气通天论篇第三,01a0d5d5-3b2b-7013-acb2-e035cd5b4a65,4,传精神，服天气，而通神明。失之则内闭九窍，外壅肌肉，卫气散解，此谓自伤，气之削也。阳气者，若天与日，失其所则折寿而不彰，故天运当以日光明，是故阳因,气,qi4,qi3 | qi4,polyphone,01a0d5d5-3c02-723a-abdb-e9a1c3affe72,
生气通天论篇第三,01a0d5d5-3b2b-7013-acb2-e035cd5b4a65,4,精神，服天气，而通神明。失之则内闭九窍，外壅肌肉，卫气散解，此谓自伤，气之削也。阳气者，若天与日，失其所则折寿而不彰，故天运当以日光明，是故阳因而,之,zhi1,zhi1 | zhi4 | zhu1,polyphone,01a0d5d5-3c02-723a-abdb-e9a2855003b2,
生气通天论篇第三,01a0d5d5-3b2b-7013-acb2-e035cd5b4a65,4,神，服天气，而通神明。失之则内闭九窍，外壅肌肉，卫气散解，此谓自伤，气之削也。阳气者，若天与日，失其所则折寿而不彰，故天运当以日光明，是故阳因而上,削,xue1,qiao4 | shao4 | xiao1 | xue1,polyphone,01a0d5d5-3c02-723a-abdb-e9a3e72abb38,
生气通天论篇第三,01a0d5d5-3b2b-7013-acb2-e035cd5b4a65,4,，服天气，而通神明。失之则内闭九窍，外壅肌肉，卫气散解，此谓自伤，气之削也。阳气者，若天与日，失其所则折寿而不彰，故天运当以日光明，是故阳因而上卫,也,ye3,ye3 | yi2,polyphone,01a0d5d5-3c02-723a-abdb-e9a40caaba9f,
生气通天论篇第三,01a0d5d5-3b2b-7013-acb2-e036e297154b,5,气，而通神明。失之则内闭九窍，外壅肌肉，卫气散解，此谓自伤，气之削也。阳气者，若天与日，失其所则折寿而不彰，故天运当以日光明，是故阳因而上卫外者也,气,qi4,qi3 | qi4,polyphone,01a0d5d5-3c05-721d-8c29-fd5ebd8a29d1,
生气通天论篇第三,01a0d5d5-3b2b-7013-acb2-e036e297154b,5,通神明。失之则内闭九窍，外壅肌肉，卫气散解，此谓自伤，气之削也。阳气者，若天与日，失其所则折寿而不彰，故天运当以日光明，是故阳因而上卫外者也。因于,若,ruo4,re2 | re3 | re4 | ruo4,polyphone,01a0d5d5-3c05-721d-8c29-fd5f62e3b855,
生气通天论篇第三,01a0d5d5-3b2b-7013-acb2-e036e297154b,5,明。失之则内闭九窍，外壅肌肉，卫气散解，此谓自伤，气之削也。阳气者，若天与日，失其所则折寿而不彰，故天运当以日光明，是故阳因而上卫外者也。因于寒，,与,yu3,yu2 | yu3 | yu4,polyphone,01a0d5d5-3c05-721d-8c29-fd60f3d96a2d,
生气通天论篇第三,01a0d5d5-3b2b-7013-acb2-e036e297154b,5,之则内闭九窍，外壅肌肉，卫气散解，此谓自伤，气之削也。阳气者，若天与日，失其所则折寿而不彰，故天运当以日光明，是故阳因而上卫外者也。因于寒，欲如运,失,shi1,shi1 | yi4,polyphone,01a0d5d5-3c05-721d-8c29-fd614c849da3,
生气通天论篇第三,01a0d5d5-3b2b-7013-acb2-e036e297154b,5,则内闭九窍，外壅肌肉，卫气散解，此谓自伤，气之削也。阳气者，若天与日，失其所则折寿而不彰，故天运当以日光明，是故阳因而上卫外者也。因于寒，欲如运枢,其,qi2,ji1 | ji4 | qi2,polyphone,01a0d5d5-3c05-721d-8c29-fd62a8df6687,
生气通天论篇第三,01a0d5d5-3b2b-7013-acb2-e036e297154b,5,，外壅肌肉，卫气散解，此谓自伤，气之削也。阳气者，若天与日，失其所则折寿而不彰，故天运当以日光明，是故阳因而上卫外者也。因于寒，欲如运枢，起居如惊,而,er2,er2 | neng2,polyphone,01a0d5d5-3c05-721d-8c29-fd6454cb6dd5,
生气通天论篇第三,01a0d5d5-3b2b-7013-acb2-e036e297154b,5,外壅肌肉，卫气散解，此谓自伤，气之削也。阳气者，若天与日，失其所则折寿而不彰，故天运当以日光明，是故阳因而上卫外者也。因于寒，欲如运枢，起居如惊，,不,bu4,bu2 | bu4 | fou1 | fou3 | fu1,polyphone,01a0d5d5-3c05-721d-8c29-fd657410d5f4,
生气通天论篇第三,01a0d5d5-3b2b-7013-acb2-e036e297154b,5,卫气散解，此谓自伤，气之削也。阳气者，若天与日，失其所则折寿而不彰，故天运当以日光明，是故阳因而上卫外者也。因于寒，欲如运枢，起居如惊，神气乃浮。,运,yun4,yun3 | yun4,polyphone,01a0d5d5-3c05-721d-8c29-fd66db46c546,
生气通天论篇第三,01a0d5d5-3b2b-7013-acb2-e036e297154b,5,气散解，此谓自伤，气之削也。阳气者，若天与日，失其所则折寿而不彰，故天运当以日光明，是故阳因而上卫外者也。因于寒，欲如运枢，起居如惊，神气乃浮。因,当,dang1,dang1 | dang4,polyphone,01a0d5d5-3c05-721d-8c29-fd67360f10bd,
生气通天论篇第三,01a0d5d5-3b2b-7013-acb2-e036e297154b,5,散解，此谓自伤，气之削也。阳气者，若天与日，失其所则折寿而不彰，故天运当以日光明，是故阳因而上卫外者也。因于寒，欲如运枢，起居如惊，神气乃浮。因于,以,yi3,si4 | yi3,polyphone,01a0d5d5-3c05-721d-8c29-fd681e9dc858,
生气通天论篇第三,01a0d5d5-3b2b-7013-acb2-e036e297154b,5,，此谓自伤，气之削也。阳气者，若天与日，失其所则折寿而不彰，故天运当以日光明，是故阳因而上卫外者也。因于寒，欲如运枢，起居如惊，神气乃浮。因于暑，,光,guang1,guang1 | guang4,polyphone,01a0d5d5-3c05-721d-8c29-fd6959f00f61,
生气通天论篇第三,01a0d5d5-3b2b-7013-acb2-e036e297154b,5,此谓自伤，气之削也。阳气者，若天与日，失其所则折寿而不彰，故天运当以日光明，是故阳因而上卫外者也。因于寒，欲如运枢，起居如惊，神气乃浮。因于暑，汗,明,ming2,meng4 | ming2,polyphone,01a0d5d5-3c05-721d-8c29-fd6a161acd33,
生气通天论篇第三,01a0d5d5-3b2b-7013-acb2-e036e297154b,5,自伤，气之削也。阳气者，若天与日，失其所则折寿而不彰，故天运当以日光明，是故阳因而上卫外者也。因于寒，欲如运枢，起居如惊，神气乃浮。因于暑，汗，烦,是,shi4,shi4 | ti2,polyphone,01a0d5d5-3c05-721d-8c29-fd6b2df3ad42,
生气通天论篇第三,01a0d5d5-3b2b-7013-acb2-e036e297154b,5,之削也。阳气者，若天与日，失其所则折寿而不彰，故天运当以日光明，是故阳因而上卫外者也。因于寒，欲如运枢，起居如惊，神气乃浮。因于暑，汗，烦则喘喝，,而,er2,er2 | neng2,polyphone,01a0d5d5-3c05-721d-8c29-fd6c82938cf7,
生气通天论篇第三,01a0d5d5-3b2b-7013-acb2-e036e297154b,5,削也。阳气者，若天与日，失其所则折寿而不彰，故天运当以日光明，是故阳因而上卫外者也。因于寒，欲如运枢，起居如惊，神气乃浮。因于暑，汗，烦则喘喝，静,上,shang4,shang3 | shang4,polyphone,01a0d5d5-3c05-721d-8c29-fd6d3cfc2890,
生气通天论篇第三,01a0d5d5-3b2b-7013-acb2-e036e297154b,5,气者，若天与日，失其所则折寿而不彰，故天运当以日光明，是故阳因而上卫外者也。因于寒，欲如运枢，起居如惊，神气乃浮。因于暑，汗，烦则喘喝，静则多言，,也,ye3,ye3 | yi2,polyphone,01a0d5d5-3c05-721d-8c29-fd6ed8a4a1a3,
生气通天论篇第三,01a0d5d5-3b2b-7013-acb2-e036e297154b,5,若天与日，失其所则折寿而不彰，故天运当以日光明，是故阳因而上卫外者也。因于寒，欲如运枢，起居如惊，神气乃浮。因于暑，汗，烦则喘喝，静则多言，体若燔,于,yu2,wei2 | xu1 | yu1 | yu2,polyphone,01a0d5d5-3c05-721d-8c29-fd6f7fcd7461,
生气通天论篇第三,01a0d5d5-3b2b-7013-acb2-e036e297154b,5,失其所则折寿而不彰，故天运当以日光明，是故阳因而上卫外者也。因于寒，欲如运枢，起居如惊，神气乃浮。因于暑，汗，烦则喘喝，静则多言，体若燔炭，汗出而,运,yun4,yun3 | yun4,polyphone,01a0d5d5-3c05-721d-8c29-fd70b110ff5a,
生气通天论篇第三,01a0d5d5-3b2b-7013-acb2-e036e297154b,5,折寿而不彰，故天运当以日光明，是故阳因而上卫外者也。因于寒，欲如运枢，起居如惊，神气乃浮。因于暑，汗，烦则喘喝，静则多言，体若燔炭，汗出而散。因于,居,ju1,ji1 | ju1,polyphone,01a0d5d5-3c05-721d-8c29-fd71833f856a,
生气通天论篇第三,01a0d5d5-3b2b-7013-acb2-e036e297154b,5,而不彰，故天运当以日光明，是故阳因而上卫外者也。因于寒，欲如运枢，起居如惊，神气乃浮。因于暑，汗，烦则喘喝，静则多言，体若燔炭，汗出而散。因于湿，,惊,jing1,jing1 | liang2,polyphone,01a0d5d5-3c05-721d-8c29-fd721fb6e9a0,
生气通天论篇第三,01a0d5d5-3b2b-7013-acb2-e036e297154b,5,彰，故天运当以日光明，是故阳因而上卫外者也。因于寒，欲如运枢，起居如惊，神气乃浮。因于暑，汗，烦则喘喝，静则多言，体若燔炭，汗出而散。因于湿，首如,神,shen2,shen1 | shen2,polyphone,01a0d5d5-3c05-721d-8c29-fd73658b8258,
生气通天论篇第三,01a0d5d5-3b2b-7013-acb2-e036e297154b,5,，故天运当以日光明，是故阳因而上卫外者也。因于寒，欲如运枢，起居如惊，神气乃浮。因于暑，汗，烦则喘喝，静则多言，体若燔炭，汗出而散。因于湿，首如裹,气,qi4,qi3 | qi4,polyphone,01a0d5d5-3c05-721d-8c29-fd7401fe8282,
生气通天论篇第三,01a0d5d5-3b2b-7013-acb2-e036e297154b,5,故天运当以日光明，是故阳因而上卫外者也。因于寒，欲如运枢，起居如惊，神气乃浮。因于暑，汗，烦则喘喝，静则多言，体若燔炭，汗出而散。因于湿，首如裹，,乃,nai3,ai3 | nai3,polyphone,01a0d5d5-3c05-721d-8c29-fd75320fb9f8,
生气通天论篇第三,01a0d5d5-3b2b-7013-acb2-e0379ce723c8,6,以日光明，是故阳因而上卫外者也。因于寒，欲如运枢，起居如惊，神气乃浮。因于暑，汗，烦则喘喝，静则多言，体若燔炭，汗出而散。因于湿，首如裹，湿热不攘,于,yu2,wei2 | xu1 | yu1 | yu2,polyphone,01a0d5d5-3c07-7306-9d60-e786f9eb6d8a,
生气通天论篇第三,01a0d5d5-3b2b-7013-acb2-e0379ce723c8,6,明，是故阳因而上卫外者也。因于寒，欲如运枢，起居如惊，神气乃浮。因于暑，汗，烦则喘喝，静则多言，体若燔炭，汗出而散。因于湿，首如裹，湿热不攘，大筋,汗,han4,gan1 | han2 | han4,polyphone,01a0d5d5-3c07-7306-9d60-e787000bf410,
生气通天论篇第三,01a0d5d5-3b2b-7013-acb2-e0379ce723c8,6,者也。因于寒，欲如运枢，起居如惊，神气乃浮。因于暑，汗，烦则喘喝，静则多言，体若燔炭，汗出而散。因于湿，首如裹，湿热不攘，大筋緛短，小筋弛长，緛短,言,yan2,yan2 | yan4 | yin2,polyphone,01a0d5d5-3c07-7306-9d60-e7899e875893,
生气通天论篇第三,01a0d5d5-3b2b-7013-acb2-e0379ce723c8,6,。因于寒，欲如运枢，起居如惊，神气乃浮。因于暑，汗，烦则喘喝，静则多言，体若燔炭，汗出而散。因于湿，首如裹，湿热不攘，大筋緛短，小筋弛长，緛短为拘,体,ti3,ben4 | cui4 | ti1 | ti3,polyphone,01a0d5d5-3c07-7306-9d60-e78a95e67eae,
生气通天论篇第三,01a0d5d5-3b2b-7013-acb2-e0379ce723c8,6,因于寒，欲如运枢，起居如惊，神气乃浮。因于暑，汗，烦则喘喝，静则多言，体若燔炭，汗出而散。因于湿，首如裹，湿热不攘，大筋緛短，小筋弛长，緛短为拘，,若,ruo4,re2 | re3 | re4 | ruo4,polyphone,01a0d5d5-3c07-7306-9d60-e78b09bbbdb0,
生气通天论篇第三,01a0d5d5-3b2b-7013-acb2-e0379ce723c8,6,欲如运枢，起居如惊，神气乃浮。因于暑，汗，烦则喘喝，静则多言，体若燔炭，汗出而散。因于湿，首如裹，湿热不攘，大筋緛短，小筋弛长，緛短为拘，弛长为痿,汗,han4,gan1 | han2 | han4,polyphone,01a0d5d5-3c07-7306-9d60-e78d9bf3bcf7,
生气通天论篇第三,01a0d5d5-3b2b-7013-acb2-e0379ce723c8,6,运枢，起居如惊，神气乃浮。因于暑，汗，烦则喘喝，静则多言，体若燔炭，汗出而散。因于湿，首如裹，湿热不攘，大筋緛短，小筋弛长，緛短为拘，弛长为痿。因,而,er2,er2 | neng2,polyphone,01a0d5d5-3c07-7306-9d60-e78ee188c39c,
生气通天论篇第三,01a0d5d5-3b2b-7013-acb2-e0379ce723c8,6,枢，起居如惊，神气乃浮。因于暑，汗，烦则喘喝，静则多言，体若燔炭，汗出而散。因于湿，首如裹，湿热不攘，大筋緛短，小筋弛长，緛短为拘，弛长为痿。因于,散,san4,san1 | san3 | san4,polyphone,01a0d5d5-3c07-7306-9d60-e78f3f0ec385,
生气通天论篇第三,01a0d5d5-3b2b-7013-acb2-e038190ac63c,7,居如惊，神气乃浮。因于暑，汗，烦则喘喝，静则多言，体若燔炭，汗出而散。因于湿，首如裹，湿热不攘，大筋緛短，小筋弛长，緛短为拘，弛长为痿。因于气，为,于,yu2,wei2 | xu1 | yu1 | yu2,polyphone,01a0d5d5-3c09-70bd-9d5b-71ede09428cf,
生气通天论篇第三,01a0d5d5-3b2b-7013-acb2-e038190ac63c,7,因于暑，汗，烦则喘喝，静则多言，体若燔炭，汗出而散。因于湿，首如裹，湿热不攘，大筋緛短，小筋弛长，緛短为拘，弛长为痿。因于气，为肿，四维相代，阳气,不,bu4,bu2 | bu4 | fou1 | fou3 | fu1,polyphone,01a0d5d5-3c09-70bd-9d5b-71eec6a37411,
生气通天论篇第三,01a0d5d5-3b2b-7013-acb2-e038190ac63c,7,于暑，汗，烦则喘喝，静则多言，体若燔炭，汗出而散。因于湿，首如裹，湿热不攘，大筋緛短，小筋弛长，緛短为拘，弛长为痿。因于气，为肿，四维相代，阳气乃,攘,rang3,ning2 | rang3 | rang4 | xiang3,polyphone,01a0d5d5-3c09-70bd-9d5b-71ef80441986,
生气通天论篇第三,01a0d5d5-3b2b-7013-acb2-e038190ac63c,7,，汗，烦则喘喝，静则多言，体若燔炭，汗出而散。因于湿，首如裹，湿热不攘，大筋緛短，小筋弛长，緛短为拘，弛长为痿。因于气，为肿，四维相代，阳气乃竭。,大,da4,da4 | dai4 | tai4,polyphone,01a0d5d5-3c09-70bd-9d5b-71f001ff9ba4,
生气通天论篇第三,01a0d5d5-3b2b-7013-acb2-e038190ac63c,7,汗，烦则喘喝，静则多言，体若燔炭，汗出而散。因于湿，首如裹，湿热不攘，大筋緛短，小筋弛长，緛短为拘，弛长为痿。因于气，为肿，四维相代，阳气乃竭。阳,筋,jin1,jin1 | qian2,polyphone,01a0d5d5-3c09-70bd-9d5b-71f1b429b975,
生气通天论篇第三,01a0d5d5-3b2b-7013-acb2-e038190ac63c,7,喝，静则多言，体若燔炭，汗出而散。因于湿，首如裹，湿热不攘，大筋緛短，小筋弛长，緛短为拘，弛长为痿。因于气，为肿，四维相代，阳气乃竭。阳气者，烦劳,筋,jin1,jin1 | qian2,polyphone,01a0d5d5-3c09-70bd-9d5b-71f348b45194,
生气通天论篇第三,01a0d5d5-3b2b-7013-acb2-e038190ac63c,7,，体若燔炭，汗出而散。因于湿，首如裹，湿热不攘，大筋緛短，小筋弛长，緛短为拘，弛长为痿。因于气，为肿，四维相代，阳气乃竭。阳气者，烦劳则张，精绝，,为,wei4,wei2 | wei4,polyphone,01a0d5d5-3c09-70bd-9d5b-71f66ac3aae8,
生气通天论篇第三,01a0d5d5-3b2b-7013-acb2-e038190ac63c,7,体若燔炭，汗出而散。因于湿，首如裹，湿热不攘，大筋緛短，小筋弛长，緛短为拘，弛长为痿。因于气，为肿，四维相代，阳气乃竭。阳气者，烦劳则张，精绝，辟,拘,ju1,gou1 | ju1 | ju2 | ju3,polyphone,01a0d5d5-3c09-70bd-9d5b-71f7be87b72d,
生气通天论篇第三,01a0d5d5-3b2b-7013-acb2-e038190ac63c,7,，汗出而散。因于湿，首如裹，湿热不攘，大筋緛短，小筋弛长，緛短为拘，弛长为痿。因于气，为肿，四维相代，阳气乃竭。阳气者，烦劳则张，精绝，辟积于夏，,为,wei4,wei2 | wei4,polyphone,01a0d5d5-3c09-70bd-9d5b-71f9aa43b25a,
生气通天论篇第三,01a0d5d5-3b2b-7013-acb2-e038190ac63c,7,散。因于湿，首如裹，湿热不攘，大筋緛短，小筋弛长，緛短为拘，弛长为痿。因于气，为肿，四维相代，阳气乃竭。阳气者，烦劳则张，精绝，辟积于夏，使人煎厥,于,yu2,wei2 | xu1 | yu1 | yu2,polyphone,01a0d5d5-3c09-70bd-9d5b-71fa6d49eb23,
生气通天论篇第三,01a0d5d5-3b2b-7013-acb2-e038190ac63c,7,。因于湿，首如裹，湿热不攘，大筋緛短，小筋弛长，緛短为拘，弛长为痿。因于气，为肿，四维相代，阳气乃竭。阳气者，烦劳则张，精绝，辟积于夏，使人煎厥。,气,qi4,qi3 | qi4,polyphone,01a0d5d5-3c09-70bd-9d5b-71fb0af5f10f,
生气通天论篇第三,01a0d5d5-3b2b-7013-acb2-e038190ac63c,7,于湿，首如裹，湿热不攘，大筋緛短，小筋弛长，緛短为拘，弛长为痿。因于气，为肿，四维相代，阳气乃竭。阳气者，烦劳则张，精绝，辟积于夏，使人煎厥。目盲,为,wei4,wei2 | wei4,polyphone,01a0d5d5-3c09-70bd-9d5b-71fc959f93e3,
生气通天论篇第三,01a0d5d5-3b2b-7013-acb2-e038190ac63c,7,裹，湿热不攘，大筋緛短，小筋弛长，緛短为拘，弛长为痿。因于气，为肿，四维相代，阳气乃竭。阳气者，烦劳则张，精绝，辟积于夏，使人煎厥。目盲不可以视，,相,xiang1,xiang1 | xiang4,polyphone,01a0d5d5-3c09-70bd-9d5b-71fd2b85edfb,
生气通天论篇第三,01a0d5d5-3b2b-7013-acb2-e038190ac63c,7,不攘，大筋緛短，小筋弛长，緛短为拘，弛长为痿。因于气，为肿，四维相代，阳气乃竭。阳气者，烦劳则张，精绝，辟积于夏，使人煎厥。目盲不可以视，耳闭不可,气,qi4,qi3 | qi4,polyphone,01a0d5d5-3c09-70bd-9d5b-71fef7cfffd6,
生气通天论篇第三,01a0d5d5-3b2b-7013-acb2-e038190ac63c,7,攘，大筋緛短，小筋弛长，緛短为拘，弛长为痿。因于气，为肿，四维相代，阳气乃竭。阳气者，烦劳则张，精绝，辟积于夏，使人煎厥。目盲不可以视，耳闭不可以,乃,nai3,ai3 | nai3,polyphone,01a0d5d5-3c09-70bd-9d5b-71ff00cf62d0,
生气通天论篇第三,01a0d5d5-3b2b-7013-acb2-e039c86a9957,8,緛短，小筋弛长，緛短为拘，弛长为痿。因于气，为肿，四维相代，阳气乃竭。阳气者，烦劳则张，精绝，辟积于夏，使人煎厥。目盲不可以视，耳闭不可以听，溃溃,气,qi4,qi3 | qi4,polyphone,01a0d5d5-3c0b-74e6-a47d-8d8bafe8c2c3,
生气通天论篇第三,01a0d5d5-3b2b-7013-acb2-e039c86a9957,8,緛短为拘，弛长为痿。因于气，为肿，四维相代，阳气乃竭。阳气者，烦劳则张，精绝，辟积于夏，使人煎厥。目盲不可以视，耳闭不可以听，溃溃乎若坏都，汨汨乎,精,jing1,jing1 | jing4 | qing2,polyphone,01a0d5d5-3c0b-74e6-a47d-8d8c60a4cb0a,
生气通天论篇第三,01a0d5d5-3b2b-7013-acb2-e039c86a9957,8,拘，弛长为痿。因于气，为肿，四维相代，阳气乃竭。阳气者，烦劳则张，精绝，辟积于夏，使人煎厥。目盲不可以视，耳闭不可以听，溃溃乎若坏都，汨汨乎不可止,辟,pi4,bi4 | mi3 | pi1 | pi4,polyphone,01a0d5d5-3c0b-74e6-a47d-8d8d4228ecbf,
生气通天论篇第三,01a0d5d5-3b2b-7013-acb2-e039c86a9957,8,，弛长为痿。因于气，为肿，四维相代，阳气乃竭。阳气者，烦劳则张，精绝，辟积于夏，使人煎厥。目盲不可以视，耳闭不可以听，溃溃乎若坏都，汨汨乎不可止。,积,ji1,ji1 | zhi3,polyphone,01a0d5d5-3c0b-74e6-a47d-8d8e065c1cff,
生气通天论篇第三,01a0d5d5-3b2b-7013-acb2-e039c86a9957,8,弛长为痿。因于气，为肿，四维相代，阳气乃竭。阳气者，烦劳则张，精绝，辟积于夏，使人煎厥。目盲不可以视，耳闭不可以听，溃溃乎若坏都，汨汨乎不可止。阳,于,yu2,wei2 | xu1 | yu1 | yu2,polyphone,01a0d5d5-3c0b-74e6-a47d-8d8f760b3f4f,
生气通天论篇第三,01a0d5d5-3b2b-7013-acb2-e039c86a9957,8,长为痿。因于气，为肿，四维相代，阳气乃竭。阳气者，烦劳则张，精绝，辟积于夏，使人煎厥。目盲不可以视，耳闭不可以听，溃溃乎若坏都，汨汨乎不可止。阳气,夏,xia4,jia3 | xia4,polyphone,01a0d5d5-3c0b-74e6-a47d-8d90917eff9b,
生气通天论篇第三,01a0d5d5-3b2b-7013-acb2-e039c86a9957,8,因于气，为肿，四维相代，阳气乃竭。阳气者，烦劳则张，精绝，辟积于夏，使人煎厥。目盲不可以视，耳闭不可以听，溃溃乎若坏都，汨汨乎不可止。阳气者，大怒,煎,jian1,jian1 | jian3 | jian4,polyphone,01a0d5d5-3c0b-74e6-a47d-8d9174630a90,
生气通天论篇第三,01a0d5d5-3b2b-7013-acb2-e03a01d63f3b,9,肿，四维相代，阳气乃竭。阳气者，烦劳则张，精绝，辟积于夏，使人煎厥。目盲不可以视，耳闭不可以听，溃溃乎若坏都，汨汨乎不可止。阳气者，大怒则形气绝，,不,bu4,bu2 | bu4 | fou1 | fou3 | fu1,polyphone,01a0d5d5-3c0c-711e-b878-6c4ebf20a908,
生气通天论篇第三,01a0d5d5-3b2b-7013-acb2-e03a01d63f3b,9,，四维相代，阳气乃竭。阳气者，烦劳则张，精绝，辟积于夏，使人煎厥。目盲不可以视，耳闭不可以听，溃溃乎若坏都，汨汨乎不可止。阳气者，大怒则形气绝，而,可,ke3,ge1 | ke3 | ke4,polyphone,01a0d5d5-3c0c-711e-b878-6c4fcf27684c,
生气通天论篇第三,01a0d5d5-3b2b-7013-acb2-e03a01d63f3b,9,四维相代，阳气乃竭。阳气者，烦劳则张，精绝，辟积于夏，使人煎厥。目盲不可以视，耳闭不可以听，溃溃乎若坏都，汨汨乎不可止。阳气者，大怒则形气绝，而血,以,yi3,si4 | yi3,polyphone,01a0d5d5-3c0c-711e-b878-6c50c8369d94,
生气通天论篇第三,01a0d5d5-3b2b-7013-acb2-e03a01d63f3b,9,代，阳气乃竭。阳气者，烦劳则张，精绝，辟积于夏，使人煎厥。目盲不可以视，耳闭不可以听，溃溃乎若坏都，汨汨乎不可止。阳气者，大怒则形气绝，而血菀于上,耳,er3,er3 | reng2,polyphone,01a0d5d5-3c0c-711e-b878-6c51921a57ad,
生气通天论篇第三,01a0d5d5-3b2b-7013-acb2-e03a01d63f3b,9,阳气乃竭。阳气者，烦劳则张，精绝，辟积于夏，使人煎厥。目盲不可以视，耳闭不可以听，溃溃乎若坏都，汨汨乎不可止。阳气者，大怒则形气绝，而血菀于上，使,不,bu4,bu2 | bu4 | fou1 | fou3 | fu1,polyphone,01a0d5d5-3c0c-711e-b878-6c528f86f993,
生气通天论篇第三,01a0d5d5-3b2b-7013-acb2-e03a01d63f3b,9,气乃竭。阳气者，烦劳则张，精绝，辟积于夏，使人煎厥。目盲不可以视，耳闭不可以听，溃溃乎若坏都，汨汨乎不可止。阳气者，大怒则形气绝，而血菀于上，使人,可,ke3,ge1 | ke3 | ke4,polyphone,01a0d5d5-3c0c-711e-b878-6c53de7b3c86,
生气通天论篇第三,01a0d5d5-3b2b-7013-acb2-e03a01d63f3b,9,乃竭。阳气者，烦劳则张，精绝，辟积于夏，使人煎厥。目盲不可以视，耳闭不可以听，溃溃乎若坏都，汨汨乎不可止。阳气者，大怒则形气绝，而血菀于上，使人薄,以,yi3,si4 | yi3,polyphone,01a0d5d5-3c0c-711e-b878-6c54c8d95bd7,
生气通天论篇第三,01a0d5d5-3b2b-7013-acb2-e03a01d63f3b,9,竭。阳气者，烦劳则张，精绝，辟积于夏，使人煎厥。目盲不可以视，耳闭不可以听，溃溃乎若坏都，汨汨乎不可止。阳气者，大怒则形气绝，而血菀于上，使人薄厥,听,ting1,ting1 | yi2 | yin3,polyphone,01a0d5d5-3c0c-711e-b878-6c55f7c212d1,
生气通天论篇第三,01a0d5d5-3b2b-7013-acb2-e03a01d63f3b,9,阳气者，烦劳则张，精绝，辟积于夏，使人煎厥。目盲不可以视，耳闭不可以听，溃溃乎若坏都，汨汨乎不可止。阳气者，大怒则形气绝，而血菀于上，使人薄厥。有,溃,kui4,hui4 | kui4,polyphone,01a0d5d5-3c0c-711e-b878-6c5625eec760,
生气通天论篇第三,01a0d5d5-3b2b-7013-acb2-e03a01d63f3b,9,气者，烦劳则张，精绝，辟积于夏，使人煎厥。目盲不可以视，耳闭不可以听，溃溃乎若坏都，汨汨乎不可止。阳气者，大怒则形气绝，而血菀于上，使人薄厥。有伤,溃,kui4,hui4 | kui4,polyphone,01a0d5d5-3c0c-711e-b878-6c576356a55b,
生气通天论篇第三,01a0d5d5-3b2b-7013-acb2-e03a01d63f3b,9,，烦劳则张，精绝，辟积于夏，使人煎厥。目盲不可以视，耳闭不可以听，溃溃乎若坏都，汨汨乎不可止。阳气者，大怒则形气绝，而血菀于上，使人薄厥。有伤于筋,若,ruo4,re2 | re3 | re4 | ruo4,polyphone,01a0d5d5-3c0c-711e-b878-6c5865b26e8f,
生气通天论篇第三,01a0d5d5-3b2b-7013-acb2-e03a01d63f3b,9,烦劳则张，精绝，辟积于夏，使人煎厥。目盲不可以视，耳闭不可以听，溃溃乎若坏都，汨汨乎不可止。阳气者，大怒则形气绝，而血菀于上，使人薄厥。有伤于筋，,坏,huai4,huai4 | pei2 | pi1,polyphone,01a0d5d5-3c0c-711e-b878-6c59191da7d6,
生气通天论篇第三,01a0d5d5-3b2b-7013-acb2-e03a01d63f3b,9,劳则张，精绝，辟积于夏，使人煎厥。目盲不可以视，耳闭不可以听，溃溃乎若坏都，汨汨乎不可止。阳气者，大怒则形气绝，而血菀于上，使人薄厥。有伤于筋，纵,都,dou1,dou1 | du1,polyphone,01a0d5d5-3c0c-711e-b878-6c5ababd4d3e,
生气通天论篇第三,01a0d5d5-3b2b-7013-acb2-e03a01d63f3b,9,绝，辟积于夏，使人煎厥。目盲不可以视，耳闭不可以听，溃溃乎若坏都，汨汨乎不可止。阳气者，大怒则形气绝，而血菀于上，使人薄厥。有伤于筋，纵，其若不容,不,bu4,bu2 | bu4 | fou1 | fou3 | fu1,polyphone,01a0d5d5-3c0c-711e-b878-6c5b2f7aaaa9,
生气通天论篇第三,01a0d5d5-3b2b-7013-acb2-e03a01d63f3b,9,，辟积于夏，使人煎厥。目盲不可以视，耳闭不可以听，溃溃乎若坏都，汨汨乎不可止。阳气者，大怒则形气绝，而血菀于上，使人薄厥。有伤于筋，纵，其若不容，,可,ke3,ge1 | ke3 | ke4,polyphone,01a0d5d5-3c0c-711e-b878-6c5c8bad1b74,
生气通天论篇第三,01a0d5d5-3b2b-7013-acb2-e03b2e55a58b,10,夏，使人煎厥。目盲不可以视，耳闭不可以听，溃溃乎若坏都，汨汨乎不可止。阳气者，大怒则形气绝，而血菀于上，使人薄厥。有伤于筋，纵，其若不容，汗出偏沮,气,qi4,qi3 | qi4,polyphone,01a0d5d5-3c0e-774c-b52f-bfde0d57ae1d,
生气通天论篇第三,01a0d5d5-3b2b-7013-acb2-e03b2e55a58b,10,人煎厥。目盲不可以视，耳闭不可以听，溃溃乎若坏都，汨汨乎不可止。阳气者，大怒则形气绝，而血菀于上，使人薄厥。有伤于筋，纵，其若不容，汗出偏沮，使人,大,da4,da4 | dai4 | tai4,polyphone,01a0d5d5-3c0e-774c-b52f-bfdfbf2c0530,
生气通天论篇第三,01a0d5d5-3b2b-7013-acb2-e03b2e55a58b,10,目盲不可以视，耳闭不可以听，溃溃乎若坏都，汨汨乎不可止。阳气者，大怒则形气绝，而血菀于上，使人薄厥。有伤于筋，纵，其若不容，汗出偏沮，使人偏枯。汗,气,qi4,qi3 | qi4,polyphone,01a0d5d5-3c0e-774c-b52f-bfe0d540fcbf,
生气通天论篇第三,01a0d5d5-3b2b-7013-acb2-e03b2e55a58b,10,可以视，耳闭不可以听，溃溃乎若坏都，汨汨乎不可止。阳气者，大怒则形气绝，而血菀于上，使人薄厥。有伤于筋，纵，其若不容，汗出偏沮，使人偏枯。汗出见湿,而,er2,er2 | neng2,polyphone,01a0d5d5-3c0e-774c-b52f-bfe1f433353a,
生气通天论篇第三,01a0d5d5-3b2b-7013-acb2-e03b2e55a58b,10,，耳闭不可以听，溃溃乎若坏都，汨汨乎不可止。阳气者，大怒则形气绝，而血菀于上，使人薄厥。有伤于筋，纵，其若不容，汗出偏沮，使人偏枯。汗出见湿，乃生,于,yu2,wei2 | xu1 | yu1 | yu2,polyphone,01a0d5d5-3c0e-774c-b52f-bfe42773b3c0,
生气通天论篇第三,01a0d5d5-3b2b-7013-acb2-e03b2e55a58b,10,耳闭不可以听，溃溃乎若坏都，汨汨乎不可止。阳气者，大怒则形气绝，而血菀于上，使人薄厥。有伤于筋，纵，其若不容，汗出偏沮，使人偏枯。汗出见湿，乃生痤,上,shang4,shang3 | shang4,polyphone,01a0d5d5-3c0e-774c-b52f-bfe597fc52a2,
生气通天论篇第三,01a0d5d5-3b2b-7013-acb2-e03c03066e99,11,溃溃乎若坏都，汨汨乎不可止。阳气者，大怒则形气绝，而血菀于上，使人薄厥。有伤于筋，纵，其若不容，汗出偏沮，使人偏枯。汗出见湿，乃生痤痱。高梁之变，,有,you3,wei3 | you3 | you4,polyphone,01a0d5d5-3c11-74a0-917a-f25e0b05e2ff,
生气通天论篇第三,01a0d5d5-3b2b-7013-acb2-e03c03066e99,11,乎若坏都，汨汨乎不可止。阳气者，大怒则形气绝，而血菀于上，使人薄厥。有伤于筋，纵，其若不容，汗出偏沮，使人偏枯。汗出见湿，乃生痤痱。高梁之变，足生,于,yu2,wei2 | xu1 | yu1 | yu2,polyphone,01a0d5d5-3c11-74a0-917a-f25f193db60b,
生气通天论篇第三,01a0d5d5-3b2b-7013-acb2-e03c03066e99,11,若坏都，汨汨乎不可止。阳气者，大怒则形气绝，而血菀于上，使人薄厥。有伤于筋，纵，其若不容，汗出偏沮，使人偏枯。汗出见湿，乃生痤痱。高梁之变，足生大,筋,jin1,jin1 | qian2,polyphone,01a0d5d5-3c11-74a0-917a-f260b18dd52a,
生气通天论篇第三,01a0d5d5-3b2b-7013-acb2-e03c03066e99,11,汨汨乎不可止。阳气者，大怒则形气绝，而血菀于上，使人薄厥。有伤于筋，纵，其若不容，汗出偏沮，使人偏枯。汗出见湿，乃生痤痱。高梁之变，足生大丁，受如,其,qi2,ji1 | ji4 | qi2,polyphone,01a0d5d5-3c11-74a0-917a-f261d0ab6193,
生气通天论篇第三,01a0d5d5-3b2b-7013-acb2-e03c03066e99,11,汨乎不可止。阳气者，大怒则形气绝，而血菀于上，使人薄厥。有伤于筋，纵，其若不容，汗出偏沮，使人偏枯。汗出见湿，乃生痤痱。高梁之变，足生大丁，受如持,若,ruo4,re2 | re3 | re4 | ruo4,polyphone,01a0d5d5-3c11-74a0-917a-f2620affe37e,
生气通天论篇第三,01a0d5d5-3b2b-7013-acb2-e03c03066e99,11,乎不可止。阳气者，大怒则形气绝，而血菀于上，使人薄厥。有伤于筋，纵，其若不容，汗出偏沮，使人偏枯。汗出见湿，乃生痤痱。高梁之变，足生大丁，受如持虚,不,bu4,bu2 | bu4 | fou1 | fou3 | fu1,polyphone,01a0d5d5-3c11-74a0-917a-f2631e3c42cc,
生气通天论篇第三,01a0d5d5-3b2b-7013-acb2-e03c03066e99,11,不可止。阳气者，大怒则形气绝，而血菀于上，使人薄厥。有伤于筋，纵，其若不容，汗出偏沮，使人偏枯。汗出见湿，乃生痤痱。高梁之变，足生大丁，受如持虚。,容,rong2,rong2 | yong3,polyphone,01a0d5d5-3c11-74a0-917a-f2644e414361,
生气通天论篇第三,01a0d5d5-3b2b-7013-acb2-e03c03066e99,11,止。阳气者，大怒则形气绝，而血菀于上，使人薄厥。有伤于筋，纵，其若不容，汗出偏沮，使人偏枯。汗出见湿，乃生痤痱。高梁之变，足生大丁，受如持虚。劳汗,汗,han4,gan1 | han2 | han4,polyphone,01a0d5d5-3c11-74a0-917a-f2659d4eb8b6,
生气通天论篇第三,01a0d5d5-3b2b-7013-acb2-e03c03066e99,11,则形气绝，而血菀于上，使人薄厥。有伤于筋，纵，其若不容，汗出偏沮，使人偏枯。汗出见湿，乃生痤痱。高梁之变，足生大丁，受如持虚。劳汗当风，寒薄为皶，,枯,ku1,gu1 | ku1,polyphone,01a0d5d5-3c11-74a0-917a-f2674a8acfaa,
生气通天论篇第三,01a0d5d5-3b2b-7013-acb2-e03c03066e99,11,气绝，而血菀于上，使人薄厥。有伤于筋，纵，其若不容，汗出偏沮，使人偏枯。汗出见湿，乃生痤痱。高梁之变，足生大丁，受如持虚。劳汗当风，寒薄为皶，郁乃,汗,han4,gan1 | han2 | han4,polyphone,01a0d5d5-3c11-74a0-917a-f26864b6682d,
生气通天论篇第三,01a0d5d5-3b2b-7013-acb2-e03c03066e99,11,，而血菀于上，使人薄厥。有伤于筋，纵，其若不容，汗出偏沮，使人偏枯。汗出见湿，乃生痤痱。高梁之变，足生大丁，受如持虚。劳汗当风，寒薄为皶，郁乃痤。,见,jian4,jian4 | xian4,polyphone,01a0d5d5-3c11-74a0-917a-f2699efab48e,
生气通天论篇第三,01a0d5d5-3b2b-7013-acb2-e03c03066e99,11,"菀于上，使人薄厥。有伤于筋，纵，其若不容，汗出偏沮，使人偏枯。汗出见湿，乃生痤痱。高梁之变，足生大丁，受如持虚。劳汗当风，寒薄为皶，郁乃痤。
阳气",乃,nai3,ai3 | nai3,polyphone,01a0d5d5-3c11-74a0-917a-f26abd9df698,
生气通天论篇第三,01a0d5d5-3b2b-7013-acb2-e03c03066e99,11,"，使人薄厥。有伤于筋，纵，其若不容，汗出偏沮，使人偏枯。汗出见湿，乃生痤痱。高梁之变，足生大丁，受如持虚。劳汗当风，寒薄为皶，郁乃痤。
阳气者，精",痱,fei4,fei2 | fei3 | fei4,polyphone,01a0d5d5-3c11-74a0-917a-f26b20a88deb,
生气通天论篇第三,01a0d5d5-3b2b-7013-acb2-e03c03066e99,11,"人薄厥。有伤于筋，纵，其若不容，汗出偏沮，使人偏枯。汗出见湿，乃生痤痱。高梁之变，足生大丁，受如持虚。劳汗当风，寒薄为皶，郁乃痤。
阳气者，精则养",高,gao1,gao1 | gao4,polyphone,01a0d5d5-3c11-74a0-917a-f26c401e7194,
生气通天论篇第三,01a0d5d5-3b2b-7013-acb2-e03c03066e99,11,"厥。有伤于筋，纵，其若不容，汗出偏沮，使人偏枯。汗出见湿，乃生痤痱。高梁之变，足生大丁，受如持虚。劳汗当风，寒薄为皶，郁乃痤。
阳气者，精则养神，",之,zhi1,zhi1 | zhi4 | zhu1,polyphone,01a0d5d5-3c11-74a0-917a-f26d37179d8e,
生气通天论篇第三,01a0d5d5-3b2b-7013-acb2-e03c03066e99,11,"伤于筋，纵，其若不容，汗出偏沮，使人偏枯。汗出见湿，乃生痤痱。高梁之变，足生大丁，受如持虚。劳汗当风，寒薄为皶，郁乃痤。
阳气者，精则养神，柔则养",足,zu2,ju4 | zu2,polyphone,01a0d5d5-3c11-74a0-917a-f26e55862792,
生气通天论篇第三,01a0d5d5-3b2b-7013-acb2-e03c03066e99,11,"，其若不容，汗出偏沮，使人偏枯。汗出见湿，乃生痤痱。高梁之变，足生大丁，受如持虚。劳汗当风，寒薄为皶，郁乃痤。
阳气者，精则养神，柔则养筋。开阖不",受,shou4,dao4 | shou4,polyphone,01a0d5d5-3c11-74a0-917a-f271bdc8ce23,
生气通天论篇第三,01a0d5d5-3b2b-7013-acb2-e03c03066e99,11,"汗出偏沮，使人偏枯。汗出见湿，乃生痤痱。高梁之变，足生大丁，受如持虚。劳汗当风，寒薄为皶，郁乃痤。
阳气者，精则养神，柔则养筋。开阖不得，寒气从之",汗,han4,gan1 | han2 | han4,polyphone,01a0d5d5-3c11-74a0-917a-f272baf8b68c,
生气通天论篇第三,01a0d5d5-3b2b-7013-acb2-e03c03066e99,11,"出偏沮，使人偏枯。汗出见湿，乃生痤痱。高梁之变，足生大丁，受如持虚。劳汗当风，寒薄为皶，郁乃痤。
阳气者，精则养神，柔则养筋。开阖不得，寒气从之，",当,dang1,dang1 | dang4,polyphone,01a0d5d5-3c11-74a0-917a-f27353643a88,
生气通天论篇第三,01a0d5d5-3b2b-7013-acb2-e03c03066e99,11,"使人偏枯。汗出见湿，乃生痤痱。高梁之变，足生大丁，受如持虚。劳汗当风，寒薄为皶，郁乃痤。
阳气者，精则养神，柔则养筋。开阖不得，寒气从之，乃生大偻",薄,bao2,bao2 | bo2 | bo4 | bu4,polyphone,01a0d5d5-3c11-74a0-917a-f2748dcbbc9f,
生气通天论篇第三,01a0d5d5-3b2b-7013-acb2-e03c03066e99,11,"人偏枯。汗出见湿，乃生痤痱。高梁之变，足生大丁，受如持虚。劳汗当风，寒薄为皶，郁乃痤。
阳气者，精则养神，柔则养筋。开阖不得，寒气从之，乃生大偻。",为,wei4,wei2 | wei4,polyphone,01a0d5d5-3c11-74a0-917a-f27551d3d957,
生气通天论篇第三,01a0d5d5-3b2b-7013-acb2-e03c03066e99,11,"汗出见湿，乃生痤痱。高梁之变，足生大丁，受如持虚。劳汗当风，寒薄为皶，郁乃痤。
阳气者，精则养神，柔则养筋。开阖不得，寒气从之，乃生大偻。陷脉为瘘",乃,nai3,ai3 | nai3,polyphone,01a0d5d5-3c11-74a0-917a-f2763568ea67,
生气通天论篇第三,01a0d5d5-3b2b-7013-acb2-e03c03066e99,11,"乃生痤痱。高梁之变，足生大丁，受如持虚。劳汗当风，寒薄为皶，郁乃痤。
阳气者，精则养神，柔则养筋。开阖不得，寒气从之，乃生大偻。陷脉为瘘，留连肉腠",气,qi4,qi3 | qi4,polyphone,01a0d5d5-3c11-74a0-917a-f277e30c662f,
生气通天论篇第三,01a0d5d5-3b2b-7013-acb2-e03c03066e99,11,"痱。高梁之变，足生大丁，受如持虚。劳汗当风，寒薄为皶，郁乃痤。
阳气者，精则养神，柔则养筋。开阖不得，寒气从之，乃生大偻。陷脉为瘘，留连肉腠。俞气",精,jing1,jing1 | jing4 | qing2,polyphone,01a0d5d5-3c11-74a0-917a-f2789cb674ae,
生气通天论篇第三,01a0d5d5-3b2b-7013-acb2-e03c03066e99,11,"梁之变，足生大丁，受如持虚。劳汗当风，寒薄为皶，郁乃痤。
阳气者，精则养神，柔则养筋。开阖不得，寒气从之，乃生大偻。陷脉为瘘，留连肉腠。俞气化薄，",神,shen2,shen1 | shen2,polyphone,01a0d5d5-3c11-74a0-917a-f279198bf382,
生气通天论篇第三,01a0d5d5-3b2b-7013-acb2-e03c03066e99,11,"生大丁，受如持虚。劳汗当风，寒薄为皶，郁乃痤。
阳气者，精则养神，柔则养筋。开阖不得，寒气从之，乃生大偻。陷脉为瘘，留连肉腠。俞气化薄，传为善畏，",筋,jin1,jin1 | qian2,polyphone,01a0d5d5-3c11-74a0-917a-f27ac5ee9fe3,
生气通天论篇第三,01a0d5d5-3b2b-7013-acb2-e03df687ba23,12,"受如持虚。劳汗当风，寒薄为皶，郁乃痤。
阳气者，精则养神，柔则养筋。开阖不得，寒气从之，乃生大偻。陷脉为瘘，留连肉腠。俞气化薄，传为善畏，及为惊骇",不,bu4,bu2 | bu4 | fou1 | fou3 | fu1,polyphone,01a0d5d5-3c14-70a2-813e-0a7a515aa22c,
生气通天论篇第三,01a0d5d5-3b2b-7013-acb2-e03df687ba23,12,"如持虚。劳汗当风，寒薄为皶，郁乃痤。
阳气者，精则养神，柔则养筋。开阖不得，寒气从之，乃生大偻。陷脉为瘘，留连肉腠。俞气化薄，传为善畏，及为惊骇。",得,de2,de2 | dei3,polyphone,01a0d5d5-3c14-70a2-813e-0a7b21db4c20,
生气通天论篇第三,01a0d5d5-3b2b-7013-acb2-e03df687ba23,12,"。劳汗当风，寒薄为皶，郁乃痤。
阳气者，精则养神，柔则养筋。开阖不得，寒气从之，乃生大偻。陷脉为瘘，留连肉腠。俞气化薄，传为善畏，及为惊骇。营气不",气,qi4,qi3 | qi4,polyphone,01a0d5d5-3c14-70a2-813e-0a7c2e3996ca,
生气通天论篇第三,01a0d5d5-3b2b-7013-acb2-e03df687ba23,12,"劳汗当风，寒薄为皶，郁乃痤。
阳气者，精则养神，柔则养筋。开阖不得，寒气从之，乃生大偻。陷脉为瘘，留连肉腠。俞气化薄，传为善畏，及为惊骇。营气不从",从,cong2,cong2 | zong4,polyphone,01a0d5d5-3c14-70a2-813e-0a7df2b86706,
生气通天论篇第三,01a0d5d5-3b2b-7013-acb2-e03df687ba23,12,"汗当风，寒薄为皶，郁乃痤。
阳气者，精则养神，柔则养筋。开阖不得，寒气从之，乃生大偻。陷脉为瘘，留连肉腠。俞气化薄，传为善畏，及为惊骇。营气不从，",之,zhi1,zhi1 | zhi4 | zhu1,polyphone,01a0d5d5-3c14-70a2-813e-0a7ececd47d5,
生气通天论篇第三,01a0d5d5-3b2b-7013-acb2-e03df687ba23,12,"风，寒薄为皶，郁乃痤。
阳气者，精则养神，柔则养筋。开阖不得，寒气从之，乃生大偻。陷脉为瘘，留连肉腠。俞气化薄，传为善畏，及为惊骇。营气不从，逆于",乃,nai3,ai3 | nai3,polyphone,01a0d5d5-3c14-70a2-813e-0a7f14bd3240,
生气通天论篇第三,01a0d5d5-3b2b-7013-acb2-e03df687ba23,12,"，郁乃痤。
阳气者，精则养神，柔则养筋。开阖不得，寒气从之，乃生大偻。陷脉为瘘，留连肉腠。俞气化薄，传为善畏，及为惊骇。营气不从，逆于肉理，乃生痈",脉,mai4,mai4 | mo4,polyphone,01a0d5d5-3c14-70a2-813e-0a8213e5de27,
生气通天论篇第三,01a0d5d5-3b2b-7013-acb2-e03df687ba23,12,"郁乃痤。
阳气者，精则养神，柔则养筋。开阖不得，寒气从之，乃生大偻。陷脉为瘘，留连肉腠。俞气化薄，传为善畏，及为惊骇。营气不从，逆于肉理，乃生痈肿",为,wei4,wei2 | wei4,polyphone,01a0d5d5-3c14-70a2-813e-0a83524ffdc1,
生气通天论篇第三,01a0d5d5-3b2b-7013-acb2-e03df687ba23,12,"。
阳气者，精则养神，柔则养筋。开阖不得，寒气从之，乃生大偻。陷脉为瘘，留连肉腠。俞气化薄，传为善畏，及为惊骇。营气不从，逆于肉理，乃生痈肿。魄汗",留,liu2,liu2 | liu3 | liu4,polyphone,01a0d5d5-3c14-70a2-813e-0a84166e525c,
生气通天论篇第三,01a0d5d5-3b2b-7013-acb2-e03df687ba23,12,阳气者，精则养神，柔则养筋。开阖不得，寒气从之，乃生大偻。陷脉为瘘，留连肉腠。俞气化薄，传为善畏，及为惊骇。营气不从，逆于肉理，乃生痈肿。魄汗未尽,肉,rou4,rou4 | ru4,polyphone,01a0d5d5-3c14-70a2-813e-0a8509ef589f,
生气通天论篇第三,01a0d5d5-3b2b-7013-acb2-e03df687ba23,12,则养神，柔则养筋。开阖不得，寒气从之，乃生大偻。陷脉为瘘，留连肉腠。俞气化薄，传为善畏，及为惊骇。营气不从，逆于肉理，乃生痈肿。魄汗未尽，形弱而气,化,hua4,hua1 | hua4 | huo4,polyphone,01a0d5d5-3c14-70a2-813e-0a88ab4ce5b0,
生气通天论篇第三,01a0d5d5-3b2b-7013-acb2-e03df687ba23,12,养神，柔则养筋。开阖不得，寒气从之，乃生大偻。陷脉为瘘，留连肉腠。俞气化薄，传为善畏，及为惊骇。营气不从，逆于肉理，乃生痈肿。魄汗未尽，形弱而气烁,薄,bao2,bao2 | bo2 | bo4 | bu4,polyphone,01a0d5d5-3c14-70a2-813e-0a89ce27c387,
生气通天论篇第三,01a0d5d5-3b2b-7013-acb2-e03df687ba23,12,，柔则养筋。开阖不得，寒气从之，乃生大偻。陷脉为瘘，留连肉腠。俞气化薄，传为善畏，及为惊骇。营气不从，逆于肉理，乃生痈肿。魄汗未尽，形弱而气烁，穴,传,chuan2,chuan2 | zhuan4,polyphone,01a0d5d5-3c14-70a2-813e-0a8a6d27140f,
生气通天论篇第三,01a0d5d5-3b2b-7013-acb2-e03df687ba23,12,柔则养筋。开阖不得，寒气从之，乃生大偻。陷脉为瘘，留连肉腠。俞气化薄，传为善畏，及为惊骇。营气不从，逆于肉理，乃生痈肿。魄汗未尽，形弱而气烁，穴俞,为,wei4,wei2 | wei4,polyphone,01a0d5d5-3c14-70a2-813e-0a8bba1aea58,
生气通天论篇第三,01a0d5d5-3b2b-7013-acb2-e03df687ba23,12,养筋。开阖不得，寒气从之，乃生大偻。陷脉为瘘，留连肉腠。俞气化薄，传为善畏，及为惊骇。营气不从，逆于肉理，乃生痈肿。魄汗未尽，形弱而气烁，穴俞以闭,畏,wei4,wei1 | wei3 | wei4,polyphone,01a0d5d5-3c14-70a2-813e-0a8c7996ac90,
生气通天论篇第三,01a0d5d5-3b2b-7013-acb2-e03df687ba23,12,开阖不得，寒气从之，乃生大偻。陷脉为瘘，留连肉腠。俞气化薄，传为善畏，及为惊骇。营气不从，逆于肉理，乃生痈肿。魄汗未尽，形弱而气烁，穴俞以闭，发为,为,wei4,wei2 | wei4,polyphone,01a0d5d5-3c14-70a2-813e-0a8dd28bb3d6,
生气通天论篇第三,01a0d5d5-3b2b-7013-acb2-e03df687ba23,12,阖不得，寒气从之，乃生大偻。陷脉为瘘，留连肉腠。俞气化薄，传为善畏，及为惊骇。营气不从，逆于肉理，乃生痈肿。魄汗未尽，形弱而气烁，穴俞以闭，发为风,惊,jing1,jing1 | liang2,polyphone,01a0d5d5-3c14-70a2-813e-0a8e436af4ab,
生气通天论篇第三,01a0d5d5-3b2b-7013-acb2-e03df687ba23,12,寒气从之，乃生大偻。陷脉为瘘，留连肉腠。俞气化薄，传为善畏，及为惊骇。营气不从，逆于肉理，乃生痈肿。魄汗未尽，形弱而气烁，穴俞以闭，发为风疟。故风,气,qi4,qi3 | qi4,polyphone,01a0d5d5-3c14-70a2-813e-0a8f0fb7a180,
生气通天论篇第三,01a0d5d5-3b2b-7013-acb2-e03df687ba23,12,气从之，乃生大偻。陷脉为瘘，留连肉腠。俞气化薄，传为善畏，及为惊骇。营气不从，逆于肉理，乃生痈肿。魄汗未尽，形弱而气烁，穴俞以闭，发为风疟。故风者,不,bu4,bu2 | bu4 | fou1 | fou3 | fu1,polyphone,01a0d5d5-3c14-70a2-813e-0a90017ba43c,
生气通天论篇第三,01a0d5d5-3b2b-7013-acb2-e03df687ba23,12,从之，乃生大偻。陷脉为瘘，留连肉腠。俞气化薄，传为善畏，及为惊骇。营气不从，逆于肉理，乃生痈肿。魄汗未尽，形弱而气烁，穴俞以闭，发为风疟。故风者，,从,cong2,cong2 | zong4,polyphone,01a0d5d5-3c14-70a2-813e-0a912b013f91,
生气通天论篇第三,01a0d5d5-3b2b-7013-acb2-e03df687ba23,12,乃生大偻。陷脉为瘘，留连肉腠。俞气化薄，传为善畏，及为惊骇。营气不从，逆于肉理，乃生痈肿。魄汗未尽，形弱而气烁，穴俞以闭，发为风疟。故风者，百病之,于,yu2,wei2 | xu1 | yu1 | yu2,polyphone,01a0d5d5-3c14-70a2-813e-0a921b0e92bb,
生气通天论篇第三,01a0d5d5-3b2b-7013-acb2-e03df687ba23,12,生大偻。陷脉为瘘，留连肉腠。俞气化薄，传为善畏，及为惊骇。营气不从，逆于肉理，乃生痈肿。魄汗未尽，形弱而气烁，穴俞以闭，发为风疟。故风者，百病之始,肉,rou4,rou4 | ru4,polyphone,01a0d5d5-3c14-70a2-813e-0a93ff9a2528,
生气通天论篇第三,01a0d5d5-3b2b-7013-acb2-e03df687ba23,12,。陷脉为瘘，留连肉腠。俞气化薄，传为善畏，及为惊骇。营气不从，逆于肉理，乃生痈肿。魄汗未尽，形弱而气烁，穴俞以闭，发为风疟。故风者，百病之始也，清,乃,nai3,ai3 | nai3,polyphone,01a0d5d5-3c14-70a2-813e-0a94f6d04525,
生气通天论篇第三,01a0d5d5-3b2b-7013-acb2-e03e41676ba1,13,肉腠。俞气化薄，传为善畏，及为惊骇。营气不从，逆于肉理，乃生痈肿。魄汗未尽，形弱而气烁，穴俞以闭，发为风疟。故风者，百病之始也，清静则肉腠闭拒，虽,尽,jin3,jin3 | jin4,polyphone,01a0d5d5-3c16-71f3-a0f2-aabb4dcc8ea1,
生气通天论篇第三,01a0d5d5-3b2b-7013-acb2-e03e41676ba1,13,气化薄，传为善畏，及为惊骇。营气不从，逆于肉理，乃生痈肿。魄汗未尽，形弱而气烁，穴俞以闭，发为风疟。故风者，百病之始也，清静则肉腠闭拒，虽有大风苛,而,er2,er2 | neng2,polyphone,01a0d5d5-3c16-71f3-a0f2-aabcd8b3d5ed,
生气通天论篇第三,01a0d5d5-3b2b-7013-acb2-e03e41676ba1,13,化薄，传为善畏，及为惊骇。营气不从，逆于肉理，乃生痈肿。魄汗未尽，形弱而气烁，穴俞以闭，发为风疟。故风者，百病之始也，清静则肉腠闭拒，虽有大风苛毒,气,qi4,qi3 | qi4,polyphone,01a0d5d5-3c16-71f3-a0f2-aabd69d91f37,
生气通天论篇第三,01a0d5d5-3b2b-7013-acb2-e03e41676ba1,13,善畏，及为惊骇。营气不从，逆于肉理，乃生痈肿。魄汗未尽，形弱而气烁，穴俞以闭，发为风疟。故风者，百病之始也，清静则肉腠闭拒，虽有大风苛毒，弗之能害,以,yi3,si4 | yi3,polyphone,01a0d5d5-3c16-71f3-a0f2-aac0f7302ce4,
生气通天论篇第三,01a0d5d5-3b2b-7013-acb2-e03e41676ba1,13,及为惊骇。营气不从，逆于肉理，乃生痈肿。魄汗未尽，形弱而气烁，穴俞以闭，发为风疟。故风者，百病之始也，清静则肉腠闭拒，虽有大风苛毒，弗之能害，此因,发,fa1,fa1 | fa4,polyphone,01a0d5d5-3c16-71f3-a0f2-aac1db914847,
生气通天论篇第三,01a0d5d5-3b2b-7013-acb2-e03e41676ba1,13,为惊骇。营气不从，逆于肉理，乃生痈肿。魄汗未尽，形弱而气烁，穴俞以闭，发为风疟。故风者，百病之始也，清静则肉腠闭拒，虽有大风苛毒，弗之能害，此因时,为,wei4,wei2 | wei4,polyphone,01a0d5d5-3c16-71f3-a0f2-aac26acb238d,
生气通天论篇第三,01a0d5d5-3b2b-7013-acb2-e03f6d4dc149,14,"，逆于肉理，乃生痈肿。魄汗未尽，形弱而气烁，穴俞以闭，发为风疟。故风者，百病之始也，清静则肉腠闭拒，虽有大风苛毒，弗之能害，此因时之序也。

故病",百,bai3,bai3 | bo2 | mo4,polyphone,01a0d5d5-3c18-70ca-a9d1-79e5cf2f95ec,
生气通天论篇第三,01a0d5d5-3b2b-7013-acb2-e03f6d4dc149,14,"于肉理，乃生痈肿。魄汗未尽，形弱而气烁，穴俞以闭，发为风疟。故风者，百病之始也，清静则肉腠闭拒，虽有大风苛毒，弗之能害，此因时之序也。

故病久则",之,zhi1,zhi1 | zhi4 | zhu1,polyphone,01a0d5d5-3c18-70ca-a9d1-79e6c47fbfc8,
生气通天论篇第三,01a0d5d5-3b2b-7013-acb2-e03f6d4dc149,14,"理，乃生痈肿。魄汗未尽，形弱而气烁，穴俞以闭，发为风疟。故风者，百病之始也，清静则肉腠闭拒，虽有大风苛毒，弗之能害，此因时之序也。

故病久则传化",也,ye3,ye3 | yi2,polyphone,01a0d5d5-3c18-70ca-a9d1-79e7ef53bf2f,
生气通天论篇第三,01a0d5d5-3b2b-7013-acb2-e03f6d4dc149,14,"乃生痈肿。魄汗未尽，形弱而气烁，穴俞以闭，发为风疟。故风者，百病之始也，清静则肉腠闭拒，虽有大风苛毒，弗之能害，此因时之序也。

故病久则传化，上",清,qing1,qing1 | qing4,polyphone,01a0d5d5-3c18-70ca-a9d1-79e8db9c6907,
生气通天论篇第三,01a0d5d5-3b2b-7013-acb2-e03f6d4dc149,14,"肿。魄汗未尽，形弱而气烁，穴俞以闭，发为风疟。故风者，百病之始也，清静则肉腠闭拒，虽有大风苛毒，弗之能害，此因时之序也。

故病久则传化，上下不并",肉,rou4,rou4 | ru4,polyphone,01a0d5d5-3c18-70ca-a9d1-79e9d84829ab,
生气通天论篇第三,01a0d5d5-3b2b-7013-acb2-e03f6d4dc149,14,"汗未尽，形弱而气烁，穴俞以闭，发为风疟。故风者，百病之始也，清静则肉腠闭拒，虽有大风苛毒，弗之能害，此因时之序也。

故病久则传化，上下不并，良医",拒,ju4,ju3 | ju4,polyphone,01a0d5d5-3c18-70ca-a9d1-79ea1f83becf,
生气通天论篇第三,01a0d5d5-3b2b-7013-acb2-e03f6d4dc149,14,"，形弱而气烁，穴俞以闭，发为风疟。故风者，百病之始也，清静则肉腠闭拒，虽有大风苛毒，弗之能害，此因时之序也。

故病久则传化，上下不并，良医弗为。",有,you3,wei3 | you3 | you4,polyphone,01a0d5d5-3c18-70ca-a9d1-79ebd4222343,
生气通天论篇第三,01a0d5d5-3b2b-7013-acb2-e03f6d4dc149,14,"形弱而气烁，穴俞以闭，发为风疟。故风者，百病之始也，清静则肉腠闭拒，虽有大风苛毒，弗之能害，此因时之序也。

故病久则传化，上下不并，良医弗为。故",大,da4,da4 | dai4 | tai4,polyphone,01a0d5d5-3c18-70ca-a9d1-79ec1975ed98,
生气通天论篇第三,01a0d5d5-3b2b-7013-acb2-e03f6d4dc149,14,"穴俞以闭，发为风疟。故风者，百病之始也，清静则肉腠闭拒，虽有大风苛毒，弗之能害，此因时之序也。

故病久则传化，上下不并，良医弗为。故阳畜积病死，",之,zhi1,zhi1 | zhi4 | zhu1,polyphone,01a0d5d5-3c18-70ca-a9d1-79efdd909c2e,
生气通天论篇第三,01a0d5d5-3b2b-7013-acb2-e03f6d4dc149,14,"俞以闭，发为风疟。故风者，百病之始也，清静则肉腠闭拒，虽有大风苛毒，弗之能害，此因时之序也。

故病久则传化，上下不并，良医弗为。故阳畜积病死，而",能,neng2,nai2 | nai4 | neng2 | tai2 | xiong2,polyphone,01a0d5d5-3c18-70ca-a9d1-79f00001129f,
生气通天论篇第三,01a0d5d5-3b2b-7013-acb2-e03f6d4dc149,14,"以闭，发为风疟。故风者，百病之始也，清静则肉腠闭拒，虽有大风苛毒，弗之能害，此因时之序也。

故病久则传化，上下不并，良医弗为。故阳畜积病死，而阳",害,hai4,hai4 | he2,polyphone,01a0d5d5-3c18-70ca-a9d1-79f1e1327a88,
生气通天论篇第三,01a0d5d5-3b2b-7013-acb2-e03f6d4dc149,14,"风疟。故风者，百病之始也，清静则肉腠闭拒，虽有大风苛毒，弗之能害，此因时之序也。

故病久则传化，上下不并，良医弗为。故阳畜积病死，而阳气当隔，隔",之,zhi1,zhi1 | zhi4 | zhu1,polyphone,01a0d5d5-3c18-70ca-a9d1-79f221106875,
生气通天论篇第三,01a0d5d5-3b2b-7013-acb2-e03f6d4dc149,14,"。故风者，百病之始也，清静则肉腠闭拒，虽有大风苛毒，弗之能害，此因时之序也。

故病久则传化，上下不并，良医弗为。故阳畜积病死，而阳气当隔，隔者当",也,ye3,ye3 | yi2,polyphone,01a0d5d5-3c18-70ca-a9d1-79f37ba4f734,
生气通天论篇第三,01a0d5d5-3b2b-7013-acb2-e03f6d4dc149,14,"始也，清静则肉腠闭拒，虽有大风苛毒，弗之能害，此因时之序也。

故病久则传化，上下不并，良医弗为。故阳畜积病死，而阳气当隔，隔者当写，不亟正治，粗",传,chuan2,chuan2 | zhuan4,polyphone,01a0d5d5-3c18-70ca-a9d1-79f4f9fda3b8,
生气通天论篇第三,01a0d5d5-3b2b-7013-acb2-e03f6d4dc149,14,"也，清静则肉腠闭拒，虽有大风苛毒，弗之能害，此因时之序也。

故病久则传化，上下不并，良医弗为。故阳畜积病死，而阳气当隔，隔者当写，不亟正治，粗乃",化,hua4,hua1 | hua4 | huo4,polyphone,01a0d5d5-3c18-70ca-a9d1-79f5f2a1c3fb,
生气通天论篇第三,01a0d5d5-3b2b-7013-acb2-e03f6d4dc149,14,"清静则肉腠闭拒，虽有大风苛毒，弗之能害，此因时之序也。

故病久则传化，上下不并，良医弗为。故阳畜积病死，而阳气当隔，隔者当写，不亟正治，粗乃败之",上,shang4,shang3 | shang4,polyphone,01a0d5d5-3c18-70ca-a9d1-79f6399c2177,
生气通天论篇第三,01a0d5d5-3b2b-7013-acb2-e03f6d4dc149,14,"则肉腠闭拒，虽有大风苛毒，弗之能害，此因时之序也。

故病久则传化，上下不并，良医弗为。故阳畜积病死，而阳气当隔，隔者当写，不亟正治，粗乃败之。故",不,bu4,bu2 | bu4 | fou1 | fou3 | fu1,polyphone,01a0d5d5-3c18-70ca-a9d1-79f7b7019158,
生气通天论篇第三,01a0d5d5-3b2b-7013-acb2-e03f6d4dc149,14,"肉腠闭拒，虽有大风苛毒，弗之能害，此因时之序也。

故病久则传化，上下不并，良医弗为。故阳畜积病死，而阳气当隔，隔者当写，不亟正治，粗乃败之。故阳",并,bing4,bing1 | bing4,polyphone,01a0d5d5-3c18-70ca-a9d1-79f8212f205b,
生气通天论篇第三,01a0d5d5-3b2b-7013-acb2-e03f6d4dc149,14,"闭拒，虽有大风苛毒，弗之能害，此因时之序也。

故病久则传化，上下不并，良医弗为。故阳畜积病死，而阳气当隔，隔者当写，不亟正治，粗乃败之。故阳气者",良,liang2,liang2 | liang3,polyphone,01a0d5d5-3c18-70ca-a9d1-79f938a887c1,
生气通天论篇第三,01a0d5d5-3b2b-7013-acb2-e03f6d4dc149,14,"拒，虽有大风苛毒，弗之能害，此因时之序也。

故病久则传化，上下不并，良医弗为。故阳畜积病死，而阳气当隔，隔者当写，不亟正治，粗乃败之。故阳气者，",医,yi1,yi1 | yi4,polyphone,01a0d5d5-3c18-70ca-a9d1-79fad6204ffb,
生气通天论篇第三,01a0d5d5-3b2b-7013-acb2-e03f6d4dc149,14,"虽有大风苛毒，弗之能害，此因时之序也。

故病久则传化，上下不并，良医弗为。故阳畜积病死，而阳气当隔，隔者当写，不亟正治，粗乃败之。故阳气者，一日",为,wei4,wei2 | wei4,polyphone,01a0d5d5-3c18-70ca-a9d1-79fb1f775083,
生气通天论篇第三,01a0d5d5-3b2b-7013-acb2-e040d7e0b1be,15,"能害，此因时之序也。

故病久则传化，上下不并，良医弗为。故阳畜积病死，而阳气当隔，隔者当写，不亟正治，粗乃败之。故阳气者，一日而主外，平旦人气生",而,er2,er2 | neng2,polyphone,01a0d5d5-3c1a-778a-9c45-423e23edfd3a,
生气通天论篇第三,01a0d5d5-3b2b-7013-acb2-e040d7e0b1be,15,"，此因时之序也。

故病久则传化，上下不并，良医弗为。故阳畜积病死，而阳气当隔，隔者当写，不亟正治，粗乃败之。故阳气者，一日而主外，平旦人气生，日",气,qi4,qi3 | qi4,polyphone,01a0d5d5-3c1a-778a-9c45-423fa0e82f7e,
生气通天论篇第三,01a0d5d5-3b2b-7013-acb2-e040d7e0b1be,15,"此因时之序也。

故病久则传化，上下不并，良医弗为。故阳畜积病死，而阳气当隔，隔者当写，不亟正治，粗乃败之。故阳气者，一日而主外，平旦人气生，日中",当,dang1,dang1 | dang4,polyphone,01a0d5d5-3c1a-778a-9c45-4240bbc6f917,
生气通天论篇第三,01a0d5d5-3b2b-7013-acb2-e040d7e0b1be,15,"因时之序也。

故病久则传化，上下不并，良医弗为。故阳畜积病死，而阳气当隔，隔者当写，不亟正治，粗乃败之。故阳气者，一日而主外，平旦人气生，日中而",隔,ge2,ge2 | ji1 | rong3,polyphone,01a0d5d5-3c1a-778a-9c45-424198312e85,
生气通天论篇第三,01a0d5d5-3b2b-7013-acb2-e040d7e0b1be,15,"之序也。

故病久则传化，上下不并，良医弗为。故阳畜积病死，而阳气当隔，隔者当写，不亟正治，粗乃败之。故阳气者，一日而主外，平旦人气生，日中而阳气",隔,ge2,ge2 | ji1 | rong3,polyphone,01a0d5d5-3c1a-778a-9c45-42422f78804d,
生气通天论篇第三,01a0d5d5-3b2b-7013-acb2-e040d7e0b1be,15,"
故病久则传化，上下不并，良医弗为。故阳畜积病死，而阳气当隔，隔者当写，不亟正治，粗乃败之。故阳气者，一日而主外，平旦人气生，日中而阳气隆，日西而",不,bu4,bu2 | bu4 | fou1 | fou3 | fu1,polyphone,01a0d5d5-3c1a-778a-9c45-42454e1ffe13,
生气通天论篇第三,01a0d5d5-3b2b-7013-acb2-e040d7e0b1be,15,故病久则传化，上下不并，良医弗为。故阳畜积病死，而阳气当隔，隔者当写，不亟正治，粗乃败之。故阳气者，一日而主外，平旦人气生，日中而阳气隆，日西而阳,亟,ji2,ji2 | qi4,polyphone,01a0d5d5-3c1a-778a-9c45-4246020477b6,
生气通天论篇第三,01a0d5d5-3b2b-7013-acb2-e040d7e0b1be,15,病久则传化，上下不并，良医弗为。故阳畜积病死，而阳气当隔，隔者当写，不亟正治，粗乃败之。故阳气者，一日而主外，平旦人气生，日中而阳气隆，日西而阳气,正,zheng4,zheng1 | zheng4,polyphone,01a0d5d5-3c1a-778a-9c45-4247055fe0a8,
生气通天论篇第三,01a0d5d5-3b2b-7013-acb2-e040d7e0b1be,15,久则传化，上下不并，良医弗为。故阳畜积病死，而阳气当隔，隔者当写，不亟正治，粗乃败之。故阳气者，一日而主外，平旦人气生，日中而阳气隆，日西而阳气已,治,zhi4,chi2 | zhi4,polyphone,01a0d5d5-3c1a-778a-9c45-4248497ecfd3,
生气通天论篇第三,01a0d5d5-3b2b-7013-acb2-e040d7e0b1be,15,化，上下不并，良医弗为。故阳畜积病死，而阳气当隔，隔者当写，不亟正治，粗乃败之。故阳气者，一日而主外，平旦人气生，日中而阳气隆，日西而阳气已虚，气,乃,nai3,ai3 | nai3,polyphone,01a0d5d5-3c1a-778a-9c45-42496bc252f8,
生气通天论篇第三,01a0d5d5-3b2b-7013-acb2-e040d7e0b1be,15,上下不并，良医弗为。故阳畜积病死，而阳气当隔，隔者当写，不亟正治，粗乃败之。故阳气者，一日而主外，平旦人气生，日中而阳气隆，日西而阳气已虚，气门乃,之,zhi1,zhi1 | zhi4 | zhu1,polyphone,01a0d5d5-3c1a-778a-9c45-424af6df8c8e,
生气通天论篇第三,01a0d5d5-3b2b-7013-acb2-e0417b147d22,16,，良医弗为。故阳畜积病死，而阳气当隔，隔者当写，不亟正治，粗乃败之。故阳气者，一日而主外，平旦人气生，日中而阳气隆，日西而阳气已虚，气门乃闭。是故,气,qi4,qi3 | qi4,polyphone,01a0d5d5-3c1c-7559-a50e-74a7b6fde67e,
生气通天论篇第三,01a0d5d5-3b2b-7013-acb2-e0417b147d22,16,弗为。故阳畜积病死，而阳气当隔，隔者当写，不亟正治，粗乃败之。故阳气者，一日而主外，平旦人气生，日中而阳气隆，日西而阳气已虚，气门乃闭。是故暮而收,一,yi1,yi1 | yi2 | yi4,polyphone,01a0d5d5-3c1c-7559-a50e-74a802b73084,
生气通天论篇第三,01a0d5d5-3b2b-7013-acb2-e0417b147d22,16,。故阳畜积病死，而阳气当隔，隔者当写，不亟正治，粗乃败之。故阳气者，一日而主外，平旦人气生，日中而阳气隆，日西而阳气已虚，气门乃闭。是故暮而收拒，,而,er2,er2 | neng2,polyphone,01a0d5d5-3c1c-7559-a50e-74a90241151f,
生气通天论篇第三,01a0d5d5-3b2b-7013-acb2-e0417b147d22,16,故阳畜积病死，而阳气当隔，隔者当写，不亟正治，粗乃败之。故阳气者，一日而主外，平旦人气生，日中而阳气隆，日西而阳气已虚，气门乃闭。是故暮而收拒，无,主,zhu3,zhu3 | zhu4,polyphone,01a0d5d5-3c1c-7559-a50e-74aa92055e0f,
生气通天论篇第三,01a0d5d5-3b2b-7013-acb2-e0417b147d22,16,积病死，而阳气当隔，隔者当写，不亟正治，粗乃败之。故阳气者，一日而主外，平旦人气生，日中而阳气隆，日西而阳气已虚，气门乃闭。是故暮而收拒，无扰筋骨,平,ping2,beng1 | bing4 | pian2 | ping2,polyphone,01a0d5d5-3c1c-7559-a50e-74ab0af2beb1,
生气通天论篇第三,01a0d5d5-3b2b-7013-acb2-e0417b147d22,16,，而阳气当隔，隔者当写，不亟正治，粗乃败之。故阳气者，一日而主外，平旦人气生，日中而阳气隆，日西而阳气已虚，气门乃闭。是故暮而收拒，无扰筋骨，无见,气,qi4,qi3 | qi4,polyphone,01a0d5d5-3c1c-7559-a50e-74acc0842c5d,
生气通天论篇第三,01a0d5d5-3b2b-7013-acb2-e0417b147d22,16,当隔，隔者当写，不亟正治，粗乃败之。故阳气者，一日而主外，平旦人气生，日中而阳气隆，日西而阳气已虚，气门乃闭。是故暮而收拒，无扰筋骨，无见雾露，反,中,zhong1,zhong1 | zhong4,polyphone,01a0d5d5-3c1c-7559-a50e-74ad976308b3,
生气通天论篇第三,01a0d5d5-3b2b-7013-acb2-e0417b147d22,16,隔，隔者当写，不亟正治，粗乃败之。故阳气者，一日而主外，平旦人气生，日中而阳气隆，日西而阳气已虚，气门乃闭。是故暮而收拒，无扰筋骨，无见雾露，反此,而,er2,er2 | neng2,polyphone,01a0d5d5-3c1c-7559-a50e-74ae64afb325,
生气通天论篇第三,01a0d5d5-3b2b-7013-acb2-e0417b147d22,16,隔者当写，不亟正治，粗乃败之。故阳气者，一日而主外，平旦人气生，日中而阳气隆，日西而阳气已虚，气门乃闭。是故暮而收拒，无扰筋骨，无见雾露，反此三时,气,qi4,qi3 | qi4,polyphone,01a0d5d5-3c1c-7559-a50e-74afab2b1bb9,
生气通天论篇第三,01a0d5d5-3b2b-7013-acb2-e0417b147d22,16,者当写，不亟正治，粗乃败之。故阳气者，一日而主外，平旦人气生，日中而阳气隆，日西而阳气已虚，气门乃闭。是故暮而收拒，无扰筋骨，无见雾露，反此三时，,隆,long2,long1 | long2,polyphone,01a0d5d5-3c1c-7559-a50e-74b037a4d733,
生气通天论篇第三,01a0d5d5-3b2b-7013-acb2-e0417b147d22,16,不亟正治，粗乃败之。故阳气者，一日而主外，平旦人气生，日中而阳气隆，日西而阳气已虚，气门乃闭。是故暮而收拒，无扰筋骨，无见雾露，反此三时，形乃困薄,而,er2,er2 | neng2,polyphone,01a0d5d5-3c1c-7559-a50e-74b1eba80d89,
生气通天论篇第三,01a0d5d5-3b2b-7013-acb2-e0417b147d22,16,正治，粗乃败之。故阳气者，一日而主外，平旦人气生，日中而阳气隆，日西而阳气已虚，气门乃闭。是故暮而收拒，无扰筋骨，无见雾露，反此三时，形乃困薄。”,气,qi4,qi3 | qi4,polyphone,01a0d5d5-3c1c-7559-a50e-74b29e1f3c52,
生气通天论篇第三,01a0d5d5-3b2b-7013-acb2-e0417b147d22,16,"治，粗乃败之。故阳气者，一日而主外，平旦人气生，日中而阳气隆，日西而阳气已虚，气门乃闭。是故暮而收拒，无扰筋骨，无见雾露，反此三时，形乃困薄。”
",已,yi3,si4 | yi3,polyphone,01a0d5d5-3c1c-7559-a50e-74b3e448d176,
生气通天论篇第三,01a0d5d5-3b2b-7013-acb2-e0417b147d22,16,"乃败之。故阳气者，一日而主外，平旦人气生，日中而阳气隆，日西而阳气已虚，气门乃闭。是故暮而收拒，无扰筋骨，无见雾露，反此三时，形乃困薄。”

岐伯",气,qi4,qi3 | qi4,polyphone,01a0d5d5-3c1c-7559-a50e-74b44b258ab2,
生气通天论篇第三,01a0d5d5-3b2b-7013-acb2-e0417b147d22,16,"之。故阳气者，一日而主外，平旦人气生，日中而阳气隆，日西而阳气已虚，气门乃闭。是故暮而收拒，无扰筋骨，无见雾露，反此三时，形乃困薄。”

岐伯曰：",乃,nai3,ai3 | nai3,polyphone,01a0d5d5-3c1c-7559-a50e-74b59963c96c,
生气通天论篇第三,01a0d5d5-3b2b-7013-acb2-e04290b7aa88,17,"阳气者，一日而主外，平旦人气生，日中而阳气隆，日西而阳气已虚，气门乃闭。是故暮而收拒，无扰筋骨，无见雾露，反此三时，形乃困薄。”

岐伯曰：阴者，",是,shi4,shi4 | ti2,polyphone,01a0d5d5-3c1f-700a-9af2-51b896c2261e,
生气通天论篇第三,01a0d5d5-3b2b-7013-acb2-e04290b7aa88,17,"，一日而主外，平旦人气生，日中而阳气隆，日西而阳气已虚，气门乃闭。是故暮而收拒，无扰筋骨，无见雾露，反此三时，形乃困薄。”

岐伯曰：阴者，藏精而",而,er2,er2 | neng2,polyphone,01a0d5d5-3c1f-700a-9af2-51b9e342504c,
生气通天论篇第三,01a0d5d5-3b2b-7013-acb2-e04290b7aa88,17,"日而主外，平旦人气生，日中而阳气隆，日西而阳气已虚，气门乃闭。是故暮而收拒，无扰筋骨，无见雾露，反此三时，形乃困薄。”

岐伯曰：阴者，藏精而起亟",拒,ju4,ju3 | ju4,polyphone,01a0d5d5-3c1f-700a-9af2-51baf0c67210,
生气通天论篇第三,01a0d5d5-3b2b-7013-acb2-e04290b7aa88,17,"主外，平旦人气生，日中而阳气隆，日西而阳气已虚，气门乃闭。是故暮而收拒，无扰筋骨，无见雾露，反此三时，形乃困薄。”

岐伯曰：阴者，藏精而起亟也；",无,wu2,mo2 | wu2,polyphone,01a0d5d5-3c1f-700a-9af2-51bb540db583,
生气通天论篇第三,01a0d5d5-3b2b-7013-acb2-e04290b7aa88,17,"外，平旦人气生，日中而阳气隆，日西而阳气已虚，气门乃闭。是故暮而收拒，无扰筋骨，无见雾露，反此三时，形乃困薄。”

岐伯曰：阴者，藏精而起亟也；阳",扰,rao3,rao3 | you4,polyphone,01a0d5d5-3c1f-700a-9af2-51bc44d14013,
生气通天论篇第三,01a0d5d5-3b2b-7013-acb2-e04290b7aa88,17,"，平旦人气生，日中而阳气隆，日西而阳气已虚，气门乃闭。是故暮而收拒，无扰筋骨，无见雾露，反此三时，形乃困薄。”

岐伯曰：阴者，藏精而起亟也；阳者",筋,jin1,jin1 | qian2,polyphone,01a0d5d5-3c1f-700a-9af2-51bd548348e9,
生气通天论篇第三,01a0d5d5-3b2b-7013-acb2-e04290b7aa88,17,"平旦人气生，日中而阳气隆，日西而阳气已虚，气门乃闭。是故暮而收拒，无扰筋骨，无见雾露，反此三时，形乃困薄。”

岐伯曰：阴者，藏精而起亟也；阳者，",骨,gu3,gu1 | gu2 | gu3,polyphone,01a0d5d5-3c1f-700a-9af2-51be5e6bc61f,
生气通天论篇第三,01a0d5d5-3b2b-7013-acb2-e04290b7aa88,17,"人气生，日中而阳气隆，日西而阳气已虚，气门乃闭。是故暮而收拒，无扰筋骨，无见雾露，反此三时，形乃困薄。”

岐伯曰：阴者，藏精而起亟也；阳者，卫外",无,wu2,mo2 | wu2,polyphone,01a0d5d5-3c1f-700a-9af2-51bf6cb9e660,
生气通天论篇第三,01a0d5d5-3b2b-7013-acb2-e04290b7aa88,17,"气生，日中而阳气隆，日西而阳气已虚，气门乃闭。是故暮而收拒，无扰筋骨，无见雾露，反此三时，形乃困薄。”

岐伯曰：阴者，藏精而起亟也；阳者，卫外而",见,jian4,jian4 | xian4,polyphone,01a0d5d5-3c1f-700a-9af2-51c0e36bdc7b,
生气通天论篇第三,01a0d5d5-3b2b-7013-acb2-e04290b7aa88,17,"，日中而阳气隆，日西而阳气已虚，气门乃闭。是故暮而收拒，无扰筋骨，无见雾露，反此三时，形乃困薄。”

岐伯曰：阴者，藏精而起亟也；阳者，卫外而为固",露,lu4,lou4 | lu4,polyphone,01a0d5d5-3c1f-700a-9af2-51c1fbccdd4b,
生气通天论篇第三,01a0d5d5-3b2b-7013-acb2-e04290b7aa88,17,"中而阳气隆，日西而阳气已虚，气门乃闭。是故暮而收拒，无扰筋骨，无见雾露，反此三时，形乃困薄。”

岐伯曰：阴者，藏精而起亟也；阳者，卫外而为固也。",反,fan3,fan3 | fan4,polyphone,01a0d5d5-3c1f-700a-9af2-51c2f9cb714c,
生气通天论篇第三,01a0d5d5-3b2b-7013-acb2-e04290b7aa88,17,"日西而阳气已虚，气门乃闭。是故暮而收拒，无扰筋骨，无见雾露，反此三时，形乃困薄。”

岐伯曰：阴者，藏精而起亟也；阳者，卫外而为固也。

阴不胜其",乃,nai3,ai3 | nai3,polyphone,01a0d5d5-3c1f-700a-9af2-51c33831516a,
生气通天论篇第三,01a0d5d5-3b2b-7013-acb2-e04290b7aa88,17,"而阳气已虚，气门乃闭。是故暮而收拒，无扰筋骨，无见雾露，反此三时，形乃困薄。”

岐伯曰：阴者，藏精而起亟也；阳者，卫外而为固也。

阴不胜其阳，",薄,bao2,bao2 | bo2 | bo4 | bu4,polyphone,01a0d5d5-3c1f-700a-9af2-51c42a3abd44,
生气通天论篇第三,01a0d5d5-3b2b-7013-acb2-e04290b7aa88,17,"气门乃闭。是故暮而收拒，无扰筋骨，无见雾露，反此三时，形乃困薄。”

岐伯曰：阴者，藏精而起亟也；阳者，卫外而为固也。

阴不胜其阳，则脉流薄疾，",伯,bo2,ba4 | bai3 | bo2 | mo4,polyphone,01a0d5d5-3c1f-700a-9af2-51c561317571,
生气通天论篇第三,01a0d5d5-3b2b-7013-acb2-e04290b7aa88,17,"故暮而收拒，无扰筋骨，无见雾露，反此三时，形乃困薄。”

岐伯曰：阴者，藏精而起亟也；阳者，卫外而为固也。

阴不胜其阳，则脉流薄疾，并乃狂。阳不",藏,cang2,cang2 | zang1 | zang4,polyphone,01a0d5d5-3c1f-700a-9af2-51c6317238ce,
生气通天论篇第三,01a0d5d5-3b2b-7013-acb2-e04290b7aa88,17,"暮而收拒，无扰筋骨，无见雾露，反此三时，形乃困薄。”

岐伯曰：阴者，藏精而起亟也；阳者，卫外而为固也。

阴不胜其阳，则脉流薄疾，并乃狂。阳不胜",精,jing1,jing1 | jing4 | qing2,polyphone,01a0d5d5-3c1f-700a-9af2-51c7c5896e6c,
生气通天论篇第三,01a0d5d5-3b2b-7013-acb2-e04290b7aa88,17,"而收拒，无扰筋骨，无见雾露，反此三时，形乃困薄。”

岐伯曰：阴者，藏精而起亟也；阳者，卫外而为固也。

阴不胜其阳，则脉流薄疾，并乃狂。阳不胜其",而,er2,er2 | neng2,polyphone,01a0d5d5-3c1f-700a-9af2-51c86b4e0189,
生气通天论篇第三,01a0d5d5-3b2b-7013-acb2-e04290b7aa88,17,"，无扰筋骨，无见雾露，反此三时，形乃困薄。”

岐伯曰：阴者，藏精而起亟也；阳者，卫外而为固也。

阴不胜其阳，则脉流薄疾，并乃狂。阳不胜其阴，则",也,ye3,ye3 | yi2,polyphone,01a0d5d5-3c1f-700a-9af2-51ca7504c5f2,
生气通天论篇第三,01a0d5d5-3b2b-7013-acb2-e04290b7aa88,17,"见雾露，反此三时，形乃困薄。”

岐伯曰：阴者，藏精而起亟也；阳者，卫外而为固也。

阴不胜其阳，则脉流薄疾，并乃狂。阳不胜其阴，则五藏气争，九窍",而,er2,er2 | neng2,polyphone,01a0d5d5-3c1f-700a-9af2-51cbe48b37e6,
生气通天论篇第三,01a0d5d5-3b2b-7013-acb2-e04290b7aa88,17,"雾露，反此三时，形乃困薄。”

岐伯曰：阴者，藏精而起亟也；阳者，卫外而为固也。

阴不胜其阳，则脉流薄疾，并乃狂。阳不胜其阴，则五藏气争，九窍不",为,wei4,wei2 | wei4,polyphone,01a0d5d5-3c1f-700a-9af2-51cc95f40957,
生气通天论篇第三,01a0d5d5-3b2b-7013-acb2-e04290b7aa88,17,"，反此三时，形乃困薄。”

岐伯曰：阴者，藏精而起亟也；阳者，卫外而为固也。

阴不胜其阳，则脉流薄疾，并乃狂。阳不胜其阴，则五藏气争，九窍不通。",也,ye3,ye3 | yi2,polyphone,01a0d5d5-3c1f-700a-9af2-51cd0f8a2d45,
生气通天论篇第三,01a0d5d5-3b2b-7013-acb2-e04290b7aa88,17,"，形乃困薄。”

岐伯曰：阴者，藏精而起亟也；阳者，卫外而为固也。

阴不胜其阳，则脉流薄疾，并乃狂。阳不胜其阴，则五藏气争，九窍不通。

是以圣",不,bu4,bu2 | bu4 | fou1 | fou3 | fu1,polyphone,01a0d5d5-3c1f-700a-9af2-51ceccd1bb98,
生气通天论篇第三,01a0d5d5-3b2b-7013-acb2-e04290b7aa88,17,"形乃困薄。”

岐伯曰：阴者，藏精而起亟也；阳者，卫外而为固也。

阴不胜其阳，则脉流薄疾，并乃狂。阳不胜其阴，则五藏气争，九窍不通。

是以圣人",胜,sheng4,qing4 | sheng1 | sheng4 | xing1,polyphone,01a0d5d5-3c1f-700a-9af2-51cf66952e65,
生气通天论篇第三,01a0d5d5-3b2b-7013-acb2-e04290b7aa88,17,"乃困薄。”

岐伯曰：阴者，藏精而起亟也；阳者，卫外而为固也。

阴不胜其阳，则脉流薄疾，并乃狂。阳不胜其阴，则五藏气争，九窍不通。

是以圣人陈",其,qi2,ji1 | ji4 | qi2,polyphone,01a0d5d5-3c1f-700a-9af2-51d0600ceea6,
生气通天论篇第三,01a0d5d5-3b2b-7013-acb2-e04290b7aa88,17,"”

岐伯曰：阴者，藏精而起亟也；阳者，卫外而为固也。

阴不胜其阳，则脉流薄疾，并乃狂。阳不胜其阴，则五藏气争，九窍不通。

是以圣人陈阴阳，筋",脉,mai4,mai4 | mo4,polyphone,01a0d5d5-3c1f-700a-9af2-51d10ed8fc34,
生气通天论篇第三,01a0d5d5-3b2b-7013-acb2-e04290b7aa88,17,"
岐伯曰：阴者，藏精而起亟也；阳者，卫外而为固也。

阴不胜其阳，则脉流薄疾，并乃狂。阳不胜其阴，则五藏气争，九窍不通。

是以圣人陈阴阳，筋脉和",薄,bao2,bao2 | bo2 | bo4 | bu4,polyphone,01a0d5d5-3c1f-700a-9af2-51d266e7b6e9,
生气通天论篇第三,01a0d5d5-3b2b-7013-acb2-e04290b7aa88,17,"曰：阴者，藏精而起亟也；阳者，卫外而为固也。

阴不胜其阳，则脉流薄疾，并乃狂。阳不胜其阴，则五藏气争，九窍不通。

是以圣人陈阴阳，筋脉和同，骨",并,bing4,bing1 | bing4,polyphone,01a0d5d5-3c1f-700a-9af2-51d310d90458,
生气通天论篇第三,01a0d5d5-3b2b-7013-acb2-e04290b7aa88,17,"：阴者，藏精而起亟也；阳者，卫外而为固也。

阴不胜其阳，则脉流薄疾，并乃狂。阳不胜其阴，则五藏气争，九窍不通。

是以圣人陈阴阳，筋脉和同，骨髓",乃,nai3,ai3 | nai3,polyphone,01a0d5d5-3c1f-700a-9af2-51d4987bba88,
生气通天论篇第三,01a0d5d5-3b2b-7013-acb2-e04290b7aa88,17,"阴者，藏精而起亟也；阳者，卫外而为固也。

阴不胜其阳，则脉流薄疾，并乃狂。阳不胜其阴，则五藏气争，九窍不通。

是以圣人陈阴阳，筋脉和同，骨髓坚",狂,kuang2,jue2 | kuang2,polyphone,01a0d5d5-3c1f-700a-9af2-51d523807507,
生气通天论篇第三,01a0d5d5-3b2b-7013-acb2-e043f075fc4c,18,"藏精而起亟也；阳者，卫外而为固也。

阴不胜其阳，则脉流薄疾，并乃狂。阳不胜其阴，则五藏气争，九窍不通。

是以圣人陈阴阳，筋脉和同，骨髓坚固，气",不,bu4,bu2 | bu4 | fou1 | fou3 | fu1,polyphone,01a0d5d5-3c22-7331-80ec-5a53108695df,
生气通天论篇第三,01a0d5d5-3b2b-7013-acb2-e043f075fc4c,18,"精而起亟也；阳者，卫外而为固也。

阴不胜其阳，则脉流薄疾，并乃狂。阳不胜其阴，则五藏气争，九窍不通。

是以圣人陈阴阳，筋脉和同，骨髓坚固，气血",胜,sheng4,qing4 | sheng1 | sheng4 | xing1,polyphone,01a0d5d5-3c22-7331-80ec-5a5475817558,
生气通天论篇第三,01a0d5d5-3b2b-7013-acb2-e043f075fc4c,18,"而起亟也；阳者，卫外而为固也。

阴不胜其阳，则脉流薄疾，并乃狂。阳不胜其阴，则五藏气争，九窍不通。

是以圣人陈阴阳，筋脉和同，骨髓坚固，气血皆",其,qi2,ji1 | ji4 | qi2,polyphone,01a0d5d5-3c22-7331-80ec-5a55e64769e0,
生气通天论篇第三,01a0d5d5-3b2b-7013-acb2-e043f075fc4c,18,"阳者，卫外而为固也。

阴不胜其阳，则脉流薄疾，并乃狂。阳不胜其阴，则五藏气争，九窍不通。

是以圣人陈阴阳，筋脉和同，骨髓坚固，气血皆从。如是则",藏,cang2,cang2 | zang1 | zang4,polyphone,01a0d5d5-3c22-7331-80ec-5a563ba2c2b3,
生气通天论篇第三,01a0d5d5-3b2b-7013-acb2-e043f075fc4c,18,"者，卫外而为固也。

阴不胜其阳，则脉流薄疾，并乃狂。阳不胜其阴，则五藏气争，九窍不通。

是以圣人陈阴阳，筋脉和同，骨髓坚固，气血皆从。如是则内",气,qi4,qi3 | qi4,polyphone,01a0d5d5-3c22-7331-80ec-5a57249c8768,
生气通天论篇第三,01a0d5d5-3b2b-7013-acb2-e043f075fc4c,18,"外而为固也。

阴不胜其阳，则脉流薄疾，并乃狂。阳不胜其阴，则五藏气争，九窍不通。

是以圣人陈阴阳，筋脉和同，骨髓坚固，气血皆从。如是则内外调和",九,jiu3,jiu1 | jiu3,polyphone,01a0d5d5-3c22-7331-80ec-5a5814e5dc3c,
生气通天论篇第三,01a0d5d5-3b2b-7013-acb2-e043f075fc4c,18,"为固也。

阴不胜其阳，则脉流薄疾，并乃狂。阳不胜其阴，则五藏气争，九窍不通。

是以圣人陈阴阳，筋脉和同，骨髓坚固，气血皆从。如是则内外调和，邪",不,bu4,bu2 | bu4 | fou1 | fou3 | fu1,polyphone,01a0d5d5-3c22-7331-80ec-5a59d7721e62,
生气通天论篇第三,01a0d5d5-3b2b-7013-acb2-e043f075fc4c,18,"固也。

阴不胜其阳，则脉流薄疾，并乃狂。阳不胜其阴，则五藏气争，九窍不通。

是以圣人陈阴阳，筋脉和同，骨髓坚固，气血皆从。如是则内外调和，邪不",通,tong1,tong1 | tong4,polyphone,01a0d5d5-3c22-7331-80ec-5a5a99ff838f,
生气通天论篇第三,01a0d5d5-3b2b-7013-acb2-e043f075fc4c,18,"
阴不胜其阳，则脉流薄疾，并乃狂。阳不胜其阴，则五藏气争，九窍不通。

是以圣人陈阴阳，筋脉和同，骨髓坚固，气血皆从。如是则内外调和，邪不能害，耳",是,shi4,shi4 | ti2,polyphone,01a0d5d5-3c22-7331-80ec-5a5b754b1fbf,
生气通天论篇第三,01a0d5d5-3b2b-7013-acb2-e043f075fc4c,18,"阴不胜其阳，则脉流薄疾，并乃狂。阳不胜其阴，则五藏气争，九窍不通。

是以圣人陈阴阳，筋脉和同，骨髓坚固，气血皆从。如是则内外调和，邪不能害，耳目",以,yi3,si4 | yi3,polyphone,01a0d5d5-3c22-7331-80ec-5a5cebac9aaa,
生气通天论篇第三,01a0d5d5-3b2b-7013-acb2-e043f075fc4c,18,"不胜其阳，则脉流薄疾，并乃狂。阳不胜其阴，则五藏气争，九窍不通。

是以圣人陈阴阳，筋脉和同，骨髓坚固，气血皆从。如是则内外调和，邪不能害，耳目聪",圣,sheng4,ku1 | sheng4,polyphone,01a0d5d5-3c22-7331-80ec-5a5d2ec3a8a4,
生气通天论篇第三,01a0d5d5-3b2b-7013-acb2-e043f075fc4c,18,"脉流薄疾，并乃狂。阳不胜其阴，则五藏气争，九窍不通。

是以圣人陈阴阳，筋脉和同，骨髓坚固，气血皆从。如是则内外调和，邪不能害，耳目聪明，气立如故",筋,jin1,jin1 | qian2,polyphone,01a0d5d5-3c22-7331-80ec-5a5eadfb1d1a,
生气通天论篇第三,01a0d5d5-3b2b-7013-acb2-e043f075fc4c,18,"流薄疾，并乃狂。阳不胜其阴，则五藏气争，九窍不通。

是以圣人陈阴阳，筋脉和同，骨髓坚固，气血皆从。如是则内外调和，邪不能害，耳目聪明，气立如故。",脉,mai4,mai4 | mo4,polyphone,01a0d5d5-3c22-7331-80ec-5a5fadc9190c,
生气通天论篇第三,01a0d5d5-3b2b-7013-acb2-e043f075fc4c,18,"薄疾，并乃狂。阳不胜其阴，则五藏气争，九窍不通。

是以圣人陈阴阳，筋脉和同，骨髓坚固，气血皆从。如是则内外调和，邪不能害，耳目聪明，气立如故。
",和,he2,he2 | he4 | hu2 | huo2 | huo4,polyphone,01a0d5d5-3c22-7331-80ec-5a6027f9fa7d,
生气通天论篇第三,01a0d5d5-3b2b-7013-acb2-e043f075fc4c,18,"疾，并乃狂。阳不胜其阴，则五藏气争，九窍不通。

是以圣人陈阴阳，筋脉和同，骨髓坚固，气血皆从。如是则内外调和，邪不能害，耳目聪明，气立如故。

",同,tong2,tong2 | tong4,polyphone,01a0d5d5-3c22-7331-80ec-5a61cf418fc7,
生气通天论篇第三,01a0d5d5-3b2b-7013-acb2-e043f075fc4c,18,"并乃狂。阳不胜其阴，则五藏气争，九窍不通。

是以圣人陈阴阳，筋脉和同，骨髓坚固，气血皆从。如是则内外调和，邪不能害，耳目聪明，气立如故。

风客",骨,gu3,gu1 | gu2 | gu3,polyphone,01a0d5d5-3c22-7331-80ec-5a6241284b55,
生气通天论篇第三,01a0d5d5-3b2b-7013-acb2-e043f075fc4c,18,"不胜其阴，则五藏气争，九窍不通。

是以圣人陈阴阳，筋脉和同，骨髓坚固，气血皆从。如是则内外调和，邪不能害，耳目聪明，气立如故。

风客淫气，精乃亡",气血,qi4 xue4,qi4 xue4,medical_term,01a0d5d5-3c22-7331-80ec-5a63048d8d80,
生气通天论篇第三,01a0d5d5-3b2b-7013-acb2-e043f075fc4c,18,"阴，则五藏气争，九窍不通。

是以圣人陈阴阳，筋脉和同，骨髓坚固，气血皆从。如是则内外调和，邪不能害，耳目聪明，气立如故。

风客淫气，精乃亡，邪",从,cong2,cong2 | zong4,polyphone,01a0d5d5-3c22-7331-80ec-5a64f2313e4d,
生气通天论篇第三,01a0d5d5-3b2b-7013-acb2-e0447f42d880,19,"五藏气争，九窍不通。

是以圣人陈阴阳，筋脉和同，骨髓坚固，气血皆从。如是则内外调和，邪不能害，耳目聪明，气立如故。

风客淫气，精乃亡，邪伤肝也",是,shi4,shi4 | ti2,polyphone,01a0d5d5-3c25-7078-8fa5-fcf33b9faee7,
生气通天论篇第三,01a0d5d5-3b2b-7013-acb2-e0447f42d880,19,"气争，九窍不通。

是以圣人陈阴阳，筋脉和同，骨髓坚固，气血皆从。如是则内外调和，邪不能害，耳目聪明，气立如故。

风客淫气，精乃亡，邪伤肝也。因",内,nei4,na4 | nei4 | rui4,polyphone,01a0d5d5-3c25-7078-8fa5-fcf40b1f164e,
生气通天论篇第三,01a0d5d5-3b2b-7013-acb2-e0447f42d880,19,"，九窍不通。

是以圣人陈阴阳，筋脉和同，骨髓坚固，气血皆从。如是则内外调和，邪不能害，耳目聪明，气立如故。

风客淫气，精乃亡，邪伤肝也。因而饱",调,diao4,diao4 | tiao2,polyphone,01a0d5d5-3c25-7078-8fa5-fcf500be390e,
生气通天论篇第三,01a0d5d5-3b2b-7013-acb2-e0447f42d880,19,"九窍不通。

是以圣人陈阴阳，筋脉和同，骨髓坚固，气血皆从。如是则内外调和，邪不能害，耳目聪明，气立如故。

风客淫气，精乃亡，邪伤肝也。因而饱食",和,he2,he2 | he4 | hu2 | huo2 | huo4,polyphone,01a0d5d5-3c25-7078-8fa5-fcf69c8c5f44,
生气通天论篇第三,01a0d5d5-3b2b-7013-acb2-e0447f42d880,19,"不通。

是以圣人陈阴阳，筋脉和同，骨髓坚固，气血皆从。如是则内外调和，邪不能害，耳目聪明，气立如故。

风客淫气，精乃亡，邪伤肝也。因而饱食，筋",邪,xie2,she2 | xie2 | xu2 | ya2 | ye2,polyphone,01a0d5d5-3c25-7078-8fa5-fcf72411b56f,
生气通天论篇第三,01a0d5d5-3b2b-7013-acb2-e0447f42d880,19,"通。

是以圣人陈阴阳，筋脉和同，骨髓坚固，气血皆从。如是则内外调和，邪不能害，耳目聪明，气立如故。

风客淫气，精乃亡，邪伤肝也。因而饱食，筋脉",不,bu4,bu2 | bu4 | fou1 | fou3 | fu1,polyphone,01a0d5d5-3c25-7078-8fa5-fcf8c9dc721d,
生气通天论篇第三,01a0d5d5-3b2b-7013-acb2-e0447f42d880,19,"。

是以圣人陈阴阳，筋脉和同，骨髓坚固，气血皆从。如是则内外调和，邪不能害，耳目聪明，气立如故。

风客淫气，精乃亡，邪伤肝也。因而饱食，筋脉横",能,neng2,nai2 | nai4 | neng2 | tai2 | xiong2,polyphone,01a0d5d5-3c25-7078-8fa5-fcf905c6716a,
生气通天论篇第三,01a0d5d5-3b2b-7013-acb2-e0447f42d880,19,"

是以圣人陈阴阳，筋脉和同，骨髓坚固，气血皆从。如是则内外调和，邪不能害，耳目聪明，气立如故。

风客淫气，精乃亡，邪伤肝也。因而饱食，筋脉横解",害,hai4,hai4 | he2,polyphone,01a0d5d5-3c25-7078-8fa5-fcfaf4294b66,
生气通天论篇第三,01a0d5d5-3b2b-7013-acb2-e0447f42d880,19,"是以圣人陈阴阳，筋脉和同，骨髓坚固，气血皆从。如是则内外调和，邪不能害，耳目聪明，气立如故。

风客淫气，精乃亡，邪伤肝也。因而饱食，筋脉横解，肠",耳,er3,er3 | reng2,polyphone,01a0d5d5-3c25-7078-8fa5-fcfb338fdd21,
生气通天论篇第三,01a0d5d5-3b2b-7013-acb2-e0447f42d880,19,"人陈阴阳，筋脉和同，骨髓坚固，气血皆从。如是则内外调和，邪不能害，耳目聪明，气立如故。

风客淫气，精乃亡，邪伤肝也。因而饱食，筋脉横解，肠澼为痔",明,ming2,meng4 | ming2,polyphone,01a0d5d5-3c25-7078-8fa5-fcfc1f527540,
生气通天论篇第三,01a0d5d5-3b2b-7013-acb2-e0447f42d880,19,"阴阳，筋脉和同，骨髓坚固，气血皆从。如是则内外调和，邪不能害，耳目聪明，气立如故。

风客淫气，精乃亡，邪伤肝也。因而饱食，筋脉横解，肠澼为痔。因",气,qi4,qi3 | qi4,polyphone,01a0d5d5-3c25-7078-8fa5-fcfdbc655514,
生气通天论篇第三,01a0d5d5-3b2b-7013-acb2-e0447f42d880,19,"阳，筋脉和同，骨髓坚固，气血皆从。如是则内外调和，邪不能害，耳目聪明，气立如故。

风客淫气，精乃亡，邪伤肝也。因而饱食，筋脉横解，肠澼为痔。因而",立,li4,li4 | wei4,polyphone,01a0d5d5-3c25-7078-8fa5-fcfed0cdd6a6,
生气通天论篇第三,01a0d5d5-3b2b-7013-acb2-e0447f42d880,19,"骨髓坚固，气血皆从。如是则内外调和，邪不能害，耳目聪明，气立如故。

风客淫气，精乃亡，邪伤肝也。因而饱食，筋脉横解，肠澼为痔。因而大饮，则气逆。",客,ke4,ke4 | qia4,polyphone,01a0d5d5-3c25-7078-8fa5-fcff267ed9a6,
生气通天论篇第三,01a0d5d5-3b2b-7013-acb2-e0447f42d880,19,"髓坚固，气血皆从。如是则内外调和，邪不能害，耳目聪明，气立如故。

风客淫气，精乃亡，邪伤肝也。因而饱食，筋脉横解，肠澼为痔。因而大饮，则气逆。因",淫,yin2,yan4 | yao2 | yin2,polyphone,01a0d5d5-3c25-7078-8fa5-fd0067eaa3ed,
生气通天论篇第三,01a0d5d5-3b2b-7013-acb2-e0447f42d880,19,"坚固，气血皆从。如是则内外调和，邪不能害，耳目聪明，气立如故。

风客淫气，精乃亡，邪伤肝也。因而饱食，筋脉横解，肠澼为痔。因而大饮，则气逆。因而",气,qi4,qi3 | qi4,polyphone,01a0d5d5-3c25-7078-8fa5-fd019fe07114,
生气通天论篇第三,01a0d5d5-3b2b-7013-acb2-e0447f42d880,19,"，气血皆从。如是则内外调和，邪不能害，耳目聪明，气立如故。

风客淫气，精乃亡，邪伤肝也。因而饱食，筋脉横解，肠澼为痔。因而大饮，则气逆。因而强力",精,jing1,jing1 | jing4 | qing2,polyphone,01a0d5d5-3c25-7078-8fa5-fd028540e517,
生气通天论篇第三,01a0d5d5-3b2b-7013-acb2-e0447f42d880,19,"气血皆从。如是则内外调和，邪不能害，耳目聪明，气立如故。

风客淫气，精乃亡，邪伤肝也。因而饱食，筋脉横解，肠澼为痔。因而大饮，则气逆。因而强力，",乃,nai3,ai3 | nai3,polyphone,01a0d5d5-3c25-7078-8fa5-fd0348b6457f,
生气通天论篇第三,01a0d5d5-3b2b-7013-acb2-e0447f42d880,19,"血皆从。如是则内外调和，邪不能害，耳目聪明，气立如故。

风客淫气，精乃亡，邪伤肝也。因而饱食，筋脉横解，肠澼为痔。因而大饮，则气逆。因而强力，肾",亡,wang2,wang2 | wu2,polyphone,01a0d5d5-3c25-7078-8fa5-fd04ec1ae995,
生气通天论篇第三,01a0d5d5-3b2b-7013-acb2-e0447f42d880,19,"从。如是则内外调和，邪不能害，耳目聪明，气立如故。

风客淫气，精乃亡，邪伤肝也。因而饱食，筋脉横解，肠澼为痔。因而大饮，则气逆。因而强力，肾气乃",邪,xie2,she2 | xie2 | xu2 | ya2 | ye2,polyphone,01a0d5d5-3c25-7078-8fa5-fd052ebf457d,
生气通天论篇第三,01a0d5d5-3b2b-7013-acb2-e0447f42d880,19,"是则内外调和，邪不能害，耳目聪明，气立如故。

风客淫气，精乃亡，邪伤肝也。因而饱食，筋脉横解，肠澼为痔。因而大饮，则气逆。因而强力，肾气乃伤，高",也,ye3,ye3 | yi2,polyphone,01a0d5d5-3c25-7078-8fa5-fd06a406cde4,
生气通天论篇第三,01a0d5d5-3b2b-7013-acb2-e0447f42d880,19,"外调和，邪不能害，耳目聪明，气立如故。

风客淫气，精乃亡，邪伤肝也。因而饱食，筋脉横解，肠澼为痔。因而大饮，则气逆。因而强力，肾气乃伤，高骨乃坏",而,er2,er2 | neng2,polyphone,01a0d5d5-3c25-7078-8fa5-fd0714c4bb2d,
生气通天论篇第三,01a0d5d5-3b2b-7013-acb2-e0447f42d880,19,"和，邪不能害，耳目聪明，气立如故。

风客淫气，精乃亡，邪伤肝也。因而饱食，筋脉横解，肠澼为痔。因而大饮，则气逆。因而强力，肾气乃伤，高骨乃坏。凡",食,shi2,shi2 | si4 | yi4,polyphone,01a0d5d5-3c25-7078-8fa5-fd08d76367c6,
生气通天论篇第三,01a0d5d5-3b2b-7013-acb2-e0447f42d880,19,"邪不能害，耳目聪明，气立如故。

风客淫气，精乃亡，邪伤肝也。因而饱食，筋脉横解，肠澼为痔。因而大饮，则气逆。因而强力，肾气乃伤，高骨乃坏。凡阴阳",筋,jin1,jin1 | qian2,polyphone,01a0d5d5-3c25-7078-8fa5-fd09eb9411f6,
生气通天论篇第三,01a0d5d5-3b2b-7013-acb2-e0447f42d880,19,"不能害，耳目聪明，气立如故。

风客淫气，精乃亡，邪伤肝也。因而饱食，筋脉横解，肠澼为痔。因而大饮，则气逆。因而强力，肾气乃伤，高骨乃坏。凡阴阳之",脉,mai4,mai4 | mo4,polyphone,01a0d5d5-3c25-7078-8fa5-fd0a865e2502,
生气通天论篇第三,01a0d5d5-3b2b-7013-acb2-e0447f42d880,19,"能害，耳目聪明，气立如故。

风客淫气，精乃亡，邪伤肝也。因而饱食，筋脉横解，肠澼为痔。因而大饮，则气逆。因而强力，肾气乃伤，高骨乃坏。凡阴阳之要",横,heng2,guang1 | guang4 | heng2 | heng4 | huang2 | huang4,polyphone,01a0d5d5-3c25-7078-8fa5-fd0b284bd53a,
生气通天论篇第三,01a0d5d5-3b2b-7013-acb2-e0447f42d880,19,"害，耳目聪明，气立如故。

风客淫气，精乃亡，邪伤肝也。因而饱食，筋脉横解，肠澼为痔。因而大饮，则气逆。因而强力，肾气乃伤，高骨乃坏。凡阴阳之要，",解,jie3,jie3 | jie4 | xie4,polyphone,01a0d5d5-3c25-7078-8fa5-fd0cc624b881,
生气通天论篇第三,01a0d5d5-3b2b-7013-acb2-e0447f42d880,19,"聪明，气立如故。

风客淫气，精乃亡，邪伤肝也。因而饱食，筋脉横解，肠澼为痔。因而大饮，则气逆。因而强力，肾气乃伤，高骨乃坏。凡阴阳之要，阳密乃固",为,wei4,wei2 | wei4,polyphone,01a0d5d5-3c25-7078-8fa5-fd0def942ddb,
生气通天论篇第三,01a0d5d5-3b2b-7013-acb2-e0447f42d880,19,"立如故。

风客淫气，精乃亡，邪伤肝也。因而饱食，筋脉横解，肠澼为痔。因而大饮，则气逆。因而强力，肾气乃伤，高骨乃坏。凡阴阳之要，阳密乃固，两者不",而,er2,er2 | neng2,polyphone,01a0d5d5-3c25-7078-8fa5-fd0e34dd3c79,
生气通天论篇第三,01a0d5d5-3b2b-7013-acb2-e0447f42d880,19,"如故。

风客淫气，精乃亡，邪伤肝也。因而饱食，筋脉横解，肠澼为痔。因而大饮，则气逆。因而强力，肾气乃伤，高骨乃坏。凡阴阳之要，阳密乃固，两者不和",大,da4,da4 | dai4 | tai4,polyphone,01a0d5d5-3c25-7078-8fa5-fd0fd0575988,
生气通天论篇第三,01a0d5d5-3b2b-7013-acb2-e0447f42d880,19,"故。

风客淫气，精乃亡，邪伤肝也。因而饱食，筋脉横解，肠澼为痔。因而大饮，则气逆。因而强力，肾气乃伤，高骨乃坏。凡阴阳之要，阳密乃固，两者不和，",饮,yin3,yin3 | yin4,polyphone,01a0d5d5-3c25-7078-8fa5-fd107844d8e8,
生气通天论篇第三,01a0d5d5-3b2b-7013-acb2-e0447f42d880,19,"
风客淫气，精乃亡，邪伤肝也。因而饱食，筋脉横解，肠澼为痔。因而大饮，则气逆。因而强力，肾气乃伤，高骨乃坏。凡阴阳之要，阳密乃固，两者不和，若春无",气,qi4,qi3 | qi4,polyphone,01a0d5d5-3c25-7078-8fa5-fd11c5f92c9f,
生气通天论篇第三,01a0d5d5-3b2b-7013-acb2-e0447f42d880,19,气，精乃亡，邪伤肝也。因而饱食，筋脉横解，肠澼为痔。因而大饮，则气逆。因而强力，肾气乃伤，高骨乃坏。凡阴阳之要，阳密乃固，两者不和，若春无秋，若冬,而,er2,er2 | neng2,polyphone,01a0d5d5-3c25-7078-8fa5-fd128042d259,
生气通天论篇第三,01a0d5d5-3b2b-7013-acb2-e0447f42d880,19,，邪伤肝也。因而饱食，筋脉横解，肠澼为痔。因而大饮，则气逆。因而强力，肾气乃伤，高骨乃坏。凡阴阳之要，阳密乃固，两者不和，若春无秋，若冬无夏，因而,气,qi4,qi3 | qi4,polyphone,01a0d5d5-3c25-7078-8fa5-fd14d6c6f6cb,
生气通天论篇第三,01a0d5d5-3b2b-7013-acb2-e0447f42d880,19,邪伤肝也。因而饱食，筋脉横解，肠澼为痔。因而大饮，则气逆。因而强力，肾气乃伤，高骨乃坏。凡阴阳之要，阳密乃固，两者不和，若春无秋，若冬无夏，因而和,乃,nai3,ai3 | nai3,polyphone,01a0d5d5-3c25-7078-8fa5-fd1503b3ef4c,
生气通天论篇第三,01a0d5d5-3b2b-7013-acb2-e0447f42d880,19,也。因而饱食，筋脉横解，肠澼为痔。因而大饮，则气逆。因而强力，肾气乃伤，高骨乃坏。凡阴阳之要，阳密乃固，两者不和，若春无秋，若冬无夏，因而和之，是,高,gao1,gao1 | gao4,polyphone,01a0d5d5-3c25-7078-8fa5-fd1647b5070b,
生气通天论篇第三,01a0d5d5-3b2b-7013-acb2-e0447f42d880,19,。因而饱食，筋脉横解，肠澼为痔。因而大饮，则气逆。因而强力，肾气乃伤，高骨乃坏。凡阴阳之要，阳密乃固，两者不和，若春无秋，若冬无夏，因而和之，是谓,骨,gu3,gu1 | gu2 | gu3,polyphone,01a0d5d5-3c25-7078-8fa5-fd17e57b76b2,
生气通天论篇第三,01a0d5d5-3b2b-7013-acb2-e0447f42d880,19,因而饱食，筋脉横解，肠澼为痔。因而大饮，则气逆。因而强力，肾气乃伤，高骨乃坏。凡阴阳之要，阳密乃固，两者不和，若春无秋，若冬无夏，因而和之，是谓圣,乃,nai3,ai3 | nai3,polyphone,01a0d5d5-3c25-7078-8fa5-fd18f8b40db2,
生气通天论篇第三,01a0d5d5-3b2b-7013-acb2-e0447f42d880,19,而饱食，筋脉横解，肠澼为痔。因而大饮，则气逆。因而强力，肾气乃伤，高骨乃坏。凡阴阳之要，阳密乃固，两者不和，若春无秋，若冬无夏，因而和之，是谓圣度,坏,huai4,huai4 | pei2 | pi1,polyphone,01a0d5d5-3c25-7078-8fa5-fd194e2326df,
生气通天论篇第三,01a0d5d5-3b2c-7663-b470-0cb0be7c04b7,20,脉横解，肠澼为痔。因而大饮，则气逆。因而强力，肾气乃伤，高骨乃坏。凡阴阳之要，阳密乃固，两者不和，若春无秋，若冬无夏，因而和之，是谓圣度。故阳强不,之,zhi1,zhi1 | zhi4 | zhu1,polyphone,01a0d5d5-3c28-7326-b2cf-c7b5c652fa5f,
生气通天论篇第三,01a0d5d5-3b2c-7663-b470-0cb0be7c04b7,20,横解，肠澼为痔。因而大饮，则气逆。因而强力，肾气乃伤，高骨乃坏。凡阴阳之要，阳密乃固，两者不和，若春无秋，若冬无夏，因而和之，是谓圣度。故阳强不能,要,yao4,yao1 | yao3 | yao4,polyphone,01a0d5d5-3c28-7326-b2cf-c7b6bcee1bc6,
生气通天论篇第三,01a0d5d5-3b2c-7663-b470-0cb0be7c04b7,20,澼为痔。因而大饮，则气逆。因而强力，肾气乃伤，高骨乃坏。凡阴阳之要，阳密乃固，两者不和，若春无秋，若冬无夏，因而和之，是谓圣度。故阳强不能密，阴气,乃,nai3,ai3 | nai3,polyphone,01a0d5d5-3c28-7326-b2cf-c7b77b6ad5e2,
生气通天论篇第三,01a0d5d5-3b2c-7663-b470-0cb0be7c04b7,20,而大饮，则气逆。因而强力，肾气乃伤，高骨乃坏。凡阴阳之要，阳密乃固，两者不和，若春无秋，若冬无夏，因而和之，是谓圣度。故阳强不能密，阴气乃绝，阴平,不,bu4,bu2 | bu4 | fou1 | fou3 | fu1,polyphone,01a0d5d5-3c28-7326-b2cf-c7b89ecd3037,
生气通天论篇第三,01a0d5d5-3b2c-7663-b470-0cb0be7c04b7,20,大饮，则气逆。因而强力，肾气乃伤，高骨乃坏。凡阴阳之要，阳密乃固，两者不和，若春无秋，若冬无夏，因而和之，是谓圣度。故阳强不能密，阴气乃绝，阴平阳,和,he2,he2 | he4 | hu2 | huo2 | huo4,polyphone,01a0d5d5-3c28-7326-b2cf-c7b9f459bb06,
生气通天论篇第三,01a0d5d5-3b2c-7663-b470-0cb0be7c04b7,20,，则气逆。因而强力，肾气乃伤，高骨乃坏。凡阴阳之要，阳密乃固，两者不和，若春无秋，若冬无夏，因而和之，是谓圣度。故阳强不能密，阴气乃绝，阴平阳秘，,若,ruo4,re2 | re3 | re4 | ruo4,polyphone,01a0d5d5-3c28-7326-b2cf-c7ba949d1028,
生气通天论篇第三,01a0d5d5-3b2c-7663-b470-0cb0be7c04b7,20,则气逆。因而强力，肾气乃伤，高骨乃坏。凡阴阳之要，阳密乃固，两者不和，若春无秋，若冬无夏，因而和之，是谓圣度。故阳强不能密，阴气乃绝，阴平阳秘，精,春,chun1,chun1 | chun3,polyphone,01a0d5d5-3c28-7326-b2cf-c7bb305b96a0,
生气通天论篇第三,01a0d5d5-3b2c-7663-b470-0cb0be7c04b7,20,气逆。因而强力，肾气乃伤，高骨乃坏。凡阴阳之要，阳密乃固，两者不和，若春无秋，若冬无夏，因而和之，是谓圣度。故阳强不能密，阴气乃绝，阴平阳秘，精神,无,wu2,mo2 | wu2,polyphone,01a0d5d5-3c28-7326-b2cf-c7bcdfd70b7f,
生气通天论篇第三,01a0d5d5-3b2c-7663-b470-0cb0be7c04b7,20,因而强力，肾气乃伤，高骨乃坏。凡阴阳之要，阳密乃固，两者不和，若春无秋，若冬无夏，因而和之，是谓圣度。故阳强不能密，阴气乃绝，阴平阳秘，精神乃治，,若,ruo4,re2 | re3 | re4 | ruo4,polyphone,01a0d5d5-3c28-7326-b2cf-c7bd9d8a90d9,
生气通天论篇第三,01a0d5d5-3b2c-7663-b470-0cb0be7c04b7,20,强力，肾气乃伤，高骨乃坏。凡阴阳之要，阳密乃固，两者不和，若春无秋，若冬无夏，因而和之，是谓圣度。故阳强不能密，阴气乃绝，阴平阳秘，精神乃治，阴阳,无,wu2,mo2 | wu2,polyphone,01a0d5d5-3c28-7326-b2cf-c7be660d9687,
生气通天论篇第三,01a0d5d5-3b2c-7663-b470-0cb0be7c04b7,20,力，肾气乃伤，高骨乃坏。凡阴阳之要，阳密乃固，两者不和，若春无秋，若冬无夏，因而和之，是谓圣度。故阳强不能密，阴气乃绝，阴平阳秘，精神乃治，阴阳离,夏,xia4,jia3 | xia4,polyphone,01a0d5d5-3c28-7326-b2cf-c7bf294eb4f6,
生气通天论篇第三,01a0d5d5-3b2c-7663-b470-0cb0be7c04b7,20,气乃伤，高骨乃坏。凡阴阳之要，阳密乃固，两者不和，若春无秋，若冬无夏，因而和之，是谓圣度。故阳强不能密，阴气乃绝，阴平阳秘，精神乃治，阴阳离决，精,而,er2,er2 | neng2,polyphone,01a0d5d5-3c28-7326-b2cf-c7c089dfd8a6,
生气通天论篇第三,01a0d5d5-3b2c-7663-b470-0cb0be7c04b7,20,乃伤，高骨乃坏。凡阴阳之要，阳密乃固，两者不和，若春无秋，若冬无夏，因而和之，是谓圣度。故阳强不能密，阴气乃绝，阴平阳秘，精神乃治，阴阳离决，精气,和,he2,he2 | he4 | hu2 | huo2 | huo4,polyphone,01a0d5d5-3c28-7326-b2cf-c7c1648bb82d,
生气通天论篇第三,01a0d5d5-3b2c-7663-b470-0cb0be7c04b7,20,伤，高骨乃坏。凡阴阳之要，阳密乃固，两者不和，若春无秋，若冬无夏，因而和之，是谓圣度。故阳强不能密，阴气乃绝，阴平阳秘，精神乃治，阴阳离决，精气乃,之,zhi1,zhi1 | zhi4 | zhu1,polyphone,01a0d5d5-3c28-7326-b2cf-c7c29d8c02a9,
生气通天论篇第三,01a0d5d5-3b2c-7663-b470-0cb0be7c04b7,20,高骨乃坏。凡阴阳之要，阳密乃固，两者不和，若春无秋，若冬无夏，因而和之，是谓圣度。故阳强不能密，阴气乃绝，阴平阳秘，精神乃治，阴阳离决，精气乃绝。,是,shi4,shi4 | ti2,polyphone,01a0d5d5-3c28-7326-b2cf-c7c3dd0c083a,
生气通天论篇第三,01a0d5d5-3b2c-7663-b470-0cb0be7c04b7,20,"乃坏。凡阴阳之要，阳密乃固，两者不和，若春无秋，若冬无夏，因而和之，是谓圣度。故阳强不能密，阴气乃绝，阴平阳秘，精神乃治，阴阳离决，精气乃绝。
因",圣,sheng4,ku1 | sheng4,polyphone,01a0d5d5-3c28-7326-b2cf-c7c41d3e3857,
生气通天论篇第三,01a0d5d5-3b2c-7663-b470-0cb0be7c04b7,20,"坏。凡阴阳之要，阳密乃固，两者不和，若春无秋，若冬无夏，因而和之，是谓圣度。故阳强不能密，阴气乃绝，阴平阳秘，精神乃治，阴阳离决，精气乃绝。
因于",度,du4,du4 | duo2 | zhai2,polyphone,01a0d5d5-3c28-7326-b2cf-c7c5aecf77c8,
生气通天论篇第三,01a0d5d5-3b2c-7663-b470-0cb1d3ef43a1,21,"阳之要，阳密乃固，两者不和，若春无秋，若冬无夏，因而和之，是谓圣度。故阳强不能密，阴气乃绝，阴平阳秘，精神乃治，阴阳离决，精气乃绝。
因于露风，乃",强,qiang2,jiang4 | qiang2 | qiang3,polyphone,01a0d5d5-3c2a-7013-b696-6aeaefa9d378,
生气通天论篇第三,01a0d5d5-3b2c-7663-b470-0cb1d3ef43a1,21,"之要，阳密乃固，两者不和，若春无秋，若冬无夏，因而和之，是谓圣度。故阳强不能密，阴气乃绝，阴平阳秘，精神乃治，阴阳离决，精气乃绝。
因于露风，乃生",不,bu4,bu2 | bu4 | fou1 | fou3 | fu1,polyphone,01a0d5d5-3c2a-7013-b696-6aeb65940796,
生气通天论篇第三,01a0d5d5-3b2c-7663-b470-0cb1d3ef43a1,21,"要，阳密乃固，两者不和，若春无秋，若冬无夏，因而和之，是谓圣度。故阳强不能密，阴气乃绝，阴平阳秘，精神乃治，阴阳离决，精气乃绝。
因于露风，乃生寒",能,neng2,nai2 | nai4 | neng2 | tai2 | xiong2,polyphone,01a0d5d5-3c2a-7013-b696-6aec2e3dee34,
生气通天论篇第三,01a0d5d5-3b2c-7663-b470-0cb1d3ef43a1,21,"乃固，两者不和，若春无秋，若冬无夏，因而和之，是谓圣度。故阳强不能密，阴气乃绝，阴平阳秘，精神乃治，阴阳离决，精气乃绝。
因于露风，乃生寒热。是以",气,qi4,qi3 | qi4,polyphone,01a0d5d5-3c2a-7013-b696-6aedfa57b452,
生气通天论篇第三,01a0d5d5-3b2c-7663-b470-0cb1d3ef43a1,21,"固，两者不和，若春无秋，若冬无夏，因而和之，是谓圣度。故阳强不能密，阴气乃绝，阴平阳秘，精神乃治，阴阳离决，精气乃绝。
因于露风，乃生寒热。是以春",乃,nai3,ai3 | nai3,polyphone,01a0d5d5-3c2a-7013-b696-6aee16560c32,
生气通天论篇第三,01a0d5d5-3b2c-7663-b470-0cb1d3ef43a1,21,"不和，若春无秋，若冬无夏，因而和之，是谓圣度。故阳强不能密，阴气乃绝，阴平阳秘，精神乃治，阴阳离决，精气乃绝。
因于露风，乃生寒热。是以春伤于风，",平,ping2,beng1 | bing4 | pian2 | ping2,polyphone,01a0d5d5-3c2a-7013-b696-6aef4a11ec33,
生气通天论篇第三,01a0d5d5-3b2c-7663-b470-0cb1d3ef43a1,21,"春无秋，若冬无夏，因而和之，是谓圣度。故阳强不能密，阴气乃绝，阴平阳秘，精神乃治，阴阳离决，精气乃绝。
因于露风，乃生寒热。是以春伤于风，邪气留连",精,jing1,jing1 | jing4 | qing2,polyphone,01a0d5d5-3c2a-7013-b696-6af183fdf2d8,
生气通天论篇第三,01a0d5d5-3b2c-7663-b470-0cb1d3ef43a1,21,"无秋，若冬无夏，因而和之，是谓圣度。故阳强不能密，阴气乃绝，阴平阳秘，精神乃治，阴阳离决，精气乃绝。
因于露风，乃生寒热。是以春伤于风，邪气留连，",神,shen2,shen1 | shen2,polyphone,01a0d5d5-3c2a-7013-b696-6af2b3517743,
生气通天论篇第三,01a0d5d5-3b2c-7663-b470-0cb1d3ef43a1,21,"秋，若冬无夏，因而和之，是谓圣度。故阳强不能密，阴气乃绝，阴平阳秘，精神乃治，阴阳离决，精气乃绝。
因于露风，乃生寒热。是以春伤于风，邪气留连，乃",乃,nai3,ai3 | nai3,polyphone,01a0d5d5-3c2a-7013-b696-6af377d787d5,
生气通天论篇第三,01a0d5d5-3b2c-7663-b470-0cb1d3ef43a1,21,"，若冬无夏，因而和之，是谓圣度。故阳强不能密，阴气乃绝，阴平阳秘，精神乃治，阴阳离决，精气乃绝。
因于露风，乃生寒热。是以春伤于风，邪气留连，乃为",治,zhi4,chi2 | zhi4,polyphone,01a0d5d5-3c2b-72e5-9458-49a262994506,
生气通天论篇第三,01a0d5d5-3b2c-7663-b470-0cb1d3ef43a1,21,"夏，因而和之，是谓圣度。故阳强不能密，阴气乃绝，阴平阳秘，精神乃治，阴阳离决，精气乃绝。
因于露风，乃生寒热。是以春伤于风，邪气留连，乃为洞泄，夏",离,li2,chi1 | li2,polyphone,01a0d5d5-3c2b-72e5-9458-49a36a9ceea5,
生气通天论篇第三,01a0d5d5-3b2c-7663-b470-0cb1d3ef43a1,21,"而和之，是谓圣度。故阳强不能密，阴气乃绝，阴平阳秘，精神乃治，阴阳离决，精气乃绝。
因于露风，乃生寒热。是以春伤于风，邪气留连，乃为洞泄，夏伤于暑",精,jing1,jing1 | jing4 | qing2,polyphone,01a0d5d5-3c2b-72e5-9458-49a4b3d4596f,
生气通天论篇第三,01a0d5d5-3b2c-7663-b470-0cb1d3ef43a1,21,"和之，是谓圣度。故阳强不能密，阴气乃绝，阴平阳秘，精神乃治，阴阳离决，精气乃绝。
因于露风，乃生寒热。是以春伤于风，邪气留连，乃为洞泄，夏伤于暑，",气,qi4,qi3 | qi4,polyphone,01a0d5d5-3c2b-72e5-9458-49a5bfecdea5,
生气通天论篇第三,01a0d5d5-3b2c-7663-b470-0cb1d3ef43a1,21,"之，是谓圣度。故阳强不能密，阴气乃绝，阴平阳秘，精神乃治，阴阳离决，精气乃绝。
因于露风，乃生寒热。是以春伤于风，邪气留连，乃为洞泄，夏伤于暑，秋",乃,nai3,ai3 | nai3,polyphone,01a0d5d5-3c2b-72e5-9458-49a617f3bbcd,
生气通天论篇第三,01a0d5d5-3b2c-7663-b470-0cb1d3ef43a1,21,"度。故阳强不能密，阴气乃绝，阴平阳秘，精神乃治，阴阳离决，精气乃绝。
因于露风，乃生寒热。是以春伤于风，邪气留连，乃为洞泄，夏伤于暑，秋为痎疟。秋",于,yu2,wei2 | xu1 | yu1 | yu2,polyphone,01a0d5d5-3c2b-72e5-9458-49a7a79fa106,
生气通天论篇第三,01a0d5d5-3b2c-7663-b470-0cb1d3ef43a1,21,"。故阳强不能密，阴气乃绝，阴平阳秘，精神乃治，阴阳离决，精气乃绝。
因于露风，乃生寒热。是以春伤于风，邪气留连，乃为洞泄，夏伤于暑，秋为痎疟。秋伤",露,lu4,lou4 | lu4,polyphone,01a0d5d5-3c2b-72e5-9458-49a8edab23bd,
生气通天论篇第三,01a0d5d5-3b2c-7663-b470-0cb1d3ef43a1,21,"强不能密，阴气乃绝，阴平阳秘，精神乃治，阴阳离决，精气乃绝。
因于露风，乃生寒热。是以春伤于风，邪气留连，乃为洞泄，夏伤于暑，秋为痎疟。秋伤于湿，",乃,nai3,ai3 | nai3,polyphone,01a0d5d5-3c2b-72e5-9458-49a9e7faacf4,
生气通天论篇第三,01a0d5d5-3b2c-7663-b470-0cb233452166,22,"阴气乃绝，阴平阳秘，精神乃治，阴阳离决，精气乃绝。
因于露风，乃生寒热。是以春伤于风，邪气留连，乃为洞泄，夏伤于暑，秋为痎疟。秋伤于湿，上逆而欬，",是,shi4,shi4 | ti2,polyphone,01a0d5d5-3c2d-7447-a205-d4ab86d9438b,
生气通天论篇第三,01a0d5d5-3b2c-7663-b470-0cb233452166,22,"气乃绝，阴平阳秘，精神乃治，阴阳离决，精气乃绝。
因于露风，乃生寒热。是以春伤于风，邪气留连，乃为洞泄，夏伤于暑，秋为痎疟。秋伤于湿，上逆而欬，发",以,yi3,si4 | yi3,polyphone,01a0d5d5-3c2d-7447-a205-d4acb1675ee1,
生气通天论篇第三,01a0d5d5-3b2c-7663-b470-0cb233452166,22,"乃绝，阴平阳秘，精神乃治，阴阳离决，精气乃绝。
因于露风，乃生寒热。是以春伤于风，邪气留连，乃为洞泄，夏伤于暑，秋为痎疟。秋伤于湿，上逆而欬，发为",春,chun1,chun1 | chun3,polyphone,01a0d5d5-3c2d-7447-a205-d4ad15b68b5a,
生气通天论篇第三,01a0d5d5-3b2c-7663-b470-0cb233452166,22,"，阴平阳秘，精神乃治，阴阳离决，精气乃绝。
因于露风，乃生寒热。是以春伤于风，邪气留连，乃为洞泄，夏伤于暑，秋为痎疟。秋伤于湿，上逆而欬，发为痿厥",于,yu2,wei2 | xu1 | yu1 | yu2,polyphone,01a0d5d5-3c2d-7447-a205-d4ae1495a089,
生气通天论篇第三,01a0d5d5-3b2c-7663-b470-0cb233452166,22,"阳秘，精神乃治，阴阳离决，精气乃绝。
因于露风，乃生寒热。是以春伤于风，邪气留连，乃为洞泄，夏伤于暑，秋为痎疟。秋伤于湿，上逆而欬，发为痿厥。冬伤",邪,xie2,she2 | xie2 | xu2 | ya2 | ye2,polyphone,01a0d5d5-3c2d-7447-a205-d4afe18817ad,
生气通天论篇第三,01a0d5d5-3b2c-7663-b470-0cb233452166,22,"秘，精神乃治，阴阳离决，精气乃绝。
因于露风，乃生寒热。是以春伤于风，邪气留连，乃为洞泄，夏伤于暑，秋为痎疟。秋伤于湿，上逆而欬，发为痿厥。冬伤于",气,qi4,qi3 | qi4,polyphone,01a0d5d5-3c2d-7447-a205-d4b0404885b6,
生气通天论篇第三,01a0d5d5-3b2c-7663-b470-0cb233452166,22,"，精神乃治，阴阳离决，精气乃绝。
因于露风，乃生寒热。是以春伤于风，邪气留连，乃为洞泄，夏伤于暑，秋为痎疟。秋伤于湿，上逆而欬，发为痿厥。冬伤于寒",留,liu2,liu2 | liu3 | liu4,polyphone,01a0d5d5-3c2d-7447-a205-d4b120c03397,
生气通天论篇第三,01a0d5d5-3b2c-7663-b470-0cb233452166,22,"乃治，阴阳离决，精气乃绝。
因于露风，乃生寒热。是以春伤于风，邪气留连，乃为洞泄，夏伤于暑，秋为痎疟。秋伤于湿，上逆而欬，发为痿厥。冬伤于寒，春必",乃,nai3,ai3 | nai3,polyphone,01a0d5d5-3c2d-7447-a205-d4b2f78833c8,
生气通天论篇第三,01a0d5d5-3b2c-7663-b470-0cb233452166,22,"治，阴阳离决，精气乃绝。
因于露风，乃生寒热。是以春伤于风，邪气留连，乃为洞泄，夏伤于暑，秋为痎疟。秋伤于湿，上逆而欬，发为痿厥。冬伤于寒，春必温",为,wei4,wei2 | wei4,polyphone,01a0d5d5-3c2d-7447-a205-d4b3e04eb05c,
生气通天论篇第三,01a0d5d5-3b2c-7663-b470-0cb233452166,22,"离决，精气乃绝。
因于露风，乃生寒热。是以春伤于风，邪气留连，乃为洞泄，夏伤于暑，秋为痎疟。秋伤于湿，上逆而欬，发为痿厥。冬伤于寒，春必温病。四时",夏,xia4,jia3 | xia4,polyphone,01a0d5d5-3c2d-7447-a205-d4b646384b06,
生气通天论篇第三,01a0d5d5-3b2c-7663-b470-0cb233452166,22,"，精气乃绝。
因于露风，乃生寒热。是以春伤于风，邪气留连，乃为洞泄，夏伤于暑，秋为痎疟。秋伤于湿，上逆而欬，发为痿厥。冬伤于寒，春必温病。四时之气",于,yu2,wei2 | xu1 | yu1 | yu2,polyphone,01a0d5d5-3c2d-7447-a205-d4b7d42e0ba8,
生气通天论篇第三,01a0d5d5-3b2c-7663-b470-0cb233452166,22,"绝。
因于露风，乃生寒热。是以春伤于风，邪气留连，乃为洞泄，夏伤于暑，秋为痎疟。秋伤于湿，上逆而欬，发为痿厥。冬伤于寒，春必温病。四时之气，更伤五",为,wei4,wei2 | wei4,polyphone,01a0d5d5-3c2d-7447-a205-d4b88f958351,
生气通天论篇第三,01a0d5d5-3b2c-7663-b470-0cb233452166,22,"
因于露风，乃生寒热。是以春伤于风，邪气留连，乃为洞泄，夏伤于暑，秋为痎疟。秋伤于湿，上逆而欬，发为痿厥。冬伤于寒，春必温病。四时之气，更伤五藏。",疟,nve4,nve4 | yao4,polyphone,01a0d5d5-3c2d-7447-a205-d4b9b4033676,
生气通天论篇第三,01a0d5d5-3b2c-7663-b470-0cb233452166,22,风，乃生寒热。是以春伤于风，邪气留连，乃为洞泄，夏伤于暑，秋为痎疟。秋伤于湿，上逆而欬，发为痿厥。冬伤于寒，春必温病。四时之气，更伤五藏。阴之所生,于,yu2,wei2 | xu1 | yu1 | yu2,polyphone,01a0d5d5-3c2d-7447-a205-d4bafd312f74,
生气通天论篇第三,01a0d5d5-3b2c-7663-b470-0cb233452166,22,生寒热。是以春伤于风，邪气留连，乃为洞泄，夏伤于暑，秋为痎疟。秋伤于湿，上逆而欬，发为痿厥。冬伤于寒，春必温病。四时之气，更伤五藏。阴之所生，本在,上,shang4,shang3 | shang4,polyphone,01a0d5d5-3c2d-7447-a205-d4bb501c1dde,
生气通天论篇第三,01a0d5d5-3b2c-7663-b470-0cb233452166,22,热。是以春伤于风，邪气留连，乃为洞泄，夏伤于暑，秋为痎疟。秋伤于湿，上逆而欬，发为痿厥。冬伤于寒，春必温病。四时之气，更伤五藏。阴之所生，本在五味,而,er2,er2 | neng2,polyphone,01a0d5d5-3c2d-7447-a205-d4bc99f04988,
生气通天论篇第三,01a0d5d5-3b2c-7663-b470-0cb233452166,22,以春伤于风，邪气留连，乃为洞泄，夏伤于暑，秋为痎疟。秋伤于湿，上逆而欬，发为痿厥。冬伤于寒，春必温病。四时之气，更伤五藏。阴之所生，本在五味，阴之,发,fa1,fa1 | fa4,polyphone,01a0d5d5-3c2d-7447-a205-d4bea9826eb8,
生气通天论篇第三,01a0d5d5-3b2c-7663-b470-0cb233452166,22,春伤于风，邪气留连，乃为洞泄，夏伤于暑，秋为痎疟。秋伤于湿，上逆而欬，发为痿厥。冬伤于寒，春必温病。四时之气，更伤五藏。阴之所生，本在五味，阴之五,为,wei4,wei2 | wei4,polyphone,01a0d5d5-3c2d-7447-a205-d4bfdcbc5a16,
生气通天论篇第三,01a0d5d5-3b2c-7663-b470-0cb233452166,22,气留连，乃为洞泄，夏伤于暑，秋为痎疟。秋伤于湿，上逆而欬，发为痿厥。冬伤于寒，春必温病。四时之气，更伤五藏。阴之所生，本在五味，阴之五宫，伤在五味,于,yu2,wei2 | xu1 | yu1 | yu2,polyphone,01a0d5d5-3c2d-7447-a205-d4c0c58d69e1,
生气通天论篇第三,01a0d5d5-3b2c-7663-b470-0cb233452166,22,"，乃为洞泄，夏伤于暑，秋为痎疟。秋伤于湿，上逆而欬，发为痿厥。冬伤于寒，春必温病。四时之气，更伤五藏。阴之所生，本在五味，阴之五宫，伤在五味。

",春,chun1,chun1 | chun3,polyphone,01a0d5d5-3c2d-7447-a205-d4c1ad9e7169,
生气通天论篇第三,01a0d5d5-3b2c-7663-b470-0cb233452166,22,"为洞泄，夏伤于暑，秋为痎疟。秋伤于湿，上逆而欬，发为痿厥。冬伤于寒，春必温病。四时之气，更伤五藏。阴之所生，本在五味，阴之五宫，伤在五味。

是故",温,wen1,wen1 | yun4,polyphone,01a0d5d5-3c2d-7447-a205-d4c29c21319c,
生气通天论篇第三,01a0d5d5-3b2c-7663-b470-0cb233452166,22,"伤于暑，秋为痎疟。秋伤于湿，上逆而欬，发为痿厥。冬伤于寒，春必温病。四时之气，更伤五藏。阴之所生，本在五味，阴之五宫，伤在五味。

是故味过于酸，",之,zhi1,zhi1 | zhi4 | zhu1,polyphone,01a0d5d5-3c2d-7447-a205-d4c3b64bb012,
生气通天论篇第三,01a0d5d5-3b2c-7663-b470-0cb233452166,22,"于暑，秋为痎疟。秋伤于湿，上逆而欬，发为痿厥。冬伤于寒，春必温病。四时之气，更伤五藏。阴之所生，本在五味，阴之五宫，伤在五味。

是故味过于酸，肝",气,qi4,qi3 | qi4,polyphone,01a0d5d5-3c2d-7447-a205-d4c43a74650a,
生气通天论篇第三,01a0d5d5-3b2c-7663-b470-0cb233452166,22,"，秋为痎疟。秋伤于湿，上逆而欬，发为痿厥。冬伤于寒，春必温病。四时之气，更伤五藏。阴之所生，本在五味，阴之五宫，伤在五味。

是故味过于酸，肝气以",更,geng4,geng1 | geng4,polyphone,01a0d5d5-3c2d-7447-a205-d4c553eb750b,
生气通天论篇第三,01a0d5d5-3b2c-7663-b470-0cb233452166,22,"痎疟。秋伤于湿，上逆而欬，发为痿厥。冬伤于寒，春必温病。四时之气，更伤五藏。阴之所生，本在五味，阴之五宫，伤在五味。

是故味过于酸，肝气以津，脾",藏,cang2,cang2 | zang1 | zang4,polyphone,01a0d5d5-3c2d-7447-a205-d4c6aaefd202,
生气通天论篇第三,01a0d5d5-3b2c-7663-b470-0cb3ffed2bba,23,"秋伤于湿，上逆而欬，发为痿厥。冬伤于寒，春必温病。四时之气，更伤五藏。阴之所生，本在五味，阴之五宫，伤在五味。

是故味过于酸，肝气以津，脾气乃绝",之,zhi1,zhi1 | zhi4 | zhu1,polyphone,01a0d5d5-3c30-7041-8cfc-10be810cdf1e,
生气通天论篇第三,01a0d5d5-3b2c-7663-b470-0cb3ffed2bba,23,"，上逆而欬，发为痿厥。冬伤于寒，春必温病。四时之气，更伤五藏。阴之所生，本在五味，阴之五宫，伤在五味。

是故味过于酸，肝气以津，脾气乃绝。味过于",本,ben3,ben1 | ben3,polyphone,01a0d5d5-3c30-7041-8cfc-10bfa63723cd,
生气通天论篇第三,01a0d5d5-3b2c-7663-b470-0cb3ffed2bba,23,"而欬，发为痿厥。冬伤于寒，春必温病。四时之气，更伤五藏。阴之所生，本在五味，阴之五宫，伤在五味。

是故味过于酸，肝气以津，脾气乃绝。味过于咸，大",味,wei4,mei4 | wei4,polyphone,01a0d5d5-3c30-7041-8cfc-10c084a1fe56,
生气通天论篇第三,01a0d5d5-3b2c-7663-b470-0cb3ffed2bba,23,"发为痿厥。冬伤于寒，春必温病。四时之气，更伤五藏。阴之所生，本在五味，阴之五宫，伤在五味。

是故味过于酸，肝气以津，脾气乃绝。味过于咸，大骨气劳",之,zhi1,zhi1 | zhi4 | zhu1,polyphone,01a0d5d5-3c30-7041-8cfc-10c197f7bb77,
生气通天论篇第三,01a0d5d5-3b2c-7663-b470-0cb3ffed2bba,23,"于寒，春必温病。四时之气，更伤五藏。阴之所生，本在五味，阴之五宫，伤在五味。

是故味过于酸，肝气以津，脾气乃绝。味过于咸，大骨气劳，短肌，心气抑",味,wei4,mei4 | wei4,polyphone,01a0d5d5-3c30-7041-8cfc-10c2ea9958ad,
生气通天论篇第三,01a0d5d5-3b2c-7663-b470-0cb3ffed2bba,23,"必温病。四时之气，更伤五藏。阴之所生，本在五味，阴之五宫，伤在五味。

是故味过于酸，肝气以津，脾气乃绝。味过于咸，大骨气劳，短肌，心气抑。味过于",是,shi4,shi4 | ti2,polyphone,01a0d5d5-3c30-7041-8cfc-10c3010ca105,
生气通天论篇第三,01a0d5d5-3b2c-7663-b470-0cb3ffed2bba,23,"病。四时之气，更伤五藏。阴之所生，本在五味，阴之五宫，伤在五味。

是故味过于酸，肝气以津，脾气乃绝。味过于咸，大骨气劳，短肌，心气抑。味过于甘，",味,wei4,mei4 | wei4,polyphone,01a0d5d5-3c30-7041-8cfc-10c440f05fdf,
生气通天论篇第三,01a0d5d5-3b2c-7663-b470-0cb3ffed2bba,23,"。四时之气，更伤五藏。阴之所生，本在五味，阴之五宫，伤在五味。

是故味过于酸，肝气以津，脾气乃绝。味过于咸，大骨气劳，短肌，心气抑。味过于甘，心",过,guo4,guo1 | guo4,polyphone,01a0d5d5-3c30-7041-8cfc-10c5e31223b6,
生气通天论篇第三,01a0d5d5-3b2c-7663-b470-0cb3ffed2bba,23,"四时之气，更伤五藏。阴之所生，本在五味，阴之五宫，伤在五味。

是故味过于酸，肝气以津，脾气乃绝。味过于咸，大骨气劳，短肌，心气抑。味过于甘，心气",于,yu2,wei2 | xu1 | yu1 | yu2,polyphone,01a0d5d5-3c31-725b-a2ab-32bdf5c8aac2,
生气通天论篇第三,01a0d5d5-3b2c-7663-b470-0cb3ffed2bba,23,"，更伤五藏。阴之所生，本在五味，阴之五宫，伤在五味。

是故味过于酸，肝气以津，脾气乃绝。味过于咸，大骨气劳，短肌，心气抑。味过于甘，心气喘满，色",气,qi4,qi3 | qi4,polyphone,01a0d5d5-3c31-725b-a2ab-32bee31bbaa6,
生气通天论篇第三,01a0d5d5-3b2c-7663-b470-0cb3ffed2bba,23,"更伤五藏。阴之所生，本在五味，阴之五宫，伤在五味。

是故味过于酸，肝气以津，脾气乃绝。味过于咸，大骨气劳，短肌，心气抑。味过于甘，心气喘满，色黑",以,yi3,si4 | yi3,polyphone,01a0d5d5-3c31-725b-a2ab-32bf2a92d72d,
生气通天论篇第三,01a0d5d5-3b2c-7663-b470-0cb3ffed2bba,23,"藏。阴之所生，本在五味，阴之五宫，伤在五味。

是故味过于酸，肝气以津，脾气乃绝。味过于咸，大骨气劳，短肌，心气抑。味过于甘，心气喘满，色黑，肾气",脾,pi2,bi4 | pai2 | pi2 | pi4,polyphone,01a0d5d5-3c31-725b-a2ab-32c0f657ac56,
生气通天论篇第三,01a0d5d5-3b2c-7663-b470-0cb3ffed2bba,23,"。阴之所生，本在五味，阴之五宫，伤在五味。

是故味过于酸，肝气以津，脾气乃绝。味过于咸，大骨气劳，短肌，心气抑。味过于甘，心气喘满，色黑，肾气不",气,qi4,qi3 | qi4,polyphone,01a0d5d5-3c31-725b-a2ab-32c1f8ffd7d9,
生气通天论篇第三,01a0d5d5-3b2c-7663-b470-0cb3ffed2bba,23,"阴之所生，本在五味，阴之五宫，伤在五味。

是故味过于酸，肝气以津，脾气乃绝。味过于咸，大骨气劳，短肌，心气抑。味过于甘，心气喘满，色黑，肾气不衡",乃,nai3,ai3 | nai3,polyphone,01a0d5d5-3c31-725b-a2ab-32c2f6990078,
生气通天论篇第三,01a0d5d5-3b2c-7663-b470-0cb3ffed2bba,23,"生，本在五味，阴之五宫，伤在五味。

是故味过于酸，肝气以津，脾气乃绝。味过于咸，大骨气劳，短肌，心气抑。味过于甘，心气喘满，色黑，肾气不衡。味过",味,wei4,mei4 | wei4,polyphone,01a0d5d5-3c31-725b-a2ab-32c3929b444d,
生气通天论篇第三,01a0d5d5-3b2c-7663-b470-0cb3ffed2bba,23,"，本在五味，阴之五宫，伤在五味。

是故味过于酸，肝气以津，脾气乃绝。味过于咸，大骨气劳，短肌，心气抑。味过于甘，心气喘满，色黑，肾气不衡。味过于",过,guo4,guo1 | guo4,polyphone,01a0d5d5-3c31-725b-a2ab-32c49ef186c6,
生气通天论篇第三,01a0d5d5-3b2c-7663-b470-0cb3ffed2bba,23,"本在五味，阴之五宫，伤在五味。

是故味过于酸，肝气以津，脾气乃绝。味过于咸，大骨气劳，短肌，心气抑。味过于甘，心气喘满，色黑，肾气不衡。味过于苦",于,yu2,wei2 | xu1 | yu1 | yu2,polyphone,01a0d5d5-3c31-725b-a2ab-32c54d9735dc,
生气通天论篇第三,01a0d5d5-3b2c-7663-b470-0cb3ffed2bba,23,"在五味，阴之五宫，伤在五味。

是故味过于酸，肝气以津，脾气乃绝。味过于咸，大骨气劳，短肌，心气抑。味过于甘，心气喘满，色黑，肾气不衡。味过于苦，",咸,xian2,jian1 | jian3 | xian2,polyphone,01a0d5d5-3c31-725b-a2ab-32c6ce5e85fa,
生气通天论篇第三,01a0d5d5-3b2c-7663-b470-0cb3ffed2bba,23,"味，阴之五宫，伤在五味。

是故味过于酸，肝气以津，脾气乃绝。味过于咸，大骨气劳，短肌，心气抑。味过于甘，心气喘满，色黑，肾气不衡。味过于苦，脾气",大,da4,da4 | dai4 | tai4,polyphone,01a0d5d5-3c31-725b-a2ab-32c758c701a8,
生气通天论篇第三,01a0d5d5-3b2c-7663-b470-0cb3ffed2bba,23,"，阴之五宫，伤在五味。

是故味过于酸，肝气以津，脾气乃绝。味过于咸，大骨气劳，短肌，心气抑。味过于甘，心气喘满，色黑，肾气不衡。味过于苦，脾气不",骨,gu3,gu1 | gu2 | gu3,polyphone,01a0d5d5-3c31-725b-a2ab-32c849a32b84,
生气通天论篇第三,01a0d5d5-3b2c-7663-b470-0cb3ffed2bba,23,"阴之五宫，伤在五味。

是故味过于酸，肝气以津，脾气乃绝。味过于咸，大骨气劳，短肌，心气抑。味过于甘，心气喘满，色黑，肾气不衡。味过于苦，脾气不濡",气,qi4,qi3 | qi4,polyphone,01a0d5d5-3c31-725b-a2ab-32c9fa3382e0,
生气通天论篇第三,01a0d5d5-3b2c-7663-b470-0cb3ffed2bba,23,"，伤在五味。

是故味过于酸，肝气以津，脾气乃绝。味过于咸，大骨气劳，短肌，心气抑。味过于甘，心气喘满，色黑，肾气不衡。味过于苦，脾气不濡，胃气乃",肌,ji1,ji1 | ji4,polyphone,01a0d5d5-3c31-725b-a2ab-32ca5c424cf7,
生气通天论篇第三,01a0d5d5-3b2c-7663-b470-0cb3ffed2bba,23,"五味。

是故味过于酸，肝气以津，脾气乃绝。味过于咸，大骨气劳，短肌，心气抑。味过于甘，心气喘满，色黑，肾气不衡。味过于苦，脾气不濡，胃气乃厚。味",气,qi4,qi3 | qi4,polyphone,01a0d5d5-3c31-725b-a2ab-32cbef17edfd,
生气通天论篇第三,01a0d5d5-3b2c-7663-b470-0cb3ffed2bba,23,"

是故味过于酸，肝气以津，脾气乃绝。味过于咸，大骨气劳，短肌，心气抑。味过于甘，心气喘满，色黑，肾气不衡。味过于苦，脾气不濡，胃气乃厚。味过于辛",味,wei4,mei4 | wei4,polyphone,01a0d5d5-3c31-725b-a2ab-32cc2b3e443f,
生气通天论篇第三,01a0d5d5-3b2c-7663-b470-0cb3ffed2bba,23,"
是故味过于酸，肝气以津，脾气乃绝。味过于咸，大骨气劳，短肌，心气抑。味过于甘，心气喘满，色黑，肾气不衡。味过于苦，脾气不濡，胃气乃厚。味过于辛，",过,guo4,guo1 | guo4,polyphone,01a0d5d5-3c31-725b-a2ab-32cda2a1d16c,
生气通天论篇第三,01a0d5d5-3b2c-7663-b470-0cb3ffed2bba,23,是故味过于酸，肝气以津，脾气乃绝。味过于咸，大骨气劳，短肌，心气抑。味过于甘，心气喘满，色黑，肾气不衡。味过于苦，脾气不濡，胃气乃厚。味过于辛，筋,于,yu2,wei2 | xu1 | yu1 | yu2,polyphone,01a0d5d5-3c31-725b-a2ab-32ce81213f18,
生气通天论篇第三,01a0d5d5-3b2c-7663-b470-0cb3ffed2bba,23,故味过于酸，肝气以津，脾气乃绝。味过于咸，大骨气劳，短肌，心气抑。味过于甘，心气喘满，色黑，肾气不衡。味过于苦，脾气不濡，胃气乃厚。味过于辛，筋脉,甘,gan1,gan1 | han1,polyphone,01a0d5d5-3c31-725b-a2ab-32cffef19476,
生气通天论篇第三,01a0d5d5-3b2c-7663-b470-0cb3ffed2bba,23,于酸，肝气以津，脾气乃绝。味过于咸，大骨气劳，短肌，心气抑。味过于甘，心气喘满，色黑，肾气不衡。味过于苦，脾气不濡，胃气乃厚。味过于辛，筋脉沮弛，,气,qi4,qi3 | qi4,polyphone,01a0d5d5-3c31-725b-a2ab-32d0e4bb9055,
生气通天论篇第三,01a0d5d5-3b2c-7663-b470-0cb3ffed2bba,23,气以津，脾气乃绝。味过于咸，大骨气劳，短肌，心气抑。味过于甘，心气喘满，色黑，肾气不衡。味过于苦，脾气不濡，胃气乃厚。味过于辛，筋脉沮弛，精神乃央,色,se4,se4 | shai3,polyphone,01a0d5d5-3c31-725b-a2ab-32d1de76aa18,
生气通天论篇第三,01a0d5d5-3b2c-7663-b470-0cb3ffed2bba,23,脾气乃绝。味过于咸，大骨气劳，短肌，心气抑。味过于甘，心气喘满，色黑，肾气不衡。味过于苦，脾气不濡，胃气乃厚。味过于辛，筋脉沮弛，精神乃央。是故谨,气,qi4,qi3 | qi4,polyphone,01a0d5d5-3c31-725b-a2ab-32d298910282,
生气通天论篇第三,01a0d5d5-3b2c-7663-b470-0cb3ffed2bba,23,气乃绝。味过于咸，大骨气劳，短肌，心气抑。味过于甘，心气喘满，色黑，肾气不衡。味过于苦，脾气不濡，胃气乃厚。味过于辛，筋脉沮弛，精神乃央。是故谨和,不,bu4,bu2 | bu4 | fou1 | fou3 | fu1,polyphone,01a0d5d5-3c31-725b-a2ab-32d375602cd9,
生气通天论篇第三,01a0d5d5-3b2c-7663-b470-0cb435fe111b,24,。味过于咸，大骨气劳，短肌，心气抑。味过于甘，心气喘满，色黑，肾气不衡。味过于苦，脾气不濡，胃气乃厚。味过于辛，筋脉沮弛，精神乃央。是故谨和五味，,味,wei4,mei4 | wei4,polyphone,01a0d5d5-3c33-7484-8e72-b8e84f1bb679,
生气通天论篇第三,01a0d5d5-3b2c-7663-b470-0cb435fe111b,24,味过于咸，大骨气劳，短肌，心气抑。味过于甘，心气喘满，色黑，肾气不衡。味过于苦，脾气不濡，胃气乃厚。味过于辛，筋脉沮弛，精神乃央。是故谨和五味，骨,过,guo4,guo1 | guo4,polyphone,01a0d5d5-3c33-7484-8e72-b8e90218178f,
生气通天论篇第三,01a0d5d5-3b2c-7663-b470-0cb435fe111b,24,过于咸，大骨气劳，短肌，心气抑。味过于甘，心气喘满，色黑，肾气不衡。味过于苦，脾气不濡，胃气乃厚。味过于辛，筋脉沮弛，精神乃央。是故谨和五味，骨正,于,yu2,wei2 | xu1 | yu1 | yu2,polyphone,01a0d5d5-3c33-7484-8e72-b8ea52562b4a,
生气通天论篇第三,01a0d5d5-3b2c-7663-b470-0cb435fe111b,24,于咸，大骨气劳，短肌，心气抑。味过于甘，心气喘满，色黑，肾气不衡。味过于苦，脾气不濡，胃气乃厚。味过于辛，筋脉沮弛，精神乃央。是故谨和五味，骨正筋,苦,ku3,gu3 | hu4 | ku3,polyphone,01a0d5d5-3c33-7484-8e72-b8eb73bd959f,
生气通天论篇第三,01a0d5d5-3b2c-7663-b470-0cb435fe111b,24,，大骨气劳，短肌，心气抑。味过于甘，心气喘满，色黑，肾气不衡。味过于苦，脾气不濡，胃气乃厚。味过于辛，筋脉沮弛，精神乃央。是故谨和五味，骨正筋柔，,脾,pi2,bi4 | pai2 | pi2 | pi4,polyphone,01a0d5d5-3c33-7484-8e72-b8ec65642100,
生气通天论篇第三,01a0d5d5-3b2c-7663-b470-0cb435fe111b,24,大骨气劳，短肌，心气抑。味过于甘，心气喘满，色黑，肾气不衡。味过于苦，脾气不濡，胃气乃厚。味过于辛，筋脉沮弛，精神乃央。是故谨和五味，骨正筋柔，气,气,qi4,qi3 | qi4,polyphone,01a0d5d5-3c33-7484-8e72-b8ed4af8fe6b,
生气通天论篇第三,01a0d5d5-3b2c-7663-b470-0cb435fe111b,24,骨气劳，短肌，心气抑。味过于甘，心气喘满，色黑，肾气不衡。味过于苦，脾气不濡，胃气乃厚。味过于辛，筋脉沮弛，精神乃央。是故谨和五味，骨正筋柔，气血,不,bu4,bu2 | bu4 | fou1 | fou3 | fu1,polyphone,01a0d5d5-3c33-7484-8e72-b8ee2cba58ff,
生气通天论篇第三,01a0d5d5-3b2c-7663-b470-0cb435fe111b,24,气劳，短肌，心气抑。味过于甘，心气喘满，色黑，肾气不衡。味过于苦，脾气不濡，胃气乃厚。味过于辛，筋脉沮弛，精神乃央。是故谨和五味，骨正筋柔，气血以,濡,ru2,er2 | nuan2 | nuo4 | ru2 | ruan3,polyphone,01a0d5d5-3c33-7484-8e72-b8ef9bbf6332,
生气通天论篇第三,01a0d5d5-3b2c-7663-b470-0cb435fe111b,24,短肌，心气抑。味过于甘，心气喘满，色黑，肾气不衡。味过于苦，脾气不濡，胃气乃厚。味过于辛，筋脉沮弛，精神乃央。是故谨和五味，骨正筋柔，气血以流，凑,气,qi4,qi3 | qi4,polyphone,01a0d5d5-3c33-7484-8e72-b8f05bb6f770,
生气通天论篇第三,01a0d5d5-3b2c-7663-b470-0cb435fe111b,24,肌，心气抑。味过于甘，心气喘满，色黑，肾气不衡。味过于苦，脾气不濡，胃气乃厚。味过于辛，筋脉沮弛，精神乃央。是故谨和五味，骨正筋柔，气血以流，凑理,乃,nai3,ai3 | nai3,polyphone,01a0d5d5-3c33-7484-8e72-b8f137a9e5d6,
生气通天论篇第三,01a0d5d5-3b2c-7663-b470-0cb435fe111b,24,气抑。味过于甘，心气喘满，色黑，肾气不衡。味过于苦，脾气不濡，胃气乃厚。味过于辛，筋脉沮弛，精神乃央。是故谨和五味，骨正筋柔，气血以流，凑理以密，,味,wei4,mei4 | wei4,polyphone,01a0d5d5-3c33-7484-8e72-b8f20586486f,
生气通天论篇第三,01a0d5d5-3b2c-7663-b470-0cb435fe111b,24,抑。味过于甘，心气喘满，色黑，肾气不衡。味过于苦，脾气不濡，胃气乃厚。味过于辛，筋脉沮弛，精神乃央。是故谨和五味，骨正筋柔，气血以流，凑理以密，如,过,guo4,guo1 | guo4,polyphone,01a0d5d5-3c33-7484-8e72-b8f3ab045909,
生气通天论篇第三,01a0d5d5-3b2c-7663-b470-0cb435fe111b,24,。味过于甘，心气喘满，色黑，肾气不衡。味过于苦，脾气不濡，胃气乃厚。味过于辛，筋脉沮弛，精神乃央。是故谨和五味，骨正筋柔，气血以流，凑理以密，如是,于,yu2,wei2 | xu1 | yu1 | yu2,polyphone,01a0d5d5-3c33-7484-8e72-b8f427ba8e33,
生气通天论篇第三,01a0d5d5-3b2c-7663-b470-0cb435fe111b,24,于甘，心气喘满，色黑，肾气不衡。味过于苦，脾气不濡，胃气乃厚。味过于辛，筋脉沮弛，精神乃央。是故谨和五味，骨正筋柔，气血以流，凑理以密，如是则骨气,筋,jin1,jin1 | qian2,polyphone,01a0d5d5-3c33-7484-8e72-b8f537aebb8f,
生气通天论篇第三,01a0d5d5-3b2c-7663-b470-0cb435fe111b,24,甘，心气喘满，色黑，肾气不衡。味过于苦，脾气不濡，胃气乃厚。味过于辛，筋脉沮弛，精神乃央。是故谨和五味，骨正筋柔，气血以流，凑理以密，如是则骨气以,脉,mai4,mai4 | mo4,polyphone,01a0d5d5-3c33-7484-8e72-b8f619718cbf,
生气通天论篇第三,01a0d5d5-3b2c-7663-b470-0cb435fe111b,24,，心气喘满，色黑，肾气不衡。味过于苦，脾气不濡，胃气乃厚。味过于辛，筋脉沮弛，精神乃央。是故谨和五味，骨正筋柔，气血以流，凑理以密，如是则骨气以精,沮,ju3,jian1 | ju1 | ju3 | ju4 | zu3,polyphone,01a0d5d5-3c33-7484-8e72-b8f79fab2b32,
生气通天论篇第三,01a0d5d5-3b2c-7663-b470-0cb435fe111b,24,喘满，色黑，肾气不衡。味过于苦，脾气不濡，胃气乃厚。味过于辛，筋脉沮弛，精神乃央。是故谨和五味，骨正筋柔，气血以流，凑理以密，如是则骨气以精，谨道,精,jing1,jing1 | jing4 | qing2,polyphone,01a0d5d5-3c33-7484-8e72-b8f88e9fbf7d,
生气通天论篇第三,01a0d5d5-3b2c-7663-b470-0cb435fe111b,24,满，色黑，肾气不衡。味过于苦，脾气不濡，胃气乃厚。味过于辛，筋脉沮弛，精神乃央。是故谨和五味，骨正筋柔，气血以流，凑理以密，如是则骨气以精，谨道如,神,shen2,shen1 | shen2,polyphone,01a0d5d5-3c33-7484-8e72-b8f97aecc281,
生气通天论篇第三,01a0d5d5-3b2c-7663-b470-0cb435fe111b,24,，色黑，肾气不衡。味过于苦，脾气不濡，胃气乃厚。味过于辛，筋脉沮弛，精神乃央。是故谨和五味，骨正筋柔，气血以流，凑理以密，如是则骨气以精，谨道如法,乃,nai3,ai3 | nai3,polyphone,01a0d5d5-3c33-7484-8e72-b8fae25fdec3,
生气通天论篇第三,01a0d5d5-3b2c-7663-b470-0cb435fe111b,24,色黑，肾气不衡。味过于苦，脾气不濡，胃气乃厚。味过于辛，筋脉沮弛，精神乃央。是故谨和五味，骨正筋柔，气血以流，凑理以密，如是则骨气以精，谨道如法，,央,yang1,yang1 | ying1,polyphone,01a0d5d5-3c33-7484-8e72-b8fbc54a8063,
生气通天论篇第三,01a0d5d5-3b2c-7663-b470-0cb53e9c351b,25,，肾气不衡。味过于苦，脾气不濡，胃气乃厚。味过于辛，筋脉沮弛，精神乃央。是故谨和五味，骨正筋柔，气血以流，凑理以密，如是则骨气以精，谨道如法，长有,是,shi4,shi4 | ti2,polyphone,01a0d5d5-3c35-72bb-8c75-b99657aacf93,
生气通天论篇第三,01a0d5d5-3b2c-7663-b470-0cb53e9c351b,25,不衡。味过于苦，脾气不濡，胃气乃厚。味过于辛，筋脉沮弛，精神乃央。是故谨和五味，骨正筋柔，气血以流，凑理以密，如是则骨气以精，谨道如法，长有天命。,和,he2,he2 | he4 | hu2 | huo2 | huo4,polyphone,01a0d5d5-3c35-72bb-8c75-b997b57a9a35,
生气通天论篇第三,01a0d5d5-3b2c-7663-b470-0cb53e9c351b,25,。味过于苦，脾气不濡，胃气乃厚。味过于辛，筋脉沮弛，精神乃央。是故谨和五味，骨正筋柔，气血以流，凑理以密，如是则骨气以精，谨道如法，长有天命。,味,wei4,mei4 | wei4,polyphone,01a0d5d5-3c35-72bb-8c75-b998b703b32d,
生气通天论篇第三,01a0d5d5-3b2c-7663-b470-0cb53e9c351b,25,过于苦，脾气不濡，胃气乃厚。味过于辛，筋脉沮弛，精神乃央。是故谨和五味，骨正筋柔，气血以流，凑理以密，如是则骨气以精，谨道如法，长有天命。,骨,gu3,gu1 | gu2 | gu3,polyphone,01a0d5d5-3c35-72bb-8c75-b999162acfb5,
生气通天论篇第三,01a0d5d5-3b2c-7663-b470-0cb53e9c351b,25,于苦，脾气不濡，胃气乃厚。味过于辛，筋脉沮弛，精神乃央。是故谨和五味，骨正筋柔，气血以流，凑理以密，如是则骨气以精，谨道如法，长有天命。,正,zheng4,zheng1 | zheng4,polyphone,01a0d5d5-3c35-72bb-8c75-b99a954afa84,
生气通天论篇第三,01a0d5d5-3b2c-7663-b470-0cb53e9c351b,25,苦，脾气不濡，胃气乃厚。味过于辛，筋脉沮弛，精神乃央。是故谨和五味，骨正筋柔，气血以流，凑理以密，如是则骨气以精，谨道如法，长有天命。,筋,jin1,jin1 | qian2,polyphone,01a0d5d5-3c35-72bb-8c75-b99bb81ac013,
生气通天论篇第三,01a0d5d5-3b2c-7663-b470-0cb53e9c351b,25,气不濡，胃气乃厚。味过于辛，筋脉沮弛，精神乃央。是故谨和五味，骨正筋柔，气血以流，凑理以密，如是则骨气以精，谨道如法，长有天命。,气血,qi4 xue4,qi4 xue4,medical_term,01a0d5d5-3c35-72bb-8c75-b99c380929e9,
生气通天论篇第三,01a0d5d5-3b2c-7663-b470-0cb53e9c351b,25,濡，胃气乃厚。味过于辛，筋脉沮弛，精神乃央。是故谨和五味，骨正筋柔，气血以流，凑理以密，如是则骨气以精，谨道如法，长有天命。,以,yi3,si4 | yi3,polyphone,01a0d5d5-3c35-72bb-8c75-b99d679a00c8,
生气通天论篇第三,01a0d5d5-3b2c-7663-b470-0cb53e9c351b,25,厚。味过于辛，筋脉沮弛，精神乃央。是故谨和五味，骨正筋柔，气血以流，凑理以密，如是则骨气以精，谨道如法，长有天命。,以,yi3,si4 | yi3,polyphone,01a0d5d5-3c35-72bb-8c75-b99e6fbafc0b,
生气通天论篇第三,01a0d5d5-3b2c-7663-b470-0cb53e9c351b,25,于辛，筋脉沮弛，精神乃央。是故谨和五味，骨正筋柔，气血以流，凑理以密，如是则骨气以精，谨道如法，长有天命。,是,shi4,shi4 | ti2,polyphone,01a0d5d5-3c35-72bb-8c75-b99ff1ee3b11,
生气通天论篇第三,01a0d5d5-3b2c-7663-b470-0cb53e9c351b,25,，筋脉沮弛，精神乃央。是故谨和五味，骨正筋柔，气血以流，凑理以密，如是则骨气以精，谨道如法，长有天命。,骨,gu3,gu1 | gu2 | gu3,polyphone,01a0d5d5-3c35-72bb-8c75-b9a0320830a8,
生气通天论篇第三,01a0d5d5-3b2c-7663-b470-0cb53e9c351b,25,筋脉沮弛，精神乃央。是故谨和五味，骨正筋柔，气血以流，凑理以密，如是则骨气以精，谨道如法，长有天命。,气,qi4,qi3 | qi4,polyphone,01a0d5d5-3c35-72bb-8c75-b9a154050281,
生气通天论篇第三,01a0d5d5-3b2c-7663-b470-0cb53e9c351b,25,脉沮弛，精神乃央。是故谨和五味，骨正筋柔，气血以流，凑理以密，如是则骨气以精，谨道如法，长有天命。,以,yi3,si4 | yi3,polyphone,01a0d5d5-3c35-72bb-8c75-b9a29376e793,
生气通天论篇第三,01a0d5d5-3b2c-7663-b470-0cb53e9c351b,25,沮弛，精神乃央。是故谨和五味，骨正筋柔，气血以流，凑理以密，如是则骨气以精，谨道如法，长有天命。,精,jing1,jing1 | jing4 | qing2,polyphone,01a0d5d5-3c35-72bb-8c75-b9a315c3f87c,
生气通天论篇第三,01a0d5d5-3b2c-7663-b470-0cb53e9c351b,25,精神乃央。是故谨和五味，骨正筋柔，气血以流，凑理以密，如是则骨气以精，谨道如法，长有天命。,道,dao4,dao3 | dao4,polyphone,01a0d5d5-3c35-72bb-8c75-b9a498c3b3ff,
生气通天论篇第三,01a0d5d5-3b2c-7663-b470-0cb53e9c351b,25,。是故谨和五味，骨正筋柔，气血以流，凑理以密，如是则骨气以精，谨道如法，长有天命。,长,zhang3,chang2 | zhang3,polyphone,01a0d5d5-3c35-72bb-8c75-b9a50b5081a2,
生气通天论篇第三,01a0d5d5-3b2c-7663-b470-0cb53e9c351b,25,是故谨和五味，骨正筋柔，气血以流，凑理以密，如是则骨气以精，谨道如法，长有天命。,有,you3,wei3 | you3 | you4,polyphone,01a0d5d5-3c35-72bb-8c75-b9a6f58154fb,
金匮真言论篇第四,01a0d5d5-3b2c-7663-b470-0cb7db713f55,0,黄帝问曰：天有八风，经有五风，何谓？岐伯对曰：八风发邪，以为经风，触五藏，邪气发病。所,有,you3,wei3 | you3 | you4,polyphone,01a0d5d5-3c37-7126-9349-ce1266642557,
金匮真言论篇第四,01a0d5d5-3b2c-7663-b470-0cb7db713f55,0,黄帝问曰：天有八风，经有五风，何谓？岐伯对曰：八风发邪，以为经风，触五藏，邪气发病。所谓,八,ba1,ba1 | ba2,polyphone,01a0d5d5-3c37-7126-9349-ce1387a7361c,
金匮真言论篇第四,01a0d5d5-3b2c-7663-b470-0cb7db713f55,0,黄帝问曰：天有八风，经有五风，何谓？岐伯对曰：八风发邪，以为经风，触五藏，邪气发病。所谓得四时,经,jing1,jing1 | jing4,polyphone,01a0d5d5-3c37-7126-9349-ce14b163564e,
金匮真言论篇第四,01a0d5d5-3b2c-7663-b470-0cb7db713f55,0,黄帝问曰：天有八风，经有五风，何谓？岐伯对曰：八风发邪，以为经风，触五藏，邪气发病。所谓得四时之,有,you3,wei3 | you3 | you4,polyphone,01a0d5d5-3c37-7126-9349-ce157acf3def,
金匮真言论篇第四,01a0d5d5-3b2c-7663-b470-0cb7db713f55,0,黄帝问曰：天有八风，经有五风，何谓？岐伯对曰：八风发邪，以为经风，触五藏，邪气发病。所谓得四时之胜者，春,何,he2,he2 | he4,polyphone,01a0d5d5-3c37-7126-9349-ce163b5f0014,
金匮真言论篇第四,01a0d5d5-3b2c-7663-b470-0cb896f86988,1,黄帝问曰：天有八风，经有五风，何谓？岐伯对曰：八风发邪，以为经风，触五藏，邪气发病。所谓得四时之胜者，春胜长夏，,伯,bo2,ba4 | bai3 | bo2 | mo4,polyphone,01a0d5d5-3c38-761f-8af3-ab684e3eb19e,
金匮真言论篇第四,01a0d5d5-3b2c-7663-b470-0cb896f86988,1,黄帝问曰：天有八风，经有五风，何谓？岐伯对曰：八风发邪，以为经风，触五藏，邪气发病。所谓得四时之胜者，春胜长夏，长夏胜冬,八,ba1,ba1 | ba2,polyphone,01a0d5d5-3c38-761f-8af3-ab6946a09130,
金匮真言论篇第四,01a0d5d5-3b2c-7663-b470-0cb896f86988,1,黄帝问曰：天有八风，经有五风，何谓？岐伯对曰：八风发邪，以为经风，触五藏，邪气发病。所谓得四时之胜者，春胜长夏，长夏胜冬，冬,发,fa1,fa1 | fa4,polyphone,01a0d5d5-3c38-761f-8af3-ab6afa4621da,
金匮真言论篇第四,01a0d5d5-3b2c-7663-b470-0cb896f86988,1,黄帝问曰：天有八风，经有五风，何谓？岐伯对曰：八风发邪，以为经风，触五藏，邪气发病。所谓得四时之胜者，春胜长夏，长夏胜冬，冬胜,邪,xie2,she2 | xie2 | xu2 | ya2 | ye2,polyphone,01a0d5d5-3c38-761f-8af3-ab6bed8795ee,
金匮真言论篇第四,01a0d5d5-3b2c-7663-b470-0cb896f86988,1,黄帝问曰：天有八风，经有五风，何谓？岐伯对曰：八风发邪，以为经风，触五藏，邪气发病。所谓得四时之胜者，春胜长夏，长夏胜冬，冬胜夏，,以,yi3,si4 | yi3,polyphone,01a0d5d5-3c38-761f-8af3-ab6c50c8da33,
金匮真言论篇第四,01a0d5d5-3b2c-7663-b470-0cb896f86988,1,黄帝问曰：天有八风，经有五风，何谓？岐伯对曰：八风发邪，以为经风，触五藏，邪气发病。所谓得四时之胜者，春胜长夏，长夏胜冬，冬胜夏，夏,为,wei2,wei2 | wei4,polyphone,01a0d5d5-3c38-761f-8af3-ab6d492daee4,
金匮真言论篇第四,01a0d5d5-3b2c-7663-b470-0cb896f86988,1,黄帝问曰：天有八风，经有五风，何谓？岐伯对曰：八风发邪，以为经风，触五藏，邪气发病。所谓得四时之胜者，春胜长夏，长夏胜冬，冬胜夏，夏胜,经,jing1,jing1 | jing4,polyphone,01a0d5d5-3c38-761f-8af3-ab6eabb85e1d,
金匮真言论篇第四,01a0d5d5-3b2c-7663-b470-0cb896f86988,1,黄帝问曰：天有八风，经有五风，何谓？岐伯对曰：八风发邪，以为经风，触五藏，邪气发病。所谓得四时之胜者，春胜长夏，长夏胜冬，冬胜夏，夏胜秋，秋胜春,藏,cang2,cang2 | zang1 | zang4,polyphone,01a0d5d5-3c38-761f-8af3-ab6f0cef336d,
金匮真言论篇第四,01a0d5d5-3b2c-7663-b470-0cb896f86988,1,帝问曰：天有八风，经有五风，何谓？岐伯对曰：八风发邪，以为经风，触五藏，邪气发病。所谓得四时之胜者，春胜长夏，长夏胜冬，冬胜夏，夏胜秋，秋胜春。所,邪,xie2,she2 | xie2 | xu2 | ya2 | ye2,polyphone,01a0d5d5-3c38-761f-8af3-ab7068fac93c,
金匮真言论篇第四,01a0d5d5-3b2c-7663-b470-0cb896f86988,1,问曰：天有八风，经有五风，何谓？岐伯对曰：八风发邪，以为经风，触五藏，邪气发病。所谓得四时之胜者，春胜长夏，长夏胜冬，冬胜夏，夏胜秋，秋胜春。所谓,气,qi4,qi3 | qi4,polyphone,01a0d5d5-3c38-761f-8af3-ab71c98be35f,
金匮真言论篇第四,01a0d5d5-3b2c-7663-b470-0cb896f86988,1,曰：天有八风，经有五风，何谓？岐伯对曰：八风发邪，以为经风，触五藏，邪气发病。所谓得四时之胜者，春胜长夏，长夏胜冬，冬胜夏，夏胜秋，秋胜春。所谓四,发,fa1,fa1 | fa4,polyphone,01a0d5d5-3c38-761f-8af3-ab72a4b2c31f,
金匮真言论篇第四,01a0d5d5-3b2c-7663-b470-0cb9f541fb59,2,风，经有五风，何谓？岐伯对曰：八风发邪，以为经风，触五藏，邪气发病。所谓得四时之胜者，春胜长夏，长夏胜冬，冬胜夏，夏胜秋，秋胜春。所谓四时之胜也，,得,de2,de2 | dei3,polyphone,01a0d5d5-3c3a-705f-8dbf-e8430047b291,
金匮真言论篇第四,01a0d5d5-3b2c-7663-b470-0cb9f541fb59,2,有五风，何谓？岐伯对曰：八风发邪，以为经风，触五藏，邪气发病。所谓得四时之胜者，春胜长夏，长夏胜冬，冬胜夏，夏胜秋，秋胜春。所谓四时之胜也，东风生,之,zhi1,zhi1 | zhi4 | zhu1,polyphone,01a0d5d5-3c3a-705f-8dbf-e844331de0db,
金匮真言论篇第四,01a0d5d5-3b2c-7663-b470-0cb9f541fb59,2,五风，何谓？岐伯对曰：八风发邪，以为经风，触五藏，邪气发病。所谓得四时之胜者，春胜长夏，长夏胜冬，冬胜夏，夏胜秋，秋胜春。所谓四时之胜也，东风生于,胜,sheng4,qing4 | sheng1 | sheng4 | xing1,polyphone,01a0d5d5-3c3a-705f-8dbf-e84511201e55,
金匮真言论篇第四,01a0d5d5-3b2c-7663-b470-0cb9f541fb59,2,何谓？岐伯对曰：八风发邪，以为经风，触五藏，邪气发病。所谓得四时之胜者，春胜长夏，长夏胜冬，冬胜夏，夏胜秋，秋胜春。所谓四时之胜也，东风生于春，病,春,chun1,chun1 | chun3,polyphone,01a0d5d5-3c3a-705f-8dbf-e846f420b2ab,
金匮真言论篇第四,01a0d5d5-3b2c-7663-b470-0cb9f541fb59,2,谓？岐伯对曰：八风发邪，以为经风，触五藏，邪气发病。所谓得四时之胜者，春胜长夏，长夏胜冬，冬胜夏，夏胜秋，秋胜春。所谓四时之胜也，东风生于春，病在,胜,sheng4,qing4 | sheng1 | sheng4 | xing1,polyphone,01a0d5d5-3c3a-705f-8dbf-e8473e20186b,
金匮真言论篇第四,01a0d5d5-3b2c-7663-b470-0cb9f541fb59,2,？岐伯对曰：八风发邪，以为经风，触五藏，邪气发病。所谓得四时之胜者，春胜长夏，长夏胜冬，冬胜夏，夏胜秋，秋胜春。所谓四时之胜也，东风生于春，病在肝,长,chang2,chang2 | zhang3,polyphone,01a0d5d5-3c3a-705f-8dbf-e848540137cc,
金匮真言论篇第四,01a0d5d5-3b2c-7663-b470-0cb9f541fb59,2,岐伯对曰：八风发邪，以为经风，触五藏，邪气发病。所谓得四时之胜者，春胜长夏，长夏胜冬，冬胜夏，夏胜秋，秋胜春。所谓四时之胜也，东风生于春，病在肝，,夏,xia4,jia3 | xia4,polyphone,01a0d5d5-3c3a-705f-8dbf-e8492dbc0fbd,
金匮真言论篇第四,01a0d5d5-3b2c-7663-b470-0cb9f541fb59,2,对曰：八风发邪，以为经风，触五藏，邪气发病。所谓得四时之胜者，春胜长夏，长夏胜冬，冬胜夏，夏胜秋，秋胜春。所谓四时之胜也，东风生于春，病在肝，俞在,长,chang2,chang2 | zhang3,polyphone,01a0d5d5-3c3a-705f-8dbf-e84accf02140,
金匮真言论篇第四,01a0d5d5-3b2c-7663-b470-0cb9f541fb59,2,曰：八风发邪，以为经风，触五藏，邪气发病。所谓得四时之胜者，春胜长夏，长夏胜冬，冬胜夏，夏胜秋，秋胜春。所谓四时之胜也，东风生于春，病在肝，俞在颈,夏,xia4,jia3 | xia4,polyphone,01a0d5d5-3c3a-705f-8dbf-e84beb1ff64b,
金匮真言论篇第四,01a0d5d5-3b2c-7663-b470-0cb9f541fb59,2,：八风发邪，以为经风，触五藏，邪气发病。所谓得四时之胜者，春胜长夏，长夏胜冬，冬胜夏，夏胜秋，秋胜春。所谓四时之胜也，东风生于春，病在肝，俞在颈项,胜,sheng4,qing4 | sheng1 | sheng4 | xing1,polyphone,01a0d5d5-3c3a-705f-8dbf-e84cd48d2603,
金匮真言论篇第四,01a0d5d5-3b2c-7663-b470-0cb9f541fb59,2,"邪，以为经风，触五藏，邪气发病。所谓得四时之胜者，春胜长夏，长夏胜冬，冬胜夏，夏胜秋，秋胜春。所谓四时之胜也，东风生于春，病在肝，俞在颈项；
南风",胜,sheng4,qing4 | sheng1 | sheng4 | xing1,polyphone,01a0d5d5-3c3a-705f-8dbf-e84df62493fa,
金匮真言论篇第四,01a0d5d5-3b2c-7663-b470-0cb9f541fb59,2,"，以为经风，触五藏，邪气发病。所谓得四时之胜者，春胜长夏，长夏胜冬，冬胜夏，夏胜秋，秋胜春。所谓四时之胜也，东风生于春，病在肝，俞在颈项；
南风生",夏,xia4,jia3 | xia4,polyphone,01a0d5d5-3c3a-705f-8dbf-e84ee68e7c96,
金匮真言论篇第四,01a0d5d5-3b2c-7663-b470-0cb9f541fb59,2,"为经风，触五藏，邪气发病。所谓得四时之胜者，春胜长夏，长夏胜冬，冬胜夏，夏胜秋，秋胜春。所谓四时之胜也，东风生于春，病在肝，俞在颈项；
南风生于夏",夏,xia4,jia3 | xia4,polyphone,01a0d5d5-3c3a-705f-8dbf-e84f64d7217a,
金匮真言论篇第四,01a0d5d5-3b2c-7663-b470-0cb9f541fb59,2,"经风，触五藏，邪气发病。所谓得四时之胜者，春胜长夏，长夏胜冬，冬胜夏，夏胜秋，秋胜春。所谓四时之胜也，东风生于春，病在肝，俞在颈项；
南风生于夏，",胜,sheng4,qing4 | sheng1 | sheng4 | xing1,polyphone,01a0d5d5-3c3a-705f-8dbf-e8504a52d373,
金匮真言论篇第四,01a0d5d5-3b2c-7663-b470-0cb9f541fb59,2,"五藏，邪气发病。所谓得四时之胜者，春胜长夏，长夏胜冬，冬胜夏，夏胜秋，秋胜春。所谓四时之胜也，东风生于春，病在肝，俞在颈项；
南风生于夏，病在心，",胜,sheng4,qing4 | sheng1 | sheng4 | xing1,polyphone,01a0d5d5-3c3a-705f-8dbf-e85123672a97,
金匮真言论篇第四,01a0d5d5-3b2c-7663-b470-0cb9f541fb59,2,"藏，邪气发病。所谓得四时之胜者，春胜长夏，长夏胜冬，冬胜夏，夏胜秋，秋胜春。所谓四时之胜也，东风生于春，病在肝，俞在颈项；
南风生于夏，病在心，俞",春,chun1,chun1 | chun3,polyphone,01a0d5d5-3c3a-705f-8dbf-e852d8dd9a11,
金匮真言论篇第四,01a0d5d5-3b2c-7663-b470-0cba24e18873,3,"。所谓得四时之胜者，春胜长夏，长夏胜冬，冬胜夏，夏胜秋，秋胜春。所谓四时之胜也，东风生于春，病在肝，俞在颈项；
南风生于夏，病在心，俞在胸胁；
西",之,zhi1,zhi1 | zhi4 | zhu1,polyphone,01a0d5d5-3c3d-75fc-9538-d844b7b94353,
金匮真言论篇第四,01a0d5d5-3b2c-7663-b470-0cba24e18873,3,"所谓得四时之胜者，春胜长夏，长夏胜冬，冬胜夏，夏胜秋，秋胜春。所谓四时之胜也，东风生于春，病在肝，俞在颈项；
南风生于夏，病在心，俞在胸胁；
西风",胜,sheng4,qing4 | sheng1 | sheng4 | xing1,polyphone,01a0d5d5-3c3d-75fc-9538-d8458a65a773,
金匮真言论篇第四,01a0d5d5-3b2c-7663-b470-0cba24e18873,3,"谓得四时之胜者，春胜长夏，长夏胜冬，冬胜夏，夏胜秋，秋胜春。所谓四时之胜也，东风生于春，病在肝，俞在颈项；
南风生于夏，病在心，俞在胸胁；
西风生",也,ye3,ye3 | yi2,polyphone,01a0d5d5-3c3d-75fc-9538-d8465bd14ad4,
金匮真言论篇第四,01a0d5d5-3b2c-7663-b470-0cba24e18873,3,"胜者，春胜长夏，长夏胜冬，冬胜夏，夏胜秋，秋胜春。所谓四时之胜也，东风生于春，病在肝，俞在颈项；
南风生于夏，病在心，俞在胸胁；
西风生于秋，病在",于,yu2,wei2 | xu1 | yu1 | yu2,polyphone,01a0d5d5-3c3d-75fc-9538-d84728a2908b,
金匮真言论篇第四,01a0d5d5-3b2c-7663-b470-0cba24e18873,3,"者，春胜长夏，长夏胜冬，冬胜夏，夏胜秋，秋胜春。所谓四时之胜也，东风生于春，病在肝，俞在颈项；
南风生于夏，病在心，俞在胸胁；
西风生于秋，病在肺",春,chun1,chun1 | chun3,polyphone,01a0d5d5-3c3d-75fc-9538-d848f5cc9cfe,
金匮真言论篇第四,01a0d5d5-3b2c-7663-b470-0cba24e18873,3,"夏胜冬，冬胜夏，夏胜秋，秋胜春。所谓四时之胜也，东风生于春，病在肝，俞在颈项；
南风生于夏，病在心，俞在胸胁；
西风生于秋，病在肺，俞在肩背；
北",颈,jing3,geng3 | jing3,polyphone,01a0d5d5-3c3d-75fc-9538-d84acd79dac3,
金匮真言论篇第四,01a0d5d5-3b2c-7663-b470-0cba24e18873,3,"冬胜夏，夏胜秋，秋胜春。所谓四时之胜也，东风生于春，病在肝，俞在颈项；
南风生于夏，病在心，俞在胸胁；
西风生于秋，病在肺，俞在肩背；
北风生于冬",南,nan2,na1 | nan2,polyphone,01a0d5d5-3c3d-75fc-9538-d84b76f0d242,
金匮真言论篇第四,01a0d5d5-3b2c-7663-b470-0cba24e18873,3,"，夏胜秋，秋胜春。所谓四时之胜也，东风生于春，病在肝，俞在颈项；
南风生于夏，病在心，俞在胸胁；
西风生于秋，病在肺，俞在肩背；
北风生于冬，病在",于,yu2,wei2 | xu1 | yu1 | yu2,polyphone,01a0d5d5-3c3d-75fc-9538-d84cc2d832b9,
金匮真言论篇第四,01a0d5d5-3b2c-7663-b470-0cba24e18873,3,"夏胜秋，秋胜春。所谓四时之胜也，东风生于春，病在肝，俞在颈项；
南风生于夏，病在心，俞在胸胁；
西风生于秋，病在肺，俞在肩背；
北风生于冬，病在肾",夏,xia4,jia3 | xia4,polyphone,01a0d5d5-3c3d-75fc-9538-d84d86ee9896,
金匮真言论篇第四,01a0d5d5-3b2c-7663-b470-0cba24e18873,3,"，东风生于春，病在肝，俞在颈项；
南风生于夏，病在心，俞在胸胁；
西风生于秋，病在肺，俞在肩背；
北风生于冬，病在肾，俞在腰股；中央为土，病在脾，",于,yu2,wei2 | xu1 | yu1 | yu2,polyphone,01a0d5d5-3c3d-75fc-9538-d84fd4c83211,
金匮真言论篇第四,01a0d5d5-3b2c-7663-b470-0cba24e18873,3,"春，病在肝，俞在颈项；
南风生于夏，病在心，俞在胸胁；
西风生于秋，病在肺，俞在肩背；
北风生于冬，病在肾，俞在腰股；中央为土，病在脾，俞在脊。
",肺,fei4,fei4 | pei4,polyphone,01a0d5d5-3c3d-75fc-9538-d850a4336cc7,
金匮真言论篇第四,01a0d5d5-3b2c-7663-b470-0cba24e18873,3,"肝，俞在颈项；
南风生于夏，病在心，俞在胸胁；
西风生于秋，病在肺，俞在肩背；
北风生于冬，病在肾，俞在腰股；中央为土，病在脾，俞在脊。
故春气者",肩,jian1,jian1 | xian2,polyphone,01a0d5d5-3c3d-75fc-9538-d852767fb0e2,
金匮真言论篇第四,01a0d5d5-3b2c-7663-b470-0cba24e18873,3,"，俞在颈项；
南风生于夏，病在心，俞在胸胁；
西风生于秋，病在肺，俞在肩背；
北风生于冬，病在肾，俞在腰股；中央为土，病在脾，俞在脊。
故春气者病",背,bei4,bei1 | bei4,polyphone,01a0d5d5-3c3d-75fc-9538-d853d16c27d0,
金匮真言论篇第四,01a0d5d5-3b2c-7663-b470-0cba24e18873,3,"颈项；
南风生于夏，病在心，俞在胸胁；
西风生于秋，病在肺，俞在肩背；
北风生于冬，病在肾，俞在腰股；中央为土，病在脾，俞在脊。
故春气者病在头，",北,bei3,bei3 | bei4,polyphone,01a0d5d5-3c3d-75fc-9538-d854dfd7513a,
金匮真言论篇第四,01a0d5d5-3b2c-7663-b470-0cba24e18873,3,"
南风生于夏，病在心，俞在胸胁；
西风生于秋，病在肺，俞在肩背；
北风生于冬，病在肾，俞在腰股；中央为土，病在脾，俞在脊。
故春气者病在头，夏气者",于,yu2,wei2 | xu1 | yu1 | yu2,polyphone,01a0d5d5-3c3d-75fc-9538-d8552b3b077a,
金匮真言论篇第四,01a0d5d5-3b2c-7663-b470-0cbb6d831352,4,"在胸胁；
西风生于秋，病在肺，俞在肩背；
北风生于冬，病在肾，俞在腰股；中央为土，病在脾，俞在脊。
故春气者病在头，夏气者病在藏，秋气者病在肩背，",中,zhong1,zhong1 | zhong4,polyphone,01a0d5d5-3c3f-716c-bfdf-72220e610500,
金匮真言论篇第四,01a0d5d5-3b2c-7663-b470-0cbb6d831352,4,"胸胁；
西风生于秋，病在肺，俞在肩背；
北风生于冬，病在肾，俞在腰股；中央为土，病在脾，俞在脊。
故春气者病在头，夏气者病在藏，秋气者病在肩背，冬",央,yang1,yang1 | ying1,polyphone,01a0d5d5-3c3f-716c-bfdf-72237735ad4c,
金匮真言论篇第四,01a0d5d5-3b2c-7663-b470-0cbb6d831352,4,"胁；
西风生于秋，病在肺，俞在肩背；
北风生于冬，病在肾，俞在腰股；中央为土，病在脾，俞在脊。
故春气者病在头，夏气者病在藏，秋气者病在肩背，冬气",为,wei4,wei2 | wei4,polyphone,01a0d5d5-3c3f-716c-bfdf-72242f5e80b8,
金匮真言论篇第四,01a0d5d5-3b2c-7663-b470-0cbb6d831352,4,"；
西风生于秋，病在肺，俞在肩背；
北风生于冬，病在肾，俞在腰股；中央为土，病在脾，俞在脊。
故春气者病在头，夏气者病在藏，秋气者病在肩背，冬气者",土,tu3,cha3 | du4 | tu2 | tu3,polyphone,01a0d5d5-3c3f-716c-bfdf-7225b783a927,
金匮真言论篇第四,01a0d5d5-3b2c-7663-b470-0cbb6d831352,4,"生于秋，病在肺，俞在肩背；
北风生于冬，病在肾，俞在腰股；中央为土，病在脾，俞在脊。
故春气者病在头，夏气者病在藏，秋气者病在肩背，冬气者病在四支",脾,pi2,bi4 | pai2 | pi2 | pi4,polyphone,01a0d5d5-3c3f-716c-bfdf-7226066eac28,
金匮真言论篇第四,01a0d5d5-3b2c-7663-b470-0cbb6d831352,4,"病在肺，俞在肩背；
北风生于冬，病在肾，俞在腰股；中央为土，病在脾，俞在脊。
故春气者病在头，夏气者病在藏，秋气者病在肩背，冬气者病在四支。故春善",脊,ji2,ji2 | ji3,polyphone,01a0d5d5-3c3f-716c-bfdf-7228a7263d4b,
金匮真言论篇第四,01a0d5d5-3b2c-7663-b470-0cbb6d831352,4,"俞在肩背；
北风生于冬，病在肾，俞在腰股；中央为土，病在脾，俞在脊。
故春气者病在头，夏气者病在藏，秋气者病在肩背，冬气者病在四支。故春善病鼽衄，",春,chun1,chun1 | chun3,polyphone,01a0d5d5-3c3f-716c-bfdf-7229178b626b,
金匮真言论篇第四,01a0d5d5-3b2c-7663-b470-0cbb6d831352,4,"在肩背；
北风生于冬，病在肾，俞在腰股；中央为土，病在脾，俞在脊。
故春气者病在头，夏气者病在藏，秋气者病在肩背，冬气者病在四支。故春善病鼽衄，仲",气,qi4,qi3 | qi4,polyphone,01a0d5d5-3c3f-716c-bfdf-722af9346580,
金匮真言论篇第四,01a0d5d5-3b2c-7663-b470-0cbb6d831352,4,"风生于冬，病在肾，俞在腰股；中央为土，病在脾，俞在脊。
故春气者病在头，夏气者病在藏，秋气者病在肩背，冬气者病在四支。故春善病鼽衄，仲夏善病胸胁，",夏,xia4,jia3 | xia4,polyphone,01a0d5d5-3c3f-716c-bfdf-722b2f874650,
金匮真言论篇第四,01a0d5d5-3b2c-7663-b470-0cbb6d831352,4,"生于冬，病在肾，俞在腰股；中央为土，病在脾，俞在脊。
故春气者病在头，夏气者病在藏，秋气者病在肩背，冬气者病在四支。故春善病鼽衄，仲夏善病胸胁，长",气,qi4,qi3 | qi4,polyphone,01a0d5d5-3c3f-716c-bfdf-722c0e9c67a9,
金匮真言论篇第四,01a0d5d5-3b2c-7663-b470-0cbb6d831352,4,"，俞在腰股；中央为土，病在脾，俞在脊。
故春气者病在头，夏气者病在藏，秋气者病在肩背，冬气者病在四支。故春善病鼽衄，仲夏善病胸胁，长夏善病洞泄寒中",气,qi4,qi3 | qi4,polyphone,01a0d5d5-3c3f-716c-bfdf-722ee49f45c1,
金匮真言论篇第四,01a0d5d5-3b2c-7663-b470-0cbb6d831352,4,"股；中央为土，病在脾，俞在脊。
故春气者病在头，夏气者病在藏，秋气者病在肩背，冬气者病在四支。故春善病鼽衄，仲夏善病胸胁，长夏善病洞泄寒中，秋善病",肩,jian1,jian1 | xian2,polyphone,01a0d5d5-3c3f-716c-bfdf-722fd87cf426,
金匮真言论篇第四,01a0d5d5-3b2c-7663-b470-0cbb6d831352,4,"；中央为土，病在脾，俞在脊。
故春气者病在头，夏气者病在藏，秋气者病在肩背，冬气者病在四支。故春善病鼽衄，仲夏善病胸胁，长夏善病洞泄寒中，秋善病风",背,bei4,bei1 | bei4,polyphone,01a0d5d5-3c3f-716c-bfdf-7230c4b3ba2d,
金匮真言论篇第四,01a0d5d5-3b2c-7663-b470-0cbb6d831352,4,"为土，病在脾，俞在脊。
故春气者病在头，夏气者病在藏，秋气者病在肩背，冬气者病在四支。故春善病鼽衄，仲夏善病胸胁，长夏善病洞泄寒中，秋善病风疟，冬",气,qi4,qi3 | qi4,polyphone,01a0d5d5-3c3f-716c-bfdf-72316f9c9b9c,
金匮真言论篇第四,01a0d5d5-3b2c-7663-b470-0cbb6d831352,4,"脾，俞在脊。
故春气者病在头，夏气者病在藏，秋气者病在肩背，冬气者病在四支。故春善病鼽衄，仲夏善病胸胁，长夏善病洞泄寒中，秋善病风疟，冬善病痹厥。",支,zhi1,qi2 | zhi1 | zhi4,polyphone,01a0d5d5-3c3f-716c-bfdf-7232bacb9b46,
金匮真言论篇第四,01a0d5d5-3b2c-7663-b470-0cbc4a4d1418,5,"在脊。
故春气者病在头，夏气者病在藏，秋气者病在肩背，冬气者病在四支。故春善病鼽衄，仲夏善病胸胁，长夏善病洞泄寒中，秋善病风疟，冬善病痹厥。
故冬",春,chun1,chun1 | chun3,polyphone,01a0d5d5-3c42-76c4-9bd2-27f464dcc19e,
金匮真言论篇第四,01a0d5d5-3b2c-7663-b470-0cbc4a4d1418,5,"者病在头，夏气者病在藏，秋气者病在肩背，冬气者病在四支。故春善病鼽衄，仲夏善病胸胁，长夏善病洞泄寒中，秋善病风疟，冬善病痹厥。
故冬不按𫏋，春不鼽",夏,xia4,jia3 | xia4,polyphone,01a0d5d5-3c42-76c4-9bd2-27f55d06c049,
金匮真言论篇第四,01a0d5d5-3b2c-7663-b470-0cbc4a4d1418,5,"气者病在藏，秋气者病在肩背，冬气者病在四支。故春善病鼽衄，仲夏善病胸胁，长夏善病洞泄寒中，秋善病风疟，冬善病痹厥。
故冬不按𫏋，春不鼽衄；
春不病",长,zhang3,chang2 | zhang3,polyphone,01a0d5d5-3c42-76c4-9bd2-27f6baa048e8,
金匮真言论篇第四,01a0d5d5-3b2c-7663-b470-0cbc4a4d1418,5,"者病在藏，秋气者病在肩背，冬气者病在四支。故春善病鼽衄，仲夏善病胸胁，长夏善病洞泄寒中，秋善病风疟，冬善病痹厥。
故冬不按𫏋，春不鼽衄；
春不病颈",夏,xia4,jia3 | xia4,polyphone,01a0d5d5-3c42-76c4-9bd2-27f71f4b13c3,
金匮真言论篇第四,01a0d5d5-3b2c-7663-b470-0cbc4a4d1418,5,"藏，秋气者病在肩背，冬气者病在四支。故春善病鼽衄，仲夏善病胸胁，长夏善病洞泄寒中，秋善病风疟，冬善病痹厥。
故冬不按𫏋，春不鼽衄；
春不病颈项，仲",洞,dong4,dong4 | tong2,polyphone,01a0d5d5-3c42-76c4-9bd2-27f88947ffa9,
金匮真言论篇第四,01a0d5d5-3b2c-7663-b470-0cbc4a4d1418,5,"，秋气者病在肩背，冬气者病在四支。故春善病鼽衄，仲夏善病胸胁，长夏善病洞泄寒中，秋善病风疟，冬善病痹厥。
故冬不按𫏋，春不鼽衄；
春不病颈项，仲夏",泄,xie4,xie4 | yi4,polyphone,01a0d5d5-3c42-76c4-9bd2-27f9bdf87c51,
金匮真言论篇第四,01a0d5d5-3b2c-7663-b470-0cbc4a4d1418,5,"气者病在肩背，冬气者病在四支。故春善病鼽衄，仲夏善病胸胁，长夏善病洞泄寒中，秋善病风疟，冬善病痹厥。
故冬不按𫏋，春不鼽衄；
春不病颈项，仲夏不病",中,zhong1,zhong1 | zhong4,polyphone,01a0d5d5-3c42-76c4-9bd2-27fa3e91fab5,
金匮真言论篇第四,01a0d5d5-3b2c-7663-b470-0cbc4a4d1418,5,"，冬气者病在四支。故春善病鼽衄，仲夏善病胸胁，长夏善病洞泄寒中，秋善病风疟，冬善病痹厥。
故冬不按𫏋，春不鼽衄；
春不病颈项，仲夏不病胸胁；
长夏",疟,nve4,nve4 | yao4,polyphone,01a0d5d5-3c42-76c4-9bd2-27fbb8377e21,
金匮真言论篇第四,01a0d5d5-3b2c-7663-b470-0cbc4a4d1418,5,"善病鼽衄，仲夏善病胸胁，长夏善病洞泄寒中，秋善病风疟，冬善病痹厥。
故冬不按𫏋，春不鼽衄；
春不病颈项，仲夏不病胸胁；
长夏不病洞泄寒中，秋不病风",不,bu4,bu2 | bu4 | fou1 | fou3 | fu1,polyphone,01a0d5d5-3c42-76c4-9bd2-27fc6ff3cece,
金匮真言论篇第四,01a0d5d5-3b2c-7663-b470-0cbc4a4d1418,5,"，仲夏善病胸胁，长夏善病洞泄寒中，秋善病风疟，冬善病痹厥。
故冬不按𫏋，春不鼽衄；
春不病颈项，仲夏不病胸胁；
长夏不病洞泄寒中，秋不病风疟；冬不",春,chun1,chun1 | chun3,polyphone,01a0d5d5-3c42-76c4-9bd2-27fe9b0bce0f,
金匮真言论篇第四,01a0d5d5-3b2c-7663-b470-0cbc4a4d1418,5,"仲夏善病胸胁，长夏善病洞泄寒中，秋善病风疟，冬善病痹厥。
故冬不按𫏋，春不鼽衄；
春不病颈项，仲夏不病胸胁；
长夏不病洞泄寒中，秋不病风疟；冬不病",不,bu4,bu2 | bu4 | fou1 | fou3 | fu1,polyphone,01a0d5d5-3c42-76c4-9bd2-27ffa55a2078,
金匮真言论篇第四,01a0d5d5-3b2c-7663-b470-0cbc4a4d1418,5,"胁，长夏善病洞泄寒中，秋善病风疟，冬善病痹厥。
故冬不按𫏋，春不鼽衄；
春不病颈项，仲夏不病胸胁；
长夏不病洞泄寒中，秋不病风疟；冬不病痹厥，飧泄",春,chun1,chun1 | chun3,polyphone,01a0d5d5-3c42-76c4-9bd2-280080a40504,
金匮真言论篇第四,01a0d5d5-3b2c-7663-b470-0cbc4a4d1418,5,"，长夏善病洞泄寒中，秋善病风疟，冬善病痹厥。
故冬不按𫏋，春不鼽衄；
春不病颈项，仲夏不病胸胁；
长夏不病洞泄寒中，秋不病风疟；冬不病痹厥，飧泄而",不,bu4,bu2 | bu4 | fou1 | fou3 | fu1,polyphone,01a0d5d5-3c42-76c4-9bd2-2801ea5d4964,
金匮真言论篇第四,01a0d5d5-3b2c-7663-b470-0cbc4a4d1418,5,"夏善病洞泄寒中，秋善病风疟，冬善病痹厥。
故冬不按𫏋，春不鼽衄；
春不病颈项，仲夏不病胸胁；
长夏不病洞泄寒中，秋不病风疟；冬不病痹厥，飧泄而汗出",颈,jing3,geng3 | jing3,polyphone,01a0d5d5-3c42-76c4-9bd2-2802d8ad11da,
金匮真言论篇第四,01a0d5d5-3b2c-7663-b470-0cbc4a4d1418,5,"泄寒中，秋善病风疟，冬善病痹厥。
故冬不按𫏋，春不鼽衄；
春不病颈项，仲夏不病胸胁；
长夏不病洞泄寒中，秋不病风疟；冬不病痹厥，飧泄而汗出也。
夫",夏,xia4,jia3 | xia4,polyphone,01a0d5d5-3c42-76c4-9bd2-2803e06ae061,
金匮真言论篇第四,01a0d5d5-3b2c-7663-b470-0cbc4a4d1418,5,"寒中，秋善病风疟，冬善病痹厥。
故冬不按𫏋，春不鼽衄；
春不病颈项，仲夏不病胸胁；
长夏不病洞泄寒中，秋不病风疟；冬不病痹厥，飧泄而汗出也。
夫精",不,bu4,bu2 | bu4 | fou1 | fou3 | fu1,polyphone,01a0d5d5-3c42-76c4-9bd2-2804c25e3e04,
金匮真言论篇第四,01a0d5d5-3b2c-7663-b470-0cbc4a4d1418,5,"风疟，冬善病痹厥。
故冬不按𫏋，春不鼽衄；
春不病颈项，仲夏不病胸胁；
长夏不病洞泄寒中，秋不病风疟；冬不病痹厥，飧泄而汗出也。
夫精者，身之本也",长,zhang3,chang2 | zhang3,polyphone,01a0d5d5-3c42-76c4-9bd2-2805d68c070b,
金匮真言论篇第四,01a0d5d5-3b2c-7663-b470-0cbc4a4d1418,5,"疟，冬善病痹厥。
故冬不按𫏋，春不鼽衄；
春不病颈项，仲夏不病胸胁；
长夏不病洞泄寒中，秋不病风疟；冬不病痹厥，飧泄而汗出也。
夫精者，身之本也。",夏,xia4,jia3 | xia4,polyphone,01a0d5d5-3c42-76c4-9bd2-2806990b2773,
金匮真言论篇第四,01a0d5d5-3b2c-7663-b470-0cbc4a4d1418,5,"，冬善病痹厥。
故冬不按𫏋，春不鼽衄；
春不病颈项，仲夏不病胸胁；
长夏不病洞泄寒中，秋不病风疟；冬不病痹厥，飧泄而汗出也。
夫精者，身之本也。故",不,bu4,bu2 | bu4 | fou1 | fou3 | fu1,polyphone,01a0d5d5-3c42-76c4-9bd2-280722a4b7b0,
金匮真言论篇第四,01a0d5d5-3b2c-7663-b470-0cbc4a4d1418,5,"善病痹厥。
故冬不按𫏋，春不鼽衄；
春不病颈项，仲夏不病胸胁；
长夏不病洞泄寒中，秋不病风疟；冬不病痹厥，飧泄而汗出也。
夫精者，身之本也。故藏于",洞,dong4,dong4 | tong2,polyphone,01a0d5d5-3c42-76c4-9bd2-2808976a2b1c,
金匮真言论篇第四,01a0d5d5-3b2c-7663-b470-0cbc4a4d1418,5,"病痹厥。
故冬不按𫏋，春不鼽衄；
春不病颈项，仲夏不病胸胁；
长夏不病洞泄寒中，秋不病风疟；冬不病痹厥，飧泄而汗出也。
夫精者，身之本也。故藏于精",泄,xie4,xie4 | yi4,polyphone,01a0d5d5-3c42-76c4-9bd2-2809c6a87acf,
金匮真言论篇第四,01a0d5d5-3b2c-7663-b470-0cbc4a4d1418,5,"厥。
故冬不按𫏋，春不鼽衄；
春不病颈项，仲夏不病胸胁；
长夏不病洞泄寒中，秋不病风疟；冬不病痹厥，飧泄而汗出也。
夫精者，身之本也。故藏于精者，",中,zhong1,zhong1 | zhong4,polyphone,01a0d5d5-3c42-76c4-9bd2-280a870be6fd,
金匮真言论篇第四,01a0d5d5-3b2c-7663-b470-0cbc4a4d1418,5,"故冬不按𫏋，春不鼽衄；
春不病颈项，仲夏不病胸胁；
长夏不病洞泄寒中，秋不病风疟；冬不病痹厥，飧泄而汗出也。
夫精者，身之本也。故藏于精者，春不病",不,bu4,bu2 | bu4 | fou1 | fou3 | fu1,polyphone,01a0d5d5-3c42-76c4-9bd2-280bd1000a0d,
金匮真言论篇第四,01a0d5d5-3b2c-7663-b470-0cbc4a4d1418,5,"按𫏋，春不鼽衄；
春不病颈项，仲夏不病胸胁；
长夏不病洞泄寒中，秋不病风疟；冬不病痹厥，飧泄而汗出也。
夫精者，身之本也。故藏于精者，春不病温。夏",疟,nve4,nve4 | yao4,polyphone,01a0d5d5-3c42-76c4-9bd2-280c7c346121,
金匮真言论篇第四,01a0d5d5-3b2c-7663-b470-0cbd090638a3,6,"春不鼽衄；
春不病颈项，仲夏不病胸胁；
长夏不病洞泄寒中，秋不病风疟；冬不病痹厥，飧泄而汗出也。
夫精者，身之本也。故藏于精者，春不病温。夏暑汗不",不,bu4,bu2 | bu4 | fou1 | fou3 | fu1,polyphone,01a0d5d5-3c45-71cd-903e-6caa452c4dd6,
金匮真言论篇第四,01a0d5d5-3b2c-7663-b470-0cbd090638a3,6,"春不病颈项，仲夏不病胸胁；
长夏不病洞泄寒中，秋不病风疟；冬不病痹厥，飧泄而汗出也。
夫精者，身之本也。故藏于精者，春不病温。夏暑汗不出者，秋成风",泄,xie4,xie4 | yi4,polyphone,01a0d5d5-3c45-71cd-903e-6cabeaa99121,
金匮真言论篇第四,01a0d5d5-3b2c-7663-b470-0cbd090638a3,6,"不病颈项，仲夏不病胸胁；
长夏不病洞泄寒中，秋不病风疟；冬不病痹厥，飧泄而汗出也。
夫精者，身之本也。故藏于精者，春不病温。夏暑汗不出者，秋成风疟",而,er2,er2 | neng2,polyphone,01a0d5d5-3c45-71cd-903e-6cacb1428a33,
金匮真言论篇第四,01a0d5d5-3b2c-7663-b470-0cbd090638a3,6,"病颈项，仲夏不病胸胁；
长夏不病洞泄寒中，秋不病风疟；冬不病痹厥，飧泄而汗出也。
夫精者，身之本也。故藏于精者，春不病温。夏暑汗不出者，秋成风疟。",汗,han4,gan1 | han2 | han4,polyphone,01a0d5d5-3c45-71cd-903e-6cad256bce53,
金匮真言论篇第四,01a0d5d5-3b2c-7663-b470-0cbd090638a3,6,"项，仲夏不病胸胁；
长夏不病洞泄寒中，秋不病风疟；冬不病痹厥，飧泄而汗出也。
夫精者，身之本也。故藏于精者，春不病温。夏暑汗不出者，秋成风疟。此平",也,ye3,ye3 | yi2,polyphone,01a0d5d5-3c45-71cd-903e-6cae36d90261,
金匮真言论篇第四,01a0d5d5-3b2c-7663-b470-0cbd090638a3,6,"夏不病胸胁；
长夏不病洞泄寒中，秋不病风疟；冬不病痹厥，飧泄而汗出也。
夫精者，身之本也。故藏于精者，春不病温。夏暑汗不出者，秋成风疟。此平人脉法",夫,fu1,fu1 | fu2,polyphone,01a0d5d5-3c45-71cd-903e-6caf6e031b22,
金匮真言论篇第四,01a0d5d5-3b2c-7663-b470-0cbd090638a3,6,"不病胸胁；
长夏不病洞泄寒中，秋不病风疟；冬不病痹厥，飧泄而汗出也。
夫精者，身之本也。故藏于精者，春不病温。夏暑汗不出者，秋成风疟。此平人脉法也",精,jing1,jing1 | jing4 | qing2,polyphone,01a0d5d5-3c45-71cd-903e-6cb0e0352b12,
金匮真言论篇第四,01a0d5d5-3b2c-7663-b470-0cbd090638a3,6,"胁；
长夏不病洞泄寒中，秋不病风疟；冬不病痹厥，飧泄而汗出也。
夫精者，身之本也。故藏于精者，春不病温。夏暑汗不出者，秋成风疟。此平人脉法也。

",身,shen1,juan1 | shen1,polyphone,01a0d5d5-3c45-71cd-903e-6cb1890ee247,
金匮真言论篇第四,01a0d5d5-3b2c-7663-b470-0cbd090638a3,6,"；
长夏不病洞泄寒中，秋不病风疟；冬不病痹厥，飧泄而汗出也。
夫精者，身之本也。故藏于精者，春不病温。夏暑汗不出者，秋成风疟。此平人脉法也。

故",之,zhi1,zhi1 | zhi4 | zhu1,polyphone,01a0d5d5-3c45-71cd-903e-6cb2fde1bfeb,
金匮真言论篇第四,01a0d5d5-3b2c-7663-b470-0cbd090638a3,6,"
长夏不病洞泄寒中，秋不病风疟；冬不病痹厥，飧泄而汗出也。
夫精者，身之本也。故藏于精者，春不病温。夏暑汗不出者，秋成风疟。此平人脉法也。

故曰",本,ben3,ben1 | ben3,polyphone,01a0d5d5-3c45-71cd-903e-6cb30f88bcfa,
金匮真言论篇第四,01a0d5d5-3b2c-7663-b470-0cbd090638a3,6,"长夏不病洞泄寒中，秋不病风疟；冬不病痹厥，飧泄而汗出也。
夫精者，身之本也。故藏于精者，春不病温。夏暑汗不出者，秋成风疟。此平人脉法也。

故曰阴",也,ye3,ye3 | yi2,polyphone,01a0d5d5-3c45-71cd-903e-6cb4d5d5ad44,
金匮真言论篇第四,01a0d5d5-3b2c-7663-b470-0cbd090638a3,6,"病洞泄寒中，秋不病风疟；冬不病痹厥，飧泄而汗出也。
夫精者，身之本也。故藏于精者，春不病温。夏暑汗不出者，秋成风疟。此平人脉法也。

故曰阴中有阴",藏,cang2,cang2 | zang1 | zang4,polyphone,01a0d5d5-3c45-71cd-903e-6cb53aa2b0d0,
金匮真言论篇第四,01a0d5d5-3b2c-7663-b470-0cbd090638a3,6,"洞泄寒中，秋不病风疟；冬不病痹厥，飧泄而汗出也。
夫精者，身之本也。故藏于精者，春不病温。夏暑汗不出者，秋成风疟。此平人脉法也。

故曰阴中有阴，",于,yu2,wei2 | xu1 | yu1 | yu2,polyphone,01a0d5d5-3c45-71cd-903e-6cb6f986d429,
金匮真言论篇第四,01a0d5d5-3b2c-7663-b470-0cbd090638a3,6,"泄寒中，秋不病风疟；冬不病痹厥，飧泄而汗出也。
夫精者，身之本也。故藏于精者，春不病温。夏暑汗不出者，秋成风疟。此平人脉法也。

故曰阴中有阴，阳",精,jing1,jing1 | jing4 | qing2,polyphone,01a0d5d5-3c45-71cd-903e-6cb725da487b,
金匮真言论篇第四,01a0d5d5-3b2c-7663-b470-0cbd090638a3,6,"，秋不病风疟；冬不病痹厥，飧泄而汗出也。
夫精者，身之本也。故藏于精者，春不病温。夏暑汗不出者，秋成风疟。此平人脉法也。

故曰阴中有阴，阳中有阳",春,chun1,chun1 | chun3,polyphone,01a0d5d5-3c45-71cd-903e-6cb8be6f7b80,
金匮真言论篇第四,01a0d5d5-3b2c-7663-b470-0cbd090638a3,6,"秋不病风疟；冬不病痹厥，飧泄而汗出也。
夫精者，身之本也。故藏于精者，春不病温。夏暑汗不出者，秋成风疟。此平人脉法也。

故曰阴中有阴，阳中有阳。",不,bu4,bu2 | bu4 | fou1 | fou3 | fu1,polyphone,01a0d5d5-3c45-71cd-903e-6cb9c63a2ae2,
金匮真言论篇第四,01a0d5d5-3b2c-7663-b470-0cbd090638a3,6,"病风疟；冬不病痹厥，飧泄而汗出也。
夫精者，身之本也。故藏于精者，春不病温。夏暑汗不出者，秋成风疟。此平人脉法也。

故曰阴中有阴，阳中有阳。平旦",温,wen1,wen1 | yun4,polyphone,01a0d5d5-3c45-71cd-903e-6cba479084be,
金匮真言论篇第四,01a0d5d5-3b2c-7663-b470-0cbd090638a3,6,"疟；冬不病痹厥，飧泄而汗出也。
夫精者，身之本也。故藏于精者，春不病温。夏暑汗不出者，秋成风疟。此平人脉法也。

故曰阴中有阴，阳中有阳。平旦至日",夏,xia4,jia3 | xia4,polyphone,01a0d5d5-3c45-71cd-903e-6cbb2603123d,
金匮真言论篇第四,01a0d5d5-3b2c-7663-b470-0cbd090638a3,6,"冬不病痹厥，飧泄而汗出也。
夫精者，身之本也。故藏于精者，春不病温。夏暑汗不出者，秋成风疟。此平人脉法也。

故曰阴中有阴，阳中有阳。平旦至日中，",汗,han4,gan1 | han2 | han4,polyphone,01a0d5d5-3c45-71cd-903e-6cbc1b17b71c,
金匮真言论篇第四,01a0d5d5-3b2c-7663-b470-0cbd090638a3,6,"不病痹厥，飧泄而汗出也。
夫精者，身之本也。故藏于精者，春不病温。夏暑汗不出者，秋成风疟。此平人脉法也。

故曰阴中有阴，阳中有阳。平旦至日中，天",不,bu4,bu2 | bu4 | fou1 | fou3 | fu1,polyphone,01a0d5d5-3c45-71cd-903e-6cbd68635a38,
金匮真言论篇第四,01a0d5d5-3b2c-7663-b470-0cbd090638a3,6,"而汗出也。
夫精者，身之本也。故藏于精者，春不病温。夏暑汗不出者，秋成风疟。此平人脉法也。

故曰阴中有阴，阳中有阳。平旦至日中，天之阳，阳中之阳",疟,nve4,nve4 | yao4,polyphone,01a0d5d5-3c45-71cd-903e-6cbecae592ca,
金匮真言论篇第四,01a0d5d5-3b2c-7663-b470-0cbd090638a3,6,"也。
夫精者，身之本也。故藏于精者，春不病温。夏暑汗不出者，秋成风疟。此平人脉法也。

故曰阴中有阴，阳中有阳。平旦至日中，天之阳，阳中之阳也；
",平,ping2,beng1 | bing4 | pian2 | ping2,polyphone,01a0d5d5-3c45-71cd-903e-6cbfff2a4978,
金匮真言论篇第四,01a0d5d5-3b2c-7663-b470-0cbd090638a3,6,"
夫精者，身之本也。故藏于精者，春不病温。夏暑汗不出者，秋成风疟。此平人脉法也。

故曰阴中有阴，阳中有阳。平旦至日中，天之阳，阳中之阳也；
日中",脉,mai4,mai4 | mo4,polyphone,01a0d5d5-3c45-71cd-903e-6cc0eabed5c9,
金匮真言论篇第四,01a0d5d5-3b2c-7663-b470-0cbd090638a3,6,"精者，身之本也。故藏于精者，春不病温。夏暑汗不出者，秋成风疟。此平人脉法也。

故曰阴中有阴，阳中有阳。平旦至日中，天之阳，阳中之阳也；
日中至黄",也,ye3,ye3 | yi2,polyphone,01a0d5d5-3c45-71cd-903e-6cc12067b575,
金匮真言论篇第四,01a0d5d5-3b2c-7663-b470-0cbd090638a3,6,"。故藏于精者，春不病温。夏暑汗不出者，秋成风疟。此平人脉法也。

故曰阴中有阴，阳中有阳。平旦至日中，天之阳，阳中之阳也；
日中至黄昏，天之阳，阳",中,zhong1,zhong1 | zhong4,polyphone,01a0d5d5-3c45-71cd-903e-6cc29300a6bd,
金匮真言论篇第四,01a0d5d5-3b2c-7663-b470-0cbd090638a3,6,"故藏于精者，春不病温。夏暑汗不出者，秋成风疟。此平人脉法也。

故曰阴中有阴，阳中有阳。平旦至日中，天之阳，阳中之阳也；
日中至黄昏，天之阳，阳中",有,you3,wei3 | you3 | you4,polyphone,01a0d5d5-3c45-71cd-903e-6cc3e7103484,
金匮真言论篇第四,01a0d5d5-3b2c-7663-b470-0cbd090638a3,6,"者，春不病温。夏暑汗不出者，秋成风疟。此平人脉法也。

故曰阴中有阴，阳中有阳。平旦至日中，天之阳，阳中之阳也；
日中至黄昏，天之阳，阳中之阴也；",中,zhong1,zhong1 | zhong4,polyphone,01a0d5d5-3c45-71cd-903e-6cc44299548f,
金匮真言论篇第四,01a0d5d5-3b2c-7663-b470-0cbd090638a3,6,"，春不病温。夏暑汗不出者，秋成风疟。此平人脉法也。

故曰阴中有阴，阳中有阳。平旦至日中，天之阳，阳中之阳也；
日中至黄昏，天之阳，阳中之阴也；
",有,you3,wei3 | you3 | you4,polyphone,01a0d5d5-3c45-71cd-903e-6cc5c47e9b64,
金匮真言论篇第四,01a0d5d5-3b2c-7663-b470-0cbe98a302d9,7,"病温。夏暑汗不出者，秋成风疟。此平人脉法也。

故曰阴中有阴，阳中有阳。平旦至日中，天之阳，阳中之阳也；
日中至黄昏，天之阳，阳中之阴也；
合夜至",平,ping2,beng1 | bing4 | pian2 | ping2,polyphone,01a0d5d5-3c48-70b0-874a-e19ac286513e,
金匮真言论篇第四,01a0d5d5-3b2c-7663-b470-0cbe98a302d9,7,"。夏暑汗不出者，秋成风疟。此平人脉法也。

故曰阴中有阴，阳中有阳。平旦至日中，天之阳，阳中之阳也；
日中至黄昏，天之阳，阳中之阴也；
合夜至鸡鸣",至,zhi4,die2 | zhi4,polyphone,01a0d5d5-3c48-70b0-874a-e19bab78972e,
金匮真言论篇第四,01a0d5d5-3b2c-7663-b470-0cbe98a302d9,7,"暑汗不出者，秋成风疟。此平人脉法也。

故曰阴中有阴，阳中有阳。平旦至日中，天之阳，阳中之阳也；
日中至黄昏，天之阳，阳中之阴也；
合夜至鸡鸣，天",中,zhong1,zhong1 | zhong4,polyphone,01a0d5d5-3c48-70b0-874a-e19c59513a05,
金匮真言论篇第四,01a0d5d5-3b2c-7663-b470-0cbe98a302d9,7,"出者，秋成风疟。此平人脉法也。

故曰阴中有阴，阳中有阳。平旦至日中，天之阳，阳中之阳也；
日中至黄昏，天之阳，阳中之阴也；
合夜至鸡鸣，天之阴，",之,zhi1,zhi1 | zhi4 | zhu1,polyphone,01a0d5d5-3c48-70b0-874a-e19d5d83dc05,
金匮真言论篇第四,01a0d5d5-3b2c-7663-b470-0cbe98a302d9,7,"成风疟。此平人脉法也。

故曰阴中有阴，阳中有阳。平旦至日中，天之阳，阳中之阳也；
日中至黄昏，天之阳，阳中之阴也；
合夜至鸡鸣，天之阴，阴中之阴",中,zhong1,zhong1 | zhong4,polyphone,01a0d5d5-3c48-70b0-874a-e19e05adb0d4,
金匮真言论篇第四,01a0d5d5-3b2c-7663-b470-0cbe98a302d9,7,"风疟。此平人脉法也。

故曰阴中有阴，阳中有阳。平旦至日中，天之阳，阳中之阳也；
日中至黄昏，天之阳，阳中之阴也；
合夜至鸡鸣，天之阴，阴中之阴也",之,zhi1,zhi1 | zhi4 | zhu1,polyphone,01a0d5d5-3c48-70b0-874a-e19f11e27a9a,
金匮真言论篇第四,01a0d5d5-3b2c-7663-b470-0cbe98a302d9,7,"。此平人脉法也。

故曰阴中有阴，阳中有阳。平旦至日中，天之阳，阳中之阳也；
日中至黄昏，天之阳，阳中之阴也；
合夜至鸡鸣，天之阴，阴中之阴也；
",也,ye3,ye3 | yi2,polyphone,01a0d5d5-3c48-70b0-874a-e1a0eb3bc266,
金匮真言论篇第四,01a0d5d5-3b2c-7663-b470-0cbe98a302d9,7,"脉法也。

故曰阴中有阴，阳中有阳。平旦至日中，天之阳，阳中之阳也；
日中至黄昏，天之阳，阳中之阴也；
合夜至鸡鸣，天之阴，阴中之阴也；
鸡鸣至平",中,zhong1,zhong1 | zhong4,polyphone,01a0d5d5-3c49-7606-8bd5-6112bc3e96a0,
金匮真言论篇第四,01a0d5d5-3b2c-7663-b470-0cbe98a302d9,7,"法也。

故曰阴中有阴，阳中有阳。平旦至日中，天之阳，阳中之阳也；
日中至黄昏，天之阳，阳中之阴也；
合夜至鸡鸣，天之阴，阴中之阴也；
鸡鸣至平旦",至,zhi4,die2 | zhi4,polyphone,01a0d5d5-3c49-7606-8bd5-61138dafa4ea,
金匮真言论篇第四,01a0d5d5-3b2c-7663-b470-0cbe98a302d9,7,"。

故曰阴中有阴，阳中有阳。平旦至日中，天之阳，阳中之阳也；
日中至黄昏，天之阳，阳中之阴也；
合夜至鸡鸣，天之阴，阴中之阴也；
鸡鸣至平旦，天",昏,hun1,hun1 | hun4,polyphone,01a0d5d5-3c49-7606-8bd5-6114df458704,
金匮真言论篇第四,01a0d5d5-3b2c-7663-b470-0cbe98a302d9,7,"故曰阴中有阴，阳中有阳。平旦至日中，天之阳，阳中之阳也；
日中至黄昏，天之阳，阳中之阴也；
合夜至鸡鸣，天之阴，阴中之阴也；
鸡鸣至平旦，天之阴，",之,zhi1,zhi1 | zhi4 | zhu1,polyphone,01a0d5d5-3c49-7606-8bd5-6115edac0977,
金匮真言论篇第四,01a0d5d5-3b2c-7663-b470-0cbe98a302d9,7,"有阴，阳中有阳。平旦至日中，天之阳，阳中之阳也；
日中至黄昏，天之阳，阳中之阴也；
合夜至鸡鸣，天之阴，阴中之阴也；
鸡鸣至平旦，天之阴，阴中之阳",中,zhong1,zhong1 | zhong4,polyphone,01a0d5d5-3c49-7606-8bd5-611686b670e3,
金匮真言论篇第四,01a0d5d5-3b2c-7663-b470-0cbe98a302d9,7,"阴，阳中有阳。平旦至日中，天之阳，阳中之阳也；
日中至黄昏，天之阳，阳中之阴也；
合夜至鸡鸣，天之阴，阴中之阴也；
鸡鸣至平旦，天之阴，阴中之阳也",之,zhi1,zhi1 | zhi4 | zhu1,polyphone,01a0d5d5-3c49-7606-8bd5-61178549ec4f,
金匮真言论篇第四,01a0d5d5-3b2c-7663-b470-0cbe98a302d9,7,"阳中有阳。平旦至日中，天之阳，阳中之阳也；
日中至黄昏，天之阳，阳中之阴也；
合夜至鸡鸣，天之阴，阴中之阴也；
鸡鸣至平旦，天之阴，阴中之阳也。
",也,ye3,ye3 | yi2,polyphone,01a0d5d5-3c49-7606-8bd5-6118c5c436bc,
金匮真言论篇第四,01a0d5d5-3b2c-7663-b470-0cbe98a302d9,7,"阳。平旦至日中，天之阳，阳中之阳也；
日中至黄昏，天之阳，阳中之阴也；
合夜至鸡鸣，天之阴，阴中之阴也；
鸡鸣至平旦，天之阴，阴中之阳也。
故人亦",合,he2,ge3 | he2,polyphone,01a0d5d5-3c49-7606-8bd5-6119f7540f45,
金匮真言论篇第四,01a0d5d5-3b2c-7663-b470-0cbe98a302d9,7,"平旦至日中，天之阳，阳中之阳也；
日中至黄昏，天之阳，阳中之阴也；
合夜至鸡鸣，天之阴，阴中之阴也；
鸡鸣至平旦，天之阴，阴中之阳也。
故人亦应之",至,zhi4,die2 | zhi4,polyphone,01a0d5d5-3c49-7606-8bd5-611aec919659,
金匮真言论篇第四,01a0d5d5-3b2c-7663-b470-0cbe98a302d9,7,"，天之阳，阳中之阳也；
日中至黄昏，天之阳，阳中之阴也；
合夜至鸡鸣，天之阴，阴中之阴也；
鸡鸣至平旦，天之阴，阴中之阳也。
故人亦应之。夫言人之",之,zhi1,zhi1 | zhi4 | zhu1,polyphone,01a0d5d5-3c49-7606-8bd5-611b3b2bb5cf,
金匮真言论篇第四,01a0d5d5-3b2c-7663-b470-0cbe98a302d9,7,"，阳中之阳也；
日中至黄昏，天之阳，阳中之阴也；
合夜至鸡鸣，天之阴，阴中之阴也；
鸡鸣至平旦，天之阴，阴中之阳也。
故人亦应之。夫言人之阴阳，则",中,zhong1,zhong1 | zhong4,polyphone,01a0d5d5-3c49-7606-8bd5-611c531aa1d4,
金匮真言论篇第四,01a0d5d5-3b2c-7663-b470-0cbe98a302d9,7,"阳中之阳也；
日中至黄昏，天之阳，阳中之阴也；
合夜至鸡鸣，天之阴，阴中之阴也；
鸡鸣至平旦，天之阴，阴中之阳也。
故人亦应之。夫言人之阴阳，则外",之,zhi1,zhi1 | zhi4 | zhu1,polyphone,01a0d5d5-3c49-7606-8bd5-611da51d030d,
金匮真言论篇第四,01a0d5d5-3b2c-7663-b470-0cbe98a302d9,7,"之阳也；
日中至黄昏，天之阳，阳中之阴也；
合夜至鸡鸣，天之阴，阴中之阴也；
鸡鸣至平旦，天之阴，阴中之阳也。
故人亦应之。夫言人之阴阳，则外为阳",也,ye3,ye3 | yi2,polyphone,01a0d5d5-3c49-7606-8bd5-611efc4ba8c7,
金匮真言论篇第四,01a0d5d5-3b2c-7663-b470-0cbe98a302d9,7,"日中至黄昏，天之阳，阳中之阴也；
合夜至鸡鸣，天之阴，阴中之阴也；
鸡鸣至平旦，天之阴，阴中之阳也。
故人亦应之。夫言人之阴阳，则外为阳，内为阴。",至,zhi4,die2 | zhi4,polyphone,01a0d5d5-3c49-7606-8bd5-611f789e36ca,
金匮真言论篇第四,01a0d5d5-3b2c-7663-b470-0cbe98a302d9,7,"中至黄昏，天之阳，阳中之阴也；
合夜至鸡鸣，天之阴，阴中之阴也；
鸡鸣至平旦，天之阴，阴中之阳也。
故人亦应之。夫言人之阴阳，则外为阳，内为阴。
",平,ping2,beng1 | bing4 | pian2 | ping2,polyphone,01a0d5d5-3c49-7606-8bd5-612090905f20,
金匮真言论篇第四,01a0d5d5-3b2c-7663-b470-0cbe98a302d9,7,"，天之阳，阳中之阴也；
合夜至鸡鸣，天之阴，阴中之阴也；
鸡鸣至平旦，天之阴，阴中之阳也。
故人亦应之。夫言人之阴阳，则外为阳，内为阴。
言人身之",之,zhi1,zhi1 | zhi4 | zhu1,polyphone,01a0d5d5-3c49-7606-8bd5-6121b4898388,
金匮真言论篇第四,01a0d5d5-3b2c-7663-b470-0cbe98a302d9,7,"，阳中之阴也；
合夜至鸡鸣，天之阴，阴中之阴也；
鸡鸣至平旦，天之阴，阴中之阳也。
故人亦应之。夫言人之阴阳，则外为阳，内为阴。
言人身之阴阳，则",中,zhong1,zhong1 | zhong4,polyphone,01a0d5d5-3c49-7606-8bd5-61226778b4c4,
金匮真言论篇第四,01a0d5d5-3b2c-7663-b470-0cbe98a302d9,7,"阳中之阴也；
合夜至鸡鸣，天之阴，阴中之阴也；
鸡鸣至平旦，天之阴，阴中之阳也。
故人亦应之。夫言人之阴阳，则外为阳，内为阴。
言人身之阴阳，则背",之,zhi1,zhi1 | zhi4 | zhu1,polyphone,01a0d5d5-3c49-7606-8bd5-612343048c45,
金匮真言论篇第四,01a0d5d5-3b2c-7663-b470-0cbe98a302d9,7,"之阴也；
合夜至鸡鸣，天之阴，阴中之阴也；
鸡鸣至平旦，天之阴，阴中之阳也。
故人亦应之。夫言人之阴阳，则外为阳，内为阴。
言人身之阴阳，则背为阳",也,ye3,ye3 | yi2,polyphone,01a0d5d5-3c49-7606-8bd5-6124012780bc,
金匮真言论篇第四,01a0d5d5-3b2c-7663-b470-0cbe98a302d9,7,"夜至鸡鸣，天之阴，阴中之阴也；
鸡鸣至平旦，天之阴，阴中之阳也。
故人亦应之。夫言人之阴阳，则外为阳，内为阴。
言人身之阴阳，则背为阳，腹为阴。
",应,ying1,ying1 | ying4,polyphone,01a0d5d5-3c49-7606-8bd5-61250977e185,
金匮真言论篇第四,01a0d5d5-3b2c-7663-b470-0cbe98a302d9,7,"至鸡鸣，天之阴，阴中之阴也；
鸡鸣至平旦，天之阴，阴中之阳也。
故人亦应之。夫言人之阴阳，则外为阳，内为阴。
言人身之阴阳，则背为阳，腹为阴。
言",之,zhi1,zhi1 | zhi4 | zhu1,polyphone,01a0d5d5-3c49-7606-8bd5-6126b606b297,
金匮真言论篇第四,01a0d5d5-3b2c-7663-b470-0cbf3b9bc32b,8,"鸣，天之阴，阴中之阴也；
鸡鸣至平旦，天之阴，阴中之阳也。
故人亦应之。夫言人之阴阳，则外为阳，内为阴。
言人身之阴阳，则背为阳，腹为阴。
言人身",夫,fu1,fu1 | fu2,polyphone,01a0d5d5-3c4c-709b-8262-c1cbdca33949,
金匮真言论篇第四,01a0d5d5-3b2c-7663-b470-0cbf3b9bc32b,8,"，天之阴，阴中之阴也；
鸡鸣至平旦，天之阴，阴中之阳也。
故人亦应之。夫言人之阴阳，则外为阳，内为阴。
言人身之阴阳，则背为阳，腹为阴。
言人身之",言,yan2,yan2 | yan4 | yin2,polyphone,01a0d5d5-3c4c-709b-8262-c1ccd2d8ad8f,
金匮真言论篇第四,01a0d5d5-3b2c-7663-b470-0cbf3b9bc32b,8,"之阴，阴中之阴也；
鸡鸣至平旦，天之阴，阴中之阳也。
故人亦应之。夫言人之阴阳，则外为阳，内为阴。
言人身之阴阳，则背为阳，腹为阴。
言人身之藏府",之,zhi1,zhi1 | zhi4 | zhu1,polyphone,01a0d5d5-3c4c-709b-8262-c1cd0ecaa025,
金匮真言论篇第四,01a0d5d5-3b2c-7663-b470-0cbf3b9bc32b,8,"阴也；
鸡鸣至平旦，天之阴，阴中之阳也。
故人亦应之。夫言人之阴阳，则外为阳，内为阴。
言人身之阴阳，则背为阳，腹为阴。
言人身之藏府中阴阳。则藏",为,wei4,wei2 | wei4,polyphone,01a0d5d5-3c4c-709b-8262-c1cef7ac7168,
金匮真言论篇第四,01a0d5d5-3b2c-7663-b470-0cbf3b9bc32b,8,"
鸡鸣至平旦，天之阴，阴中之阳也。
故人亦应之。夫言人之阴阳，则外为阳，内为阴。
言人身之阴阳，则背为阳，腹为阴。
言人身之藏府中阴阳。则藏者为阴",内,nei4,na4 | nei4 | rui4,polyphone,01a0d5d5-3c4c-709b-8262-c1cf51eb698c,
金匮真言论篇第四,01a0d5d5-3b2c-7663-b470-0cbf3b9bc32b,8,"鸡鸣至平旦，天之阴，阴中之阳也。
故人亦应之。夫言人之阴阳，则外为阳，内为阴。
言人身之阴阳，则背为阳，腹为阴。
言人身之藏府中阴阳。则藏者为阴，",为,wei4,wei2 | wei4,polyphone,01a0d5d5-3c4c-709b-8262-c1d027732cd7,
金匮真言论篇第四,01a0d5d5-3b2c-7663-b470-0cbf3b9bc32b,8,"旦，天之阴，阴中之阳也。
故人亦应之。夫言人之阴阳，则外为阳，内为阴。
言人身之阴阳，则背为阳，腹为阴。
言人身之藏府中阴阳。则藏者为阴，府者为阳",言,yan2,yan2 | yan4 | yin2,polyphone,01a0d5d5-3c4c-709b-8262-c1d172c5dbff,
金匮真言论篇第四,01a0d5d5-3b2c-7663-b470-0cbf3b9bc32b,8,"天之阴，阴中之阳也。
故人亦应之。夫言人之阴阳，则外为阳，内为阴。
言人身之阴阳，则背为阳，腹为阴。
言人身之藏府中阴阳。则藏者为阴，府者为阳。肝",身,shen1,juan1 | shen1,polyphone,01a0d5d5-3c4c-709b-8262-c1d2e3cef123,
金匮真言论篇第四,01a0d5d5-3b2c-7663-b470-0cbf3b9bc32b,8,"之阴，阴中之阳也。
故人亦应之。夫言人之阴阳，则外为阳，内为阴。
言人身之阴阳，则背为阳，腹为阴。
言人身之藏府中阴阳。则藏者为阴，府者为阳。肝心",之,zhi1,zhi1 | zhi4 | zhu1,polyphone,01a0d5d5-3c4c-709b-8262-c1d38c91dacd,
金匮真言论篇第四,01a0d5d5-3b2c-7663-b470-0cbf3b9bc32b,8,"之阳也。
故人亦应之。夫言人之阴阳，则外为阳，内为阴。
言人身之阴阳，则背为阳，腹为阴。
言人身之藏府中阴阳。则藏者为阴，府者为阳。肝心脾肺肾五藏",背,bei4,bei1 | bei4,polyphone,01a0d5d5-3c4c-709b-8262-c1d447f1ad9d,
金匮真言论篇第四,01a0d5d5-3b2c-7663-b470-0cbf3b9bc32b,8,"阳也。
故人亦应之。夫言人之阴阳，则外为阳，内为阴。
言人身之阴阳，则背为阳，腹为阴。
言人身之藏府中阴阳。则藏者为阴，府者为阳。肝心脾肺肾五藏皆",为,wei4,wei2 | wei4,polyphone,01a0d5d5-3c4c-709b-8262-c1d58b9feae4,
金匮真言论篇第四,01a0d5d5-3b2c-7663-b470-0cbf3b9bc32b,8,"故人亦应之。夫言人之阴阳，则外为阳，内为阴。
言人身之阴阳，则背为阳，腹为阴。
言人身之藏府中阴阳。则藏者为阴，府者为阳。肝心脾肺肾五藏皆为阴，胆",为,wei4,wei2 | wei4,polyphone,01a0d5d5-3c4c-709b-8262-c1d618666567,
金匮真言论篇第四,01a0d5d5-3b2c-7663-b470-0cbf3b9bc32b,8,"之。夫言人之阴阳，则外为阳，内为阴。
言人身之阴阳，则背为阳，腹为阴。
言人身之藏府中阴阳。则藏者为阴，府者为阳。肝心脾肺肾五藏皆为阴，胆胃大肠小",言,yan2,yan2 | yan4 | yin2,polyphone,01a0d5d5-3c4c-709b-8262-c1d7a2fe8e91,
金匮真言论篇第四,01a0d5d5-3b2c-7663-b470-0cbf3b9bc32b,8,"夫言人之阴阳，则外为阳，内为阴。
言人身之阴阳，则背为阳，腹为阴。
言人身之藏府中阴阳。则藏者为阴，府者为阳。肝心脾肺肾五藏皆为阴，胆胃大肠小肠膀",身,shen1,juan1 | shen1,polyphone,01a0d5d5-3c4c-709b-8262-c1d8af0f89fa,
金匮真言论篇第四,01a0d5d5-3b2c-7663-b470-0cbf3b9bc32b,8,"言人之阴阳，则外为阳，内为阴。
言人身之阴阳，则背为阳，腹为阴。
言人身之藏府中阴阳。则藏者为阴，府者为阳。肝心脾肺肾五藏皆为阴，胆胃大肠小肠膀胱",之,zhi1,zhi1 | zhi4 | zhu1,polyphone,01a0d5d5-3c4c-709b-8262-c1d9ae926bd8,
金匮真言论篇第四,01a0d5d5-3b2c-7663-b470-0cbf3b9bc32b,8,"阴阳，则外为阳，内为阴。
言人身之阴阳，则背为阳，腹为阴。
言人身之藏府中阴阳。则藏者为阴，府者为阳。肝心脾肺肾五藏皆为阴，胆胃大肠小肠膀胱三焦六",中,zhong1,zhong1 | zhong4,polyphone,01a0d5d5-3c4c-709b-8262-c1db95ffa9ce,
金匮真言论篇第四,01a0d5d5-3b2c-7663-b470-0cbf3b9bc32b,8,"为阳，内为阴。
言人身之阴阳，则背为阳，腹为阴。
言人身之藏府中阴阳。则藏者为阴，府者为阳。肝心脾肺肾五藏皆为阴，胆胃大肠小肠膀胱三焦六府皆为阳。",藏,cang2,cang2 | zang1 | zang4,polyphone,01a0d5d5-3c4c-709b-8262-c1dc34c1f0cc,
金匮真言论篇第四,01a0d5d5-3b2c-7663-b470-0cbf3b9bc32b,8,"，内为阴。
言人身之阴阳，则背为阳，腹为阴。
言人身之藏府中阴阳。则藏者为阴，府者为阳。肝心脾肺肾五藏皆为阴，胆胃大肠小肠膀胱三焦六府皆为阳。
所",为,wei4,wei2 | wei4,polyphone,01a0d5d5-3c4c-709b-8262-c1dd3418b76b,
金匮真言论篇第四,01a0d5d5-3b2c-7663-b470-0cbf3b9bc32b,8,"
言人身之阴阳，则背为阳，腹为阴。
言人身之藏府中阴阳。则藏者为阴，府者为阳。肝心脾肺肾五藏皆为阴，胆胃大肠小肠膀胱三焦六府皆为阳。
所以欲知阴中",为,wei4,wei2 | wei4,polyphone,01a0d5d5-3c4c-709b-8262-c1de5f4a7b6a,
金匮真言论篇第四,01a0d5d5-3b2c-7663-b470-0cc04ad77bb6,9,"阴阳，则背为阳，腹为阴。
言人身之藏府中阴阳。则藏者为阴，府者为阳。肝心脾肺肾五藏皆为阴，胆胃大肠小肠膀胱三焦六府皆为阳。
所以欲知阴中之阴、阳中",脾,pi2,bi4 | pai2 | pi2 | pi4,polyphone,01a0d5d5-3c4f-75ff-bf3d-82cef009db2e,
金匮真言论篇第四,01a0d5d5-3b2c-7663-b470-0cc04ad77bb6,9,"阳，则背为阳，腹为阴。
言人身之藏府中阴阳。则藏者为阴，府者为阳。肝心脾肺肾五藏皆为阴，胆胃大肠小肠膀胱三焦六府皆为阳。
所以欲知阴中之阴、阳中之",肺,fei4,fei4 | pei4,polyphone,01a0d5d5-3c4f-75ff-bf3d-82cf9895aa92,
金匮真言论篇第四,01a0d5d5-3b2c-7663-b470-0cc04ad77bb6,9,"背为阳，腹为阴。
言人身之藏府中阴阳。则藏者为阴，府者为阳。肝心脾肺肾五藏皆为阴，胆胃大肠小肠膀胱三焦六府皆为阳。
所以欲知阴中之阴、阳中之阳者何",藏,cang2,cang2 | zang1 | zang4,polyphone,01a0d5d5-3c4f-75ff-bf3d-82d061caa5b6,
金匮真言论篇第四,01a0d5d5-3b2c-7663-b470-0cc04ad77bb6,9,"阳，腹为阴。
言人身之藏府中阴阳。则藏者为阴，府者为阳。肝心脾肺肾五藏皆为阴，胆胃大肠小肠膀胱三焦六府皆为阳。
所以欲知阴中之阴、阳中之阳者何也？",为,wei4,wei2 | wei4,polyphone,01a0d5d5-3c4f-75ff-bf3d-82d113a7b13e,
金匮真言论篇第四,01a0d5d5-3b2c-7663-b470-0cc04ad77bb6,9,"为阴。
言人身之藏府中阴阳。则藏者为阴，府者为阳。肝心脾肺肾五藏皆为阴，胆胃大肠小肠膀胱三焦六府皆为阳。
所以欲知阴中之阴、阳中之阳者何也？
为冬",胆,dan3,da2 | dan3 | tan2 | tan3,polyphone,01a0d5d5-3c4f-75ff-bf3d-82d22e68861e,
金匮真言论篇第四,01a0d5d5-3b2c-7663-b470-0cc04ad77bb6,9,"。
言人身之藏府中阴阳。则藏者为阴，府者为阳。肝心脾肺肾五藏皆为阴，胆胃大肠小肠膀胱三焦六府皆为阳。
所以欲知阴中之阴、阳中之阳者何也？
为冬病在",大,da4,da4 | dai4 | tai4,polyphone,01a0d5d5-3c4f-75ff-bf3d-82d33e997653,
金匮真言论篇第四,01a0d5d5-3b2c-7663-b470-0cc04ad77bb6,9,"身之藏府中阴阳。则藏者为阴，府者为阳。肝心脾肺肾五藏皆为阴，胆胃大肠小肠膀胱三焦六府皆为阳。
所以欲知阴中之阴、阳中之阳者何也？
为冬病在阴，夏病",膀,bang3,bang3 | bang4 | pang1 | pang2 | pang3,polyphone,01a0d5d5-3c4f-75ff-bf3d-82d42ecab268,
金匮真言论篇第四,01a0d5d5-3b2c-7663-b470-0cc04ad77bb6,9,"府中阴阳。则藏者为阴，府者为阳。肝心脾肺肾五藏皆为阴，胆胃大肠小肠膀胱三焦六府皆为阳。
所以欲知阴中之阴、阳中之阳者何也？
为冬病在阴，夏病在阳；",焦,jiao1,jiao1 | qiao2,polyphone,01a0d5d5-3c4f-75ff-bf3d-82d5fb6330a7,
金匮真言论篇第四,01a0d5d5-3b2c-7663-b470-0cc04ad77bb6,9,"中阴阳。则藏者为阴，府者为阳。肝心脾肺肾五藏皆为阴，胆胃大肠小肠膀胱三焦六府皆为阳。
所以欲知阴中之阴、阳中之阳者何也？
为冬病在阴，夏病在阳；春",六,liu4,liu4 | lu4,polyphone,01a0d5d5-3c4f-75ff-bf3d-82d6b6574bfd,
金匮真言论篇第四,01a0d5d5-3b2c-7663-b470-0cc04ad77bb6,9,"。则藏者为阴，府者为阳。肝心脾肺肾五藏皆为阴，胆胃大肠小肠膀胱三焦六府皆为阳。
所以欲知阴中之阴、阳中之阳者何也？
为冬病在阴，夏病在阳；春病在阴",为,wei4,wei2 | wei4,polyphone,01a0d5d5-3c4f-75ff-bf3d-82d7a738f700,
金匮真言论篇第四,01a0d5d5-3b2c-7663-b470-0cc04ad77bb6,9,"阴，府者为阳。肝心脾肺肾五藏皆为阴，胆胃大肠小肠膀胱三焦六府皆为阳。
所以欲知阴中之阴、阳中之阳者何也？
为冬病在阴，夏病在阳；春病在阴，秋病在阳",以,yi3,si4 | yi3,polyphone,01a0d5d5-3c4f-75ff-bf3d-82d831b70151,
金匮真言论篇第四,01a0d5d5-3b2c-7663-b470-0cc04ad77bb6,9,"府者为阳。肝心脾肺肾五藏皆为阴，胆胃大肠小肠膀胱三焦六府皆为阳。
所以欲知阴中之阴、阳中之阳者何也？
为冬病在阴，夏病在阳；春病在阴，秋病在阳。皆",知,zhi1,zhi1 | zhi4,polyphone,01a0d5d5-3c4f-75ff-bf3d-82d9b493420b,
金匮真言论篇第四,01a0d5d5-3b2c-7663-b470-0cc04ad77bb6,9,"为阳。肝心脾肺肾五藏皆为阴，胆胃大肠小肠膀胱三焦六府皆为阳。
所以欲知阴中之阴、阳中之阳者何也？
为冬病在阴，夏病在阳；春病在阴，秋病在阳。皆视其",中,zhong1,zhong1 | zhong4,polyphone,01a0d5d5-3c4f-75ff-bf3d-82daaf830cd9,
金匮真言论篇第四,01a0d5d5-3b2c-7663-b470-0cc04ad77bb6,9,"阳。肝心脾肺肾五藏皆为阴，胆胃大肠小肠膀胱三焦六府皆为阳。
所以欲知阴中之阴、阳中之阳者何也？
为冬病在阴，夏病在阳；春病在阴，秋病在阳。皆视其所",之,zhi1,zhi1 | zhi4 | zhu1,polyphone,01a0d5d5-3c4f-75ff-bf3d-82db4952806f,
金匮真言论篇第四,01a0d5d5-3b2c-7663-b470-0cc04ad77bb6,9,"脾肺肾五藏皆为阴，胆胃大肠小肠膀胱三焦六府皆为阳。
所以欲知阴中之阴、阳中之阳者何也？
为冬病在阴，夏病在阳；春病在阴，秋病在阳。皆视其所在，为施",中,zhong1,zhong1 | zhong4,polyphone,01a0d5d5-3c4f-75ff-bf3d-82dcce33c68f,
金匮真言论篇第四,01a0d5d5-3b2c-7663-b470-0cc04ad77bb6,9,"肺肾五藏皆为阴，胆胃大肠小肠膀胱三焦六府皆为阳。
所以欲知阴中之阴、阳中之阳者何也？
为冬病在阴，夏病在阳；春病在阴，秋病在阳。皆视其所在，为施鍼",之,zhi1,zhi1 | zhi4 | zhu1,polyphone,01a0d5d5-3c4f-75ff-bf3d-82ddcbd11e3e,
金匮真言论篇第四,01a0d5d5-3b2c-7663-b470-0cc04ad77bb6,9,"藏皆为阴，胆胃大肠小肠膀胱三焦六府皆为阳。
所以欲知阴中之阴、阳中之阳者何也？
为冬病在阴，夏病在阳；春病在阴，秋病在阳。皆视其所在，为施鍼石也。",何,he2,he2 | he4,polyphone,01a0d5d5-3c4f-75ff-bf3d-82de54c462c9,
金匮真言论篇第四,01a0d5d5-3b2c-7663-b470-0cc04ad77bb6,9,"皆为阴，胆胃大肠小肠膀胱三焦六府皆为阳。
所以欲知阴中之阴、阳中之阳者何也？
为冬病在阴，夏病在阳；春病在阴，秋病在阳。皆视其所在，为施鍼石也。故",也,ye3,ye3 | yi2,polyphone,01a0d5d5-3c4f-75ff-bf3d-82dfbce4ba1a,
金匮真言论篇第四,01a0d5d5-3b2c-7663-b470-0cc04ad77bb6,9,"，胆胃大肠小肠膀胱三焦六府皆为阳。
所以欲知阴中之阴、阳中之阳者何也？
为冬病在阴，夏病在阳；春病在阴，秋病在阳。皆视其所在，为施鍼石也。故背为阳",为,wei4,wei2 | wei4,polyphone,01a0d5d5-3c4f-75ff-bf3d-82e0a44171d0,
金匮真言论篇第四,01a0d5d5-3b2c-7663-b470-0cc04ad77bb6,9,"肠膀胱三焦六府皆为阳。
所以欲知阴中之阴、阳中之阳者何也？
为冬病在阴，夏病在阳；春病在阴，秋病在阳。皆视其所在，为施鍼石也。故背为阳，阳中之阳，",夏,xia4,jia3 | xia4,polyphone,01a0d5d5-3c4f-75ff-bf3d-82e13ded8e32,
金匮真言论篇第四,01a0d5d5-3b2c-7663-b470-0cc04ad77bb6,9,"六府皆为阳。
所以欲知阴中之阴、阳中之阳者何也？
为冬病在阴，夏病在阳；春病在阴，秋病在阳。皆视其所在，为施鍼石也。故背为阳，阳中之阳，心也；
背",春,chun1,chun1 | chun3,polyphone,01a0d5d5-3c4f-75ff-bf3d-82e29868c11a,
金匮真言论篇第四,01a0d5d5-3b2c-7663-b470-0cc04ad77bb6,9,"中之阴、阳中之阳者何也？
为冬病在阴，夏病在阳；春病在阴，秋病在阳。皆视其所在，为施鍼石也。故背为阳，阳中之阳，心也；
背为阳，阳中之阴，肺也；
",其,qi2,ji1 | ji4 | qi2,polyphone,01a0d5d5-3c4f-75ff-bf3d-82e30b06c527,
金匮真言论篇第四,01a0d5d5-3b2c-7663-b470-0cc04ad77bb6,9,"阳中之阳者何也？
为冬病在阴，夏病在阳；春病在阴，秋病在阳。皆视其所在，为施鍼石也。故背为阳，阳中之阳，心也；
背为阳，阳中之阴，肺也；
腹为阴，",为,wei4,wei2 | wei4,polyphone,01a0d5d5-3c4f-75ff-bf3d-82e4ef7e7728,
金匮真言论篇第四,01a0d5d5-3b2c-7663-b470-0cc04ad77bb6,9,"中之阳者何也？
为冬病在阴，夏病在阳；春病在阴，秋病在阳。皆视其所在，为施鍼石也。故背为阳，阳中之阳，心也；
背为阳，阳中之阴，肺也；
腹为阴，阴",施,shi1,shi1 | shi3 | yi4,polyphone,01a0d5d5-3c4f-75ff-bf3d-82e50b2a9817,
金匮真言论篇第四,01a0d5d5-3b2c-7663-b470-0cc04ad77bb6,9,"者何也？
为冬病在阴，夏病在阳；春病在阴，秋病在阳。皆视其所在，为施鍼石也。故背为阳，阳中之阳，心也；
背为阳，阳中之阴，肺也；
腹为阴，阴中之阴",也,ye3,ye3 | yi2,polyphone,01a0d5d5-3c4f-75ff-bf3d-82e80a45ccd8,
金匮真言论篇第四,01a0d5d5-3b2c-7663-b470-0cc1df8f3f1b,10,"？
为冬病在阴，夏病在阳；春病在阴，秋病在阳。皆视其所在，为施鍼石也。故背为阳，阳中之阳，心也；
背为阳，阳中之阴，肺也；
腹为阴，阴中之阴，肾也",背,bei4,bei1 | bei4,polyphone,01a0d5d5-3c53-7599-a094-7fdc84cb0b33,
金匮真言论篇第四,01a0d5d5-3b2c-7663-b470-0cc1df8f3f1b,10,"
为冬病在阴，夏病在阳；春病在阴，秋病在阳。皆视其所在，为施鍼石也。故背为阳，阳中之阳，心也；
背为阳，阳中之阴，肺也；
腹为阴，阴中之阴，肾也；",为,wei4,wei2 | wei4,polyphone,01a0d5d5-3c53-7599-a094-7fdda7016012,
金匮真言论篇第四,01a0d5d5-3b2c-7663-b470-0cc1df8f3f1b,10,"在阴，夏病在阳；春病在阴，秋病在阳。皆视其所在，为施鍼石也。故背为阳，阳中之阳，心也；
背为阳，阳中之阴，肺也；
腹为阴，阴中之阴，肾也；
腹为阴",中,zhong1,zhong1 | zhong4,polyphone,01a0d5d5-3c53-7599-a094-7fde3179ae8f,
金匮真言论篇第四,01a0d5d5-3b2c-7663-b470-0cc1df8f3f1b,10,"阴，夏病在阳；春病在阴，秋病在阳。皆视其所在，为施鍼石也。故背为阳，阳中之阳，心也；
背为阳，阳中之阴，肺也；
腹为阴，阴中之阴，肾也；
腹为阴，",之,zhi1,zhi1 | zhi4 | zhu1,polyphone,01a0d5d5-3c53-7599-a094-7fdfed5caf5a,
金匮真言论篇第四,01a0d5d5-3b2c-7663-b470-0cc1df8f3f1b,10,"在阳；春病在阴，秋病在阳。皆视其所在，为施鍼石也。故背为阳，阳中之阳，心也；
背为阳，阳中之阴，肺也；
腹为阴，阴中之阴，肾也；
腹为阴，阴中之阳",也,ye3,ye3 | yi2,polyphone,01a0d5d5-3c53-7599-a094-7fe0a9ed5387,
金匮真言论篇第四,01a0d5d5-3b2c-7663-b470-0cc1df8f3f1b,10,"春病在阴，秋病在阳。皆视其所在，为施鍼石也。故背为阳，阳中之阳，心也；
背为阳，阳中之阴，肺也；
腹为阴，阴中之阴，肾也；
腹为阴，阴中之阳，肝也",背,bei4,bei1 | bei4,polyphone,01a0d5d5-3c53-7599-a094-7fe1f8847e16,
金匮真言论篇第四,01a0d5d5-3b2c-7663-b470-0cc1df8f3f1b,10,"病在阴，秋病在阳。皆视其所在，为施鍼石也。故背为阳，阳中之阳，心也；
背为阳，阳中之阴，肺也；
腹为阴，阴中之阴，肾也；
腹为阴，阴中之阳，肝也；",为,wei4,wei2 | wei4,polyphone,01a0d5d5-3c53-7599-a094-7fe2658b22ec,
金匮真言论篇第四,01a0d5d5-3b2c-7663-b470-0cc1df8f3f1b,10,"秋病在阳。皆视其所在，为施鍼石也。故背为阳，阳中之阳，心也；
背为阳，阳中之阴，肺也；
腹为阴，阴中之阴，肾也；
腹为阴，阴中之阳，肝也；
腹为阴",中,zhong1,zhong1 | zhong4,polyphone,01a0d5d5-3c53-7599-a094-7fe3c1ff14c7,
金匮真言论篇第四,01a0d5d5-3b2c-7663-b470-0cc1df8f3f1b,10,"病在阳。皆视其所在，为施鍼石也。故背为阳，阳中之阳，心也；
背为阳，阳中之阴，肺也；
腹为阴，阴中之阴，肾也；
腹为阴，阴中之阳，肝也；
腹为阴，",之,zhi1,zhi1 | zhi4 | zhu1,polyphone,01a0d5d5-3c53-7599-a094-7fe4cdd46a63,
金匮真言论篇第四,01a0d5d5-3b2c-7663-b470-0cc1df8f3f1b,10,"。皆视其所在，为施鍼石也。故背为阳，阳中之阳，心也；
背为阳，阳中之阴，肺也；
腹为阴，阴中之阴，肾也；
腹为阴，阴中之阳，肝也；
腹为阴，阴中之",肺,fei4,fei4 | pei4,polyphone,01a0d5d5-3c53-7599-a094-7fe5160f669b,
金匮真言论篇第四,01a0d5d5-3b2c-7663-b470-0cc1df8f3f1b,10,"皆视其所在，为施鍼石也。故背为阳，阳中之阳，心也；
背为阳，阳中之阴，肺也；
腹为阴，阴中之阴，肾也；
腹为阴，阴中之阳，肝也；
腹为阴，阴中之至",也,ye3,ye3 | yi2,polyphone,01a0d5d5-3c53-7599-a094-7fe6fe25da0e,
金匮真言论篇第四,01a0d5d5-3b2c-7663-b470-0cc1df8f3f1b,10,"在，为施鍼石也。故背为阳，阳中之阳，心也；
背为阳，阳中之阴，肺也；
腹为阴，阴中之阴，肾也；
腹为阴，阴中之阳，肝也；
腹为阴，阴中之至阴，脾也",为,wei4,wei2 | wei4,polyphone,01a0d5d5-3c53-7599-a094-7fe7831fcd55,
金匮真言论篇第四,01a0d5d5-3b2c-7663-b470-0cc1df8f3f1b,10,"鍼石也。故背为阳，阳中之阳，心也；
背为阳，阳中之阴，肺也；
腹为阴，阴中之阴，肾也；
腹为阴，阴中之阳，肝也；
腹为阴，阴中之至阴，脾也。此皆阴",中,zhong1,zhong1 | zhong4,polyphone,01a0d5d5-3c53-7599-a094-7fe8a9255087,
金匮真言论篇第四,01a0d5d5-3b2c-7663-b470-0cc1df8f3f1b,10,"石也。故背为阳，阳中之阳，心也；
背为阳，阳中之阴，肺也；
腹为阴，阴中之阴，肾也；
腹为阴，阴中之阳，肝也；
腹为阴，阴中之至阴，脾也。此皆阴阳",之,zhi1,zhi1 | zhi4 | zhu1,polyphone,01a0d5d5-3c53-7599-a094-7fe9165fca81,
金匮真言论篇第四,01a0d5d5-3b2c-7663-b470-0cc1df8f3f1b,10,"背为阳，阳中之阳，心也；
背为阳，阳中之阴，肺也；
腹为阴，阴中之阴，肾也；
腹为阴，阴中之阳，肝也；
腹为阴，阴中之至阴，脾也。此皆阴阳、表里、",也,ye3,ye3 | yi2,polyphone,01a0d5d5-3c53-7599-a094-7fea5bc7ad46,
金匮真言论篇第四,01a0d5d5-3b2c-7663-b470-0cc1df8f3f1b,10,"阳中之阳，心也；
背为阳，阳中之阴，肺也；
腹为阴，阴中之阴，肾也；
腹为阴，阴中之阳，肝也；
腹为阴，阴中之至阴，脾也。此皆阴阳、表里、内外、雌",为,wei4,wei2 | wei4,polyphone,01a0d5d5-3c53-7599-a094-7febf37aae7b,
金匮真言论篇第四,01a0d5d5-3b2c-7663-b470-0cc1df8f3f1b,10,"，心也；
背为阳，阳中之阴，肺也；
腹为阴，阴中之阴，肾也；
腹为阴，阴中之阳，肝也；
腹为阴，阴中之至阴，脾也。此皆阴阳、表里、内外、雌雄相输应",中,zhong1,zhong1 | zhong4,polyphone,01a0d5d5-3c53-7599-a094-7fec964734c9,
金匮真言论篇第四,01a0d5d5-3b2c-7663-b470-0cc1df8f3f1b,10,"心也；
背为阳，阳中之阴，肺也；
腹为阴，阴中之阴，肾也；
腹为阴，阴中之阳，肝也；
腹为阴，阴中之至阴，脾也。此皆阴阳、表里、内外、雌雄相输应也",之,zhi1,zhi1 | zhi4 | zhu1,polyphone,01a0d5d5-3c53-7599-a094-7fed76431429,
金匮真言论篇第四,01a0d5d5-3b2c-7663-b470-0cc1df8f3f1b,10,"背为阳，阳中之阴，肺也；
腹为阴，阴中之阴，肾也；
腹为阴，阴中之阳，肝也；
腹为阴，阴中之至阴，脾也。此皆阴阳、表里、内外、雌雄相输应也，故以应",也,ye3,ye3 | yi2,polyphone,01a0d5d5-3c53-7599-a094-7feece4e2448,
金匮真言论篇第四,01a0d5d5-3b2c-7663-b470-0cc1df8f3f1b,10,"阳中之阴，肺也；
腹为阴，阴中之阴，肾也；
腹为阴，阴中之阳，肝也；
腹为阴，阴中之至阴，脾也。此皆阴阳、表里、内外、雌雄相输应也，故以应天之阴阳",为,wei4,wei2 | wei4,polyphone,01a0d5d5-3c53-7599-a094-7fef0c0a4792,
金匮真言论篇第四,01a0d5d5-3b2c-7663-b470-0cc1df8f3f1b,10,"，肺也；
腹为阴，阴中之阴，肾也；
腹为阴，阴中之阳，肝也；
腹为阴，阴中之至阴，脾也。此皆阴阳、表里、内外、雌雄相输应也，故以应天之阴阳也。

",中,zhong1,zhong1 | zhong4,polyphone,01a0d5d5-3c53-7599-a094-7ff0f346ceda,
金匮真言论篇第四,01a0d5d5-3b2c-7663-b470-0cc1df8f3f1b,10,"肺也；
腹为阴，阴中之阴，肾也；
腹为阴，阴中之阳，肝也；
腹为阴，阴中之至阴，脾也。此皆阴阳、表里、内外、雌雄相输应也，故以应天之阴阳也。

帝",之,zhi1,zhi1 | zhi4 | zhu1,polyphone,01a0d5d5-3c53-7599-a094-7ff16d6d9e69,
金匮真言论篇第四,01a0d5d5-3b2c-7663-b470-0cc1df8f3f1b,10,"也；
腹为阴，阴中之阴，肾也；
腹为阴，阴中之阳，肝也；
腹为阴，阴中之至阴，脾也。此皆阴阳、表里、内外、雌雄相输应也，故以应天之阴阳也。

帝曰",至,zhi4,die2 | zhi4,polyphone,01a0d5d5-3c53-7599-a094-7ff2542d2b2b,
金匮真言论篇第四,01a0d5d5-3b2c-7663-b470-0cc1df8f3f1b,10,"腹为阴，阴中之阴，肾也；
腹为阴，阴中之阳，肝也；
腹为阴，阴中之至阴，脾也。此皆阴阳、表里、内外、雌雄相输应也，故以应天之阴阳也。

帝曰：五藏",脾,pi2,bi4 | pai2 | pi2 | pi4,polyphone,01a0d5d5-3c53-7599-a094-7ff3c587d8b5,
金匮真言论篇第四,01a0d5d5-3b2c-7663-b470-0cc1df8f3f1b,10,"为阴，阴中之阴，肾也；
腹为阴，阴中之阳，肝也；
腹为阴，阴中之至阴，脾也。此皆阴阳、表里、内外、雌雄相输应也，故以应天之阴阳也。

帝曰：五藏应",也,ye3,ye3 | yi2,polyphone,01a0d5d5-3c53-7599-a094-7ff492951b47,
金匮真言论篇第四,01a0d5d5-3b2c-7663-b470-0cc28bbb8ec1,11,"；
腹为阴，阴中之阳，肝也；
腹为阴，阴中之至阴，脾也。此皆阴阳、表里、内外、雌雄相输应也，故以应天之阴阳也。

帝曰：五藏应四时，各有收受乎？
",内,nei4,na4 | nei4 | rui4,polyphone,01a0d5d5-3c56-75ba-8723-02ec677a4836,
金匮真言论篇第四,01a0d5d5-3b2c-7663-b470-0cc28bbb8ec1,11,"，阴中之阳，肝也；
腹为阴，阴中之至阴，脾也。此皆阴阳、表里、内外、雌雄相输应也，故以应天之阴阳也。

帝曰：五藏应四时，各有收受乎？

岐伯曰：",相,xiang1,xiang1 | xiang4,polyphone,01a0d5d5-3c56-75ba-8723-02ed97403985,
金匮真言论篇第四,01a0d5d5-3b2c-7663-b470-0cc28bbb8ec1,11,"之阳，肝也；
腹为阴，阴中之至阴，脾也。此皆阴阳、表里、内外、雌雄相输应也，故以应天之阴阳也。

帝曰：五藏应四时，各有收受乎？

岐伯曰：有。东",也,ye3,ye3 | yi2,polyphone,01a0d5d5-3c56-75ba-8723-02efeec96ee9,
金匮真言论篇第四,01a0d5d5-3b2c-7663-b470-0cc28bbb8ec1,11,"肝也；
腹为阴，阴中之至阴，脾也。此皆阴阳、表里、内外、雌雄相输应也，故以应天之阴阳也。

帝曰：五藏应四时，各有收受乎？

岐伯曰：有。东方青色",以,yi3,si4 | yi3,polyphone,01a0d5d5-3c56-75ba-8723-02f099701889,
金匮真言论篇第四,01a0d5d5-3b2c-7663-b470-0cc28bbb8ec1,11,"也；
腹为阴，阴中之至阴，脾也。此皆阴阳、表里、内外、雌雄相输应也，故以应天之阴阳也。

帝曰：五藏应四时，各有收受乎？

岐伯曰：有。东方青色，",应,ying1,ying1 | ying4,polyphone,01a0d5d5-3c56-75ba-8723-02f158a27930,
金匮真言论篇第四,01a0d5d5-3b2c-7663-b470-0cc28bbb8ec1,11,"
腹为阴，阴中之至阴，脾也。此皆阴阳、表里、内外、雌雄相输应也，故以应天之阴阳也。

帝曰：五藏应四时，各有收受乎？

岐伯曰：有。东方青色，入通",之,zhi1,zhi1 | zhi4 | zhu1,polyphone,01a0d5d5-3c56-75ba-8723-02f2e68b5c1c,
金匮真言论篇第四,01a0d5d5-3b2c-7663-b470-0cc28bbb8ec1,11,"阴，阴中之至阴，脾也。此皆阴阳、表里、内外、雌雄相输应也，故以应天之阴阳也。

帝曰：五藏应四时，各有收受乎？

岐伯曰：有。东方青色，入通于肝，",也,ye3,ye3 | yi2,polyphone,01a0d5d5-3c56-75ba-8723-02f3997f37a7,
金匮真言论篇第四,01a0d5d5-3b2c-7663-b470-0cc28bbb8ec1,11,"脾也。此皆阴阳、表里、内外、雌雄相输应也，故以应天之阴阳也。

帝曰：五藏应四时，各有收受乎？

岐伯曰：有。东方青色，入通于肝，开窍于目，藏精于",藏,cang2,cang2 | zang1 | zang4,polyphone,01a0d5d5-3c56-75ba-8723-02f4511f8e6b,
金匮真言论篇第四,01a0d5d5-3b2c-7663-b470-0cc28bbb8ec1,11,"也。此皆阴阳、表里、内外、雌雄相输应也，故以应天之阴阳也。

帝曰：五藏应四时，各有收受乎？

岐伯曰：有。东方青色，入通于肝，开窍于目，藏精于肝",应,ying1,ying1 | ying4,polyphone,01a0d5d5-3c56-75ba-8723-02f5745e6375,
金匮真言论篇第四,01a0d5d5-3b2c-7663-b470-0cc28bbb8ec1,11,"阴阳、表里、内外、雌雄相输应也，故以应天之阴阳也。

帝曰：五藏应四时，各有收受乎？

岐伯曰：有。东方青色，入通于肝，开窍于目，藏精于肝，其病发",各,ge4,ge3 | ge4,polyphone,01a0d5d5-3c56-75ba-8723-02f6a084ead5,
金匮真言论篇第四,01a0d5d5-3b2c-7663-b470-0cc28bbb8ec1,11,"阳、表里、内外、雌雄相输应也，故以应天之阴阳也。

帝曰：五藏应四时，各有收受乎？

岐伯曰：有。东方青色，入通于肝，开窍于目，藏精于肝，其病发惊",有,you3,wei3 | you3 | you4,polyphone,01a0d5d5-3c56-75ba-8723-02f72843d289,
金匮真言论篇第四,01a0d5d5-3b2c-7663-b470-0cc28bbb8ec1,11,"表里、内外、雌雄相输应也，故以应天之阴阳也。

帝曰：五藏应四时，各有收受乎？

岐伯曰：有。东方青色，入通于肝，开窍于目，藏精于肝，其病发惊骇，",受,shou4,dao4 | shou4,polyphone,01a0d5d5-3c56-75ba-8723-02f8001ac914,
金匮真言论篇第四,01a0d5d5-3b2c-7663-b470-0cc28bbb8ec1,11,"雌雄相输应也，故以应天之阴阳也。

帝曰：五藏应四时，各有收受乎？

岐伯曰：有。东方青色，入通于肝，开窍于目，藏精于肝，其病发惊骇，其味酸，其类",伯,bo2,ba4 | bai3 | bo2 | mo4,polyphone,01a0d5d5-3c56-75ba-8723-02f9228070b7,
金匮真言论篇第四,01a0d5d5-3b2c-7663-b470-0cc28bbb8ec1,11,"输应也，故以应天之阴阳也。

帝曰：五藏应四时，各有收受乎？

岐伯曰：有。东方青色，入通于肝，开窍于目，藏精于肝，其病发惊骇，其味酸，其类草木，",有,you3,wei3 | you3 | you4,polyphone,01a0d5d5-3c56-75ba-8723-02fa08c934de,
金匮真言论篇第四,01a0d5d5-3b2c-7663-b470-0cc396921c65,12,"，故以应天之阴阳也。

帝曰：五藏应四时，各有收受乎？

岐伯曰：有。东方青色，入通于肝，开窍于目，藏精于肝，其病发惊骇，其味酸，其类草木，其畜鸡",方,fang1,fang1 | fang2 | fang3 | feng1 | pang2 | wang3,polyphone,01a0d5d5-3c58-722d-a358-3b4c94ebbb7d,
金匮真言论篇第四,01a0d5d5-3b2c-7663-b470-0cc396921c65,12,"故以应天之阴阳也。

帝曰：五藏应四时，各有收受乎？

岐伯曰：有。东方青色，入通于肝，开窍于目，藏精于肝，其病发惊骇，其味酸，其类草木，其畜鸡，",青,qing1,jing1 | qing1,polyphone,01a0d5d5-3c58-722d-a358-3b4de37cfecd,
金匮真言论篇第四,01a0d5d5-3b2c-7663-b470-0cc396921c65,12,"以应天之阴阳也。

帝曰：五藏应四时，各有收受乎？

岐伯曰：有。东方青色，入通于肝，开窍于目，藏精于肝，其病发惊骇，其味酸，其类草木，其畜鸡，其",色,se4,se4 | shai3,polyphone,01a0d5d5-3c58-722d-a358-3b4efe888da9,
金匮真言论篇第四,01a0d5d5-3b2c-7663-b470-0cc396921c65,12,"之阴阳也。

帝曰：五藏应四时，各有收受乎？

岐伯曰：有。东方青色，入通于肝，开窍于目，藏精于肝，其病发惊骇，其味酸，其类草木，其畜鸡，其谷麦，",通,tong1,tong1 | tong4,polyphone,01a0d5d5-3c58-722d-a358-3b4f43e824f8,
金匮真言论篇第四,01a0d5d5-3b2c-7663-b470-0cc396921c65,12,"阴阳也。

帝曰：五藏应四时，各有收受乎？

岐伯曰：有。东方青色，入通于肝，开窍于目，藏精于肝，其病发惊骇，其味酸，其类草木，其畜鸡，其谷麦，其",于,yu2,wei2 | xu1 | yu1 | yu2,polyphone,01a0d5d5-3c59-7209-b786-2a428e987fb4,
金匮真言论篇第四,01a0d5d5-3b2c-7663-b470-0cc396921c65,12,"
帝曰：五藏应四时，各有收受乎？

岐伯曰：有。东方青色，入通于肝，开窍于目，藏精于肝，其病发惊骇，其味酸，其类草木，其畜鸡，其谷麦，其应四时，上",于,yu2,wei2 | xu1 | yu1 | yu2,polyphone,01a0d5d5-3c59-7209-b786-2a43bca8fb19,
金匮真言论篇第四,01a0d5d5-3b2c-7663-b470-0cc396921c65,12,"藏应四时，各有收受乎？

岐伯曰：有。东方青色，入通于肝，开窍于目，藏精于肝，其病发惊骇，其味酸，其类草木，其畜鸡，其谷麦，其应四时，上为岁星，是",于,yu2,wei2 | xu1 | yu1 | yu2,polyphone,01a0d5d5-3c59-7209-b786-2a466d0bc713,
金匮真言论篇第四,01a0d5d5-3b2c-7663-b470-0cc396921c65,12,"时，各有收受乎？

岐伯曰：有。东方青色，入通于肝，开窍于目，藏精于肝，其病发惊骇，其味酸，其类草木，其畜鸡，其谷麦，其应四时，上为岁星，是以春气",其,qi2,ji1 | ji4 | qi2,polyphone,01a0d5d5-3c59-7209-b786-2a47292140f9,
金匮真言论篇第四,01a0d5d5-3b2c-7663-b470-0cc396921c65,12,"各有收受乎？

岐伯曰：有。东方青色，入通于肝，开窍于目，藏精于肝，其病发惊骇，其味酸，其类草木，其畜鸡，其谷麦，其应四时，上为岁星，是以春气在头",发,fa1,fa1 | fa4,polyphone,01a0d5d5-3c59-7209-b786-2a483315a635,
金匮真言论篇第四,01a0d5d5-3b2c-7663-b470-0cc396921c65,12,"有收受乎？

岐伯曰：有。东方青色，入通于肝，开窍于目，藏精于肝，其病发惊骇，其味酸，其类草木，其畜鸡，其谷麦，其应四时，上为岁星，是以春气在头也",惊,jing1,jing1 | liang2,polyphone,01a0d5d5-3c59-7209-b786-2a49396fd8eb,
金匮真言论篇第四,01a0d5d5-3b2c-7663-b470-0cc396921c65,12,"乎？

岐伯曰：有。东方青色，入通于肝，开窍于目，藏精于肝，其病发惊骇，其味酸，其类草木，其畜鸡，其谷麦，其应四时，上为岁星，是以春气在头也，其音",其,qi2,ji1 | ji4 | qi2,polyphone,01a0d5d5-3c59-7209-b786-2a4a4ae5ba54,
金匮真言论篇第四,01a0d5d5-3b2c-7663-b470-0cc396921c65,12,"？

岐伯曰：有。东方青色，入通于肝，开窍于目，藏精于肝，其病发惊骇，其味酸，其类草木，其畜鸡，其谷麦，其应四时，上为岁星，是以春气在头也，其音角",味,wei4,mei4 | wei4,polyphone,01a0d5d5-3c59-7209-b786-2a4b4ab8f6ea,
金匮真言论篇第四,01a0d5d5-3b2c-7663-b470-0cc396921c65,12,岐伯曰：有。东方青色，入通于肝，开窍于目，藏精于肝，其病发惊骇，其味酸，其类草木，其畜鸡，其谷麦，其应四时，上为岁星，是以春气在头也，其音角，其数,其,qi2,ji1 | ji4 | qi2,polyphone,01a0d5d5-3c59-7209-b786-2a4caad165d9,
金匮真言论篇第四,01a0d5d5-3b2c-7663-b470-0cc396921c65,12,曰：有。东方青色，入通于肝，开窍于目，藏精于肝，其病发惊骇，其味酸，其类草木，其畜鸡，其谷麦，其应四时，上为岁星，是以春气在头也，其音角，其数八，,草,cao3,cao3 | zao4,polyphone,01a0d5d5-3c59-7209-b786-2a4d4fe9177b,
金匮真言论篇第四,01a0d5d5-3b2c-7663-b470-0cc396921c65,12,色，入通于肝，开窍于目，藏精于肝，其病发惊骇，其味酸，其类草木，其畜鸡，其谷麦，其应四时，上为岁星，是以春气在头也，其音角，其数八，是以知病之在筋,其,qi2,ji1 | ji4 | qi2,polyphone,01a0d5d5-3c59-7209-b786-2a50cd8eee8f,
金匮真言论篇第四,01a0d5d5-3b2c-7663-b470-0cc396921c65,12,，入通于肝，开窍于目，藏精于肝，其病发惊骇，其味酸，其类草木，其畜鸡，其谷麦，其应四时，上为岁星，是以春气在头也，其音角，其数八，是以知病之在筋也,谷,gu3,gu3 | lu4 | yu4,polyphone,01a0d5d5-3c59-7209-b786-2a51be830e61,
金匮真言论篇第四,01a0d5d5-3b2c-7663-b470-0cc396921c65,12,于肝，开窍于目，藏精于肝，其病发惊骇，其味酸，其类草木，其畜鸡，其谷麦，其应四时，上为岁星，是以春气在头也，其音角，其数八，是以知病之在筋也，其臭,其,qi2,ji1 | ji4 | qi2,polyphone,01a0d5d5-3c59-7209-b786-2a520c10bb10,
金匮真言论篇第四,01a0d5d5-3b2c-7663-b470-0cc396921c65,12,肝，开窍于目，藏精于肝，其病发惊骇，其味酸，其类草木，其畜鸡，其谷麦，其应四时，上为岁星，是以春气在头也，其音角，其数八，是以知病之在筋也，其臭臊,应,ying1,ying1 | ying4,polyphone,01a0d5d5-3c59-7209-b786-2a53f311e1d0,
金匮真言论篇第四,01a0d5d5-3b2c-7663-b470-0cc396921c65,12,"于目，藏精于肝，其病发惊骇，其味酸，其类草木，其畜鸡，其谷麦，其应四时，上为岁星，是以春气在头也，其音角，其数八，是以知病之在筋也，其臭臊。
南方",上,shang4,shang3 | shang4,polyphone,01a0d5d5-3c59-7209-b786-2a5425a84f4d,
金匮真言论篇第四,01a0d5d5-3b2c-7663-b470-0cc396921c65,12,"目，藏精于肝，其病发惊骇，其味酸，其类草木，其畜鸡，其谷麦，其应四时，上为岁星，是以春气在头也，其音角，其数八，是以知病之在筋也，其臭臊。
南方赤",为,wei4,wei2 | wei4,polyphone,01a0d5d5-3c59-7209-b786-2a55e666e2b6,
金匮真言论篇第四,01a0d5d5-3b2c-7663-b470-0cc396921c65,12,"于肝，其病发惊骇，其味酸，其类草木，其畜鸡，其谷麦，其应四时，上为岁星，是以春气在头也，其音角，其数八，是以知病之在筋也，其臭臊。
南方赤色，入通",是,shi4,shi4 | ti2,polyphone,01a0d5d5-3c59-7209-b786-2a56c9c69d2d,
金匮真言论篇第四,01a0d5d5-3b2c-7663-b470-0cc396921c65,12,"肝，其病发惊骇，其味酸，其类草木，其畜鸡，其谷麦，其应四时，上为岁星，是以春气在头也，其音角，其数八，是以知病之在筋也，其臭臊。
南方赤色，入通于",以,yi3,si4 | yi3,polyphone,01a0d5d5-3c59-7209-b786-2a5750e92af0,
金匮真言论篇第四,01a0d5d5-3b2c-7663-b470-0cc396921c65,12,"，其病发惊骇，其味酸，其类草木，其畜鸡，其谷麦，其应四时，上为岁星，是以春气在头也，其音角，其数八，是以知病之在筋也，其臭臊。
南方赤色，入通于心",春,chun1,chun1 | chun3,polyphone,01a0d5d5-3c59-7209-b786-2a584a1512c6,
金匮真言论篇第四,01a0d5d5-3b2c-7663-b470-0cc396921c65,12,"其病发惊骇，其味酸，其类草木，其畜鸡，其谷麦，其应四时，上为岁星，是以春气在头也，其音角，其数八，是以知病之在筋也，其臭臊。
南方赤色，入通于心，",气,qi4,qi3 | qi4,polyphone,01a0d5d5-3c59-7209-b786-2a59f9fa2b03,
金匮真言论篇第四,01a0d5d5-3b2c-7663-b470-0cc396921c65,12,"惊骇，其味酸，其类草木，其畜鸡，其谷麦，其应四时，上为岁星，是以春气在头也，其音角，其数八，是以知病之在筋也，其臭臊。
南方赤色，入通于心，开窍于",也,ye3,ye3 | yi2,polyphone,01a0d5d5-3c59-7209-b786-2a5a06edb11c,
金匮真言论篇第四,01a0d5d5-3b2c-7663-b470-0cc396921c65,12,"，其味酸，其类草木，其畜鸡，其谷麦，其应四时，上为岁星，是以春气在头也，其音角，其数八，是以知病之在筋也，其臭臊。
南方赤色，入通于心，开窍于耳，",其,qi2,ji1 | ji4 | qi2,polyphone,01a0d5d5-3c59-7209-b786-2a5b280bbf69,
金匮真言论篇第四,01a0d5d5-3b2c-7663-b470-0cc396921c65,12,"，其类草木，其畜鸡，其谷麦，其应四时，上为岁星，是以春气在头也，其音角，其数八，是以知病之在筋也，其臭臊。
南方赤色，入通于心，开窍于耳，藏精于心",其,qi2,ji1 | ji4 | qi2,polyphone,01a0d5d5-3c59-7209-b786-2a5d6d9415e9,
金匮真言论篇第四,01a0d5d5-3b2c-7663-b470-0cc396921c65,12,"其类草木，其畜鸡，其谷麦，其应四时，上为岁星，是以春气在头也，其音角，其数八，是以知病之在筋也，其臭臊。
南方赤色，入通于心，开窍于耳，藏精于心，",数,shu4,shu3 | shu4 | shuo4,polyphone,01a0d5d5-3c59-7209-b786-2a5e0138c304,
金匮真言论篇第四,01a0d5d5-3b2c-7663-b470-0cc396921c65,12,"类草木，其畜鸡，其谷麦，其应四时，上为岁星，是以春气在头也，其音角，其数八，是以知病之在筋也，其臭臊。
南方赤色，入通于心，开窍于耳，藏精于心，故",八,ba1,ba1 | ba2,polyphone,01a0d5d5-3c59-7209-b786-2a5f5ef3be0c,
金匮真言论篇第四,01a0d5d5-3b2c-7663-b470-0cc396921c65,12,"木，其畜鸡，其谷麦，其应四时，上为岁星，是以春气在头也，其音角，其数八，是以知病之在筋也，其臭臊。
南方赤色，入通于心，开窍于耳，藏精于心，故病在",是,shi4,shi4 | ti2,polyphone,01a0d5d5-3c59-7209-b786-2a60dc7b69d1,
金匮真言论篇第四,01a0d5d5-3b2c-7663-b470-0cc396921c65,12,"，其畜鸡，其谷麦，其应四时，上为岁星，是以春气在头也，其音角，其数八，是以知病之在筋也，其臭臊。
南方赤色，入通于心，开窍于耳，藏精于心，故病在五",以,yi3,si4 | yi3,polyphone,01a0d5d5-3c59-7209-b786-2a61a1d5e234,
金匮真言论篇第四,01a0d5d5-3b2c-7663-b470-0cc396921c65,12,"其畜鸡，其谷麦，其应四时，上为岁星，是以春气在头也，其音角，其数八，是以知病之在筋也，其臭臊。
南方赤色，入通于心，开窍于耳，藏精于心，故病在五藏",知,zhi1,zhi1 | zhi4,polyphone,01a0d5d5-3c59-7209-b786-2a627ebebd5c,
金匮真言论篇第四,01a0d5d5-3b2c-7663-b470-0cc396921c65,12,"鸡，其谷麦，其应四时，上为岁星，是以春气在头也，其音角，其数八，是以知病之在筋也，其臭臊。
南方赤色，入通于心，开窍于耳，藏精于心，故病在五藏，其",之,zhi1,zhi1 | zhi4 | zhu1,polyphone,01a0d5d5-3c59-7209-b786-2a6388defe9c,
金匮真言论篇第四,01a0d5d5-3b2c-7663-b470-0cc396921c65,12,"其谷麦，其应四时，上为岁星，是以春气在头也，其音角，其数八，是以知病之在筋也，其臭臊。
南方赤色，入通于心，开窍于耳，藏精于心，故病在五藏，其味苦",筋,jin1,jin1 | qian2,polyphone,01a0d5d5-3c59-7209-b786-2a642c199060,
金匮真言论篇第四,01a0d5d5-3b2c-7663-b470-0cc396921c65,12,"谷麦，其应四时，上为岁星，是以春气在头也，其音角，其数八，是以知病之在筋也，其臭臊。
南方赤色，入通于心，开窍于耳，藏精于心，故病在五藏，其味苦，",也,ye3,ye3 | yi2,polyphone,01a0d5d5-3c59-7209-b786-2a657986e654,
金匮真言论篇第四,01a0d5d5-3b2c-7663-b470-0cc47ccb3244,13,"，其应四时，上为岁星，是以春气在头也，其音角，其数八，是以知病之在筋也，其臭臊。
南方赤色，入通于心，开窍于耳，藏精于心，故病在五藏，其味苦，其类",其,qi2,ji1 | ji4 | qi2,polyphone,01a0d5d5-3c5c-7418-822e-a61ee61b9fca,
金匮真言论篇第四,01a0d5d5-3b2c-7663-b470-0cc47ccb3244,13,"其应四时，上为岁星，是以春气在头也，其音角，其数八，是以知病之在筋也，其臭臊。
南方赤色，入通于心，开窍于耳，藏精于心，故病在五藏，其味苦，其类火",臭,chou4,chou4 | xiu4,polyphone,01a0d5d5-3c5c-7418-822e-a61ff1ea1baf,
金匮真言论篇第四,01a0d5d5-3b2c-7663-b470-0cc47ccb3244,13,"应四时，上为岁星，是以春气在头也，其音角，其数八，是以知病之在筋也，其臭臊。
南方赤色，入通于心，开窍于耳，藏精于心，故病在五藏，其味苦，其类火，",臊,sao1,sao1 | sao4,polyphone,01a0d5d5-3c5c-7418-822e-a62087e28e4c,
金匮真言论篇第四,01a0d5d5-3b2c-7663-b470-0cc47ccb3244,13,"，上为岁星，是以春气在头也，其音角，其数八，是以知病之在筋也，其臭臊。
南方赤色，入通于心，开窍于耳，藏精于心，故病在五藏，其味苦，其类火，其畜羊",南,nan2,na1 | nan2,polyphone,01a0d5d5-3c5c-7418-822e-a621732cefe3,
金匮真言论篇第四,01a0d5d5-3b2c-7663-b470-0cc47ccb3244,13,"上为岁星，是以春气在头也，其音角，其数八，是以知病之在筋也，其臭臊。
南方赤色，入通于心，开窍于耳，藏精于心，故病在五藏，其味苦，其类火，其畜羊，",方,fang1,fang1 | fang2 | fang3 | feng1 | pang2 | wang3,polyphone,01a0d5d5-3c5d-7066-9bad-6b0a5209b273,
金匮真言论篇第四,01a0d5d5-3b2c-7663-b470-0cc47ccb3244,13,"岁星，是以春气在头也，其音角，其数八，是以知病之在筋也，其臭臊。
南方赤色，入通于心，开窍于耳，藏精于心，故病在五藏，其味苦，其类火，其畜羊，其谷",色,se4,se4 | shai3,polyphone,01a0d5d5-3c5d-7066-9bad-6b0b713266fe,
金匮真言论篇第四,01a0d5d5-3b2c-7663-b470-0cc47ccb3244,13,"是以春气在头也，其音角，其数八，是以知病之在筋也，其臭臊。
南方赤色，入通于心，开窍于耳，藏精于心，故病在五藏，其味苦，其类火，其畜羊，其谷黍，其",通,tong1,tong1 | tong4,polyphone,01a0d5d5-3c5d-7066-9bad-6b0cf9feca16,
金匮真言论篇第四,01a0d5d5-3b2c-7663-b470-0cc47ccb3244,13,"以春气在头也，其音角，其数八，是以知病之在筋也，其臭臊。
南方赤色，入通于心，开窍于耳，藏精于心，故病在五藏，其味苦，其类火，其畜羊，其谷黍，其应",于,yu2,wei2 | xu1 | yu1 | yu2,polyphone,01a0d5d5-3c5d-7066-9bad-6b0d2a1424a2,
金匮真言论篇第四,01a0d5d5-3b2c-7663-b470-0cc47ccb3244,13,"也，其音角，其数八，是以知病之在筋也，其臭臊。
南方赤色，入通于心，开窍于耳，藏精于心，故病在五藏，其味苦，其类火，其畜羊，其谷黍，其应四时，上为",于,yu2,wei2 | xu1 | yu1 | yu2,polyphone,01a0d5d5-3c5d-7066-9bad-6b0ead1db5b7,
金匮真言论篇第四,01a0d5d5-3b2c-7663-b470-0cc47ccb3244,13,"，其音角，其数八，是以知病之在筋也，其臭臊。
南方赤色，入通于心，开窍于耳，藏精于心，故病在五藏，其味苦，其类火，其畜羊，其谷黍，其应四时，上为荧",耳,er3,er3 | reng2,polyphone,01a0d5d5-3c5d-7066-9bad-6b0f275744c6,
金匮真言论篇第四,01a0d5d5-3b2c-7663-b470-0cc47ccb3244,13,"，其数八，是以知病之在筋也，其臭臊。
南方赤色，入通于心，开窍于耳，藏精于心，故病在五藏，其味苦，其类火，其畜羊，其谷黍，其应四时，上为荧惑星，是",于,yu2,wei2 | xu1 | yu1 | yu2,polyphone,01a0d5d5-3c5d-7066-9bad-6b12ed81a1ea,
金匮真言论篇第四,01a0d5d5-3b2c-7663-b470-0cc47ccb3244,13,"知病之在筋也，其臭臊。
南方赤色，入通于心，开窍于耳，藏精于心，故病在五藏，其味苦，其类火，其畜羊，其谷黍，其应四时，上为荧惑星，是以知病之在脉也",藏,cang2,cang2 | zang1 | zang4,polyphone,01a0d5d5-3c5d-7066-9bad-6b13ce8a36c8,
金匮真言论篇第四,01a0d5d5-3b2c-7663-b470-0cc47ccb3244,13,"之在筋也，其臭臊。
南方赤色，入通于心，开窍于耳，藏精于心，故病在五藏，其味苦，其类火，其畜羊，其谷黍，其应四时，上为荧惑星，是以知病之在脉也，其",其,qi2,ji1 | ji4 | qi2,polyphone,01a0d5d5-3c5d-7066-9bad-6b14959e288b,
金匮真言论篇第四,01a0d5d5-3b2c-7663-b470-0cc47ccb3244,13,"在筋也，其臭臊。
南方赤色，入通于心，开窍于耳，藏精于心，故病在五藏，其味苦，其类火，其畜羊，其谷黍，其应四时，上为荧惑星，是以知病之在脉也，其音",味,wei4,mei4 | wei4,polyphone,01a0d5d5-3c5d-7066-9bad-6b1545c30b8b,
金匮真言论篇第四,01a0d5d5-3b2c-7663-b470-0cc47ccb3244,13,"筋也，其臭臊。
南方赤色，入通于心，开窍于耳，藏精于心，故病在五藏，其味苦，其类火，其畜羊，其谷黍，其应四时，上为荧惑星，是以知病之在脉也，其音征",苦,ku3,gu3 | hu4 | ku3,polyphone,01a0d5d5-3c5d-7066-9bad-6b168ee281f1,
金匮真言论篇第四,01a0d5d5-3b2c-7663-b470-0cc47ccb3244,13,"，其臭臊。
南方赤色，入通于心，开窍于耳，藏精于心，故病在五藏，其味苦，其类火，其畜羊，其谷黍，其应四时，上为荧惑星，是以知病之在脉也，其音征，其",其,qi2,ji1 | ji4 | qi2,polyphone,01a0d5d5-3c5d-7066-9bad-6b179638927c,
金匮真言论篇第四,01a0d5d5-3b2c-7663-b470-0cc47ccb3244,13,"臭臊。
南方赤色，入通于心，开窍于耳，藏精于心，故病在五藏，其味苦，其类火，其畜羊，其谷黍，其应四时，上为荧惑星，是以知病之在脉也，其音征，其数七",火,huo3,huo1 | huo3,polyphone,01a0d5d5-3c5d-7066-9bad-6b1898db4c41,
金匮真言论篇第四,01a0d5d5-3b2c-7663-b470-0cc47ccb3244,13,赤色，入通于心，开窍于耳，藏精于心，故病在五藏，其味苦，其类火，其畜羊，其谷黍，其应四时，上为荧惑星，是以知病之在脉也，其音征，其数七，其臭焦。中,其,qi2,ji1 | ji4 | qi2,polyphone,01a0d5d5-3c5d-7066-9bad-6b1be6026807,
金匮真言论篇第四,01a0d5d5-3b2c-7663-b470-0cc47ccb3244,13,色，入通于心，开窍于耳，藏精于心，故病在五藏，其味苦，其类火，其畜羊，其谷黍，其应四时，上为荧惑星，是以知病之在脉也，其音征，其数七，其臭焦。中央,谷,gu3,gu3 | lu4 | yu4,polyphone,01a0d5d5-3c5d-7066-9bad-6b1cc903d2b2,
金匮真言论篇第四,01a0d5d5-3b2c-7663-b470-0cc47ccb3244,13,通于心，开窍于耳，藏精于心，故病在五藏，其味苦，其类火，其畜羊，其谷黍，其应四时，上为荧惑星，是以知病之在脉也，其音征，其数七，其臭焦。中央黄色，,其,qi2,ji1 | ji4 | qi2,polyphone,01a0d5d5-3c5d-7066-9bad-6b1d99b6781d,
金匮真言论篇第四,01a0d5d5-3b2c-7663-b470-0cc47ccb3244,13,于心，开窍于耳，藏精于心，故病在五藏，其味苦，其类火，其畜羊，其谷黍，其应四时，上为荧惑星，是以知病之在脉也，其音征，其数七，其臭焦。中央黄色，入,应,ying1,ying1 | ying4,polyphone,01a0d5d5-3c5d-7066-9bad-6b1eaa12e189,
金匮真言论篇第四,01a0d5d5-3b2c-7663-b470-0cc47ccb3244,13,窍于耳，藏精于心，故病在五藏，其味苦，其类火，其畜羊，其谷黍，其应四时，上为荧惑星，是以知病之在脉也，其音征，其数七，其臭焦。中央黄色，入通于脾，,上,shang4,shang3 | shang4,polyphone,01a0d5d5-3c5d-7066-9bad-6b1f434577ca,
金匮真言论篇第四,01a0d5d5-3b2c-7663-b470-0cc47ccb3244,13,于耳，藏精于心，故病在五藏，其味苦，其类火，其畜羊，其谷黍，其应四时，上为荧惑星，是以知病之在脉也，其音征，其数七，其臭焦。中央黄色，入通于脾，开,为,wei4,wei2 | wei4,polyphone,01a0d5d5-3c5d-7066-9bad-6b207d85e30f,
金匮真言论篇第四,01a0d5d5-3b2c-7663-b470-0cc47ccb3244,13,于心，故病在五藏，其味苦，其类火，其畜羊，其谷黍，其应四时，上为荧惑星，是以知病之在脉也，其音征，其数七，其臭焦。中央黄色，入通于脾，开窍于口，藏,是,shi4,shi4 | ti2,polyphone,01a0d5d5-3c5d-7066-9bad-6b21c22d8af3,
金匮真言论篇第四,01a0d5d5-3b2c-7663-b470-0cc47ccb3244,13,心，故病在五藏，其味苦，其类火，其畜羊，其谷黍，其应四时，上为荧惑星，是以知病之在脉也，其音征，其数七，其臭焦。中央黄色，入通于脾，开窍于口，藏精,以,yi3,si4 | yi3,polyphone,01a0d5d5-3c5d-7066-9bad-6b22dea5f27a,
金匮真言论篇第四,01a0d5d5-3b2c-7663-b470-0cc47ccb3244,13,，故病在五藏，其味苦，其类火，其畜羊，其谷黍，其应四时，上为荧惑星，是以知病之在脉也，其音征，其数七，其臭焦。中央黄色，入通于脾，开窍于口，藏精于,知,zhi1,zhi1 | zhi4,polyphone,01a0d5d5-3c5d-7066-9bad-6b2309c3e586,
金匮真言论篇第四,01a0d5d5-3b2c-7663-b470-0cc47ccb3244,13,病在五藏，其味苦，其类火，其畜羊，其谷黍，其应四时，上为荧惑星，是以知病之在脉也，其音征，其数七，其臭焦。中央黄色，入通于脾，开窍于口，藏精于脾，,之,zhi1,zhi1 | zhi4 | zhu1,polyphone,01a0d5d5-3c5d-7066-9bad-6b24e991954d,
金匮真言论篇第四,01a0d5d5-3b2c-7663-b470-0cc47ccb3244,13,五藏，其味苦，其类火，其畜羊，其谷黍，其应四时，上为荧惑星，是以知病之在脉也，其音征，其数七，其臭焦。中央黄色，入通于脾，开窍于口，藏精于脾，故病,脉,mai4,mai4 | mo4,polyphone,01a0d5d5-3c5d-7066-9bad-6b256611dd52,
金匮真言论篇第四,01a0d5d5-3b2c-7663-b470-0cc47ccb3244,13,藏，其味苦，其类火，其畜羊，其谷黍，其应四时，上为荧惑星，是以知病之在脉也，其音征，其数七，其臭焦。中央黄色，入通于脾，开窍于口，藏精于脾，故病在,也,ye3,ye3 | yi2,polyphone,01a0d5d5-3c5d-7066-9bad-6b26762f31d5,
金匮真言论篇第四,01a0d5d5-3b2c-7663-b470-0cc47ccb3244,13,其味苦，其类火，其畜羊，其谷黍，其应四时，上为荧惑星，是以知病之在脉也，其音征，其数七，其臭焦。中央黄色，入通于脾，开窍于口，藏精于脾，故病在舌本,其,qi2,ji1 | ji4 | qi2,polyphone,01a0d5d5-3c5d-7066-9bad-6b2750e4fa21,
金匮真言论篇第四,01a0d5d5-3b2c-7663-b470-0cc47ccb3244,13,其类火，其畜羊，其谷黍，其应四时，上为荧惑星，是以知病之在脉也，其音征，其数七，其臭焦。中央黄色，入通于脾，开窍于口，藏精于脾，故病在舌本，其味甘,其,qi2,ji1 | ji4 | qi2,polyphone,01a0d5d5-3c5d-7066-9bad-6b2819f08e4e,
金匮真言论篇第四,01a0d5d5-3b2c-7663-b470-0cc47ccb3244,13,类火，其畜羊，其谷黍，其应四时，上为荧惑星，是以知病之在脉也，其音征，其数七，其臭焦。中央黄色，入通于脾，开窍于口，藏精于脾，故病在舌本，其味甘，,数,shu4,shu3 | shu4 | shuo4,polyphone,01a0d5d5-3c5d-7066-9bad-6b290bb00df2,
金匮真言论篇第四,01a0d5d5-3b2c-7663-b470-0cc47ccb3244,13,火，其畜羊，其谷黍，其应四时，上为荧惑星，是以知病之在脉也，其音征，其数七，其臭焦。中央黄色，入通于脾，开窍于口，藏精于脾，故病在舌本，其味甘，其,七,qi1,qi1 | qi2,polyphone,01a0d5d5-3c5d-7066-9bad-6b2a36a66a9a,
金匮真言论篇第四,01a0d5d5-3b2c-7663-b470-0cc47ccb3244,13,其畜羊，其谷黍，其应四时，上为荧惑星，是以知病之在脉也，其音征，其数七，其臭焦。中央黄色，入通于脾，开窍于口，藏精于脾，故病在舌本，其味甘，其类土,其,qi2,ji1 | ji4 | qi2,polyphone,01a0d5d5-3c5d-7066-9bad-6b2bd31dc4fc,
金匮真言论篇第四,01a0d5d5-3b2c-7663-b470-0cc47ccb3244,13,畜羊，其谷黍，其应四时，上为荧惑星，是以知病之在脉也，其音征，其数七，其臭焦。中央黄色，入通于脾，开窍于口，藏精于脾，故病在舌本，其味甘，其类土，,臭,chou4,chou4 | xiu4,polyphone,01a0d5d5-3c5d-7066-9bad-6b2cd1fb611e,
金匮真言论篇第四,01a0d5d5-3b2c-7663-b470-0cc47ccb3244,13,羊，其谷黍，其应四时，上为荧惑星，是以知病之在脉也，其音征，其数七，其臭焦。中央黄色，入通于脾，开窍于口，藏精于脾，故病在舌本，其味甘，其类土，其,焦,jiao1,jiao1 | qiao2,polyphone,01a0d5d5-3c5d-7066-9bad-6b2d64e26aae,
金匮真言论篇第四,01a0d5d5-3b2c-7663-b470-0cc5b424764a,14,其谷黍，其应四时，上为荧惑星，是以知病之在脉也，其音征，其数七，其臭焦。中央黄色，入通于脾，开窍于口，藏精于脾，故病在舌本，其味甘，其类土，其畜牛,中,zhong1,zhong1 | zhong4,polyphone,01a0d5d5-3c60-762a-b9f5-96d457e2ddd2,
金匮真言论篇第四,01a0d5d5-3b2c-7663-b470-0cc5b424764a,14,谷黍，其应四时，上为荧惑星，是以知病之在脉也，其音征，其数七，其臭焦。中央黄色，入通于脾，开窍于口，藏精于脾，故病在舌本，其味甘，其类土，其畜牛，,央,yang1,yang1 | ying1,polyphone,01a0d5d5-3c60-762a-b9f5-96d5c9168f5f,
金匮真言论篇第四,01a0d5d5-3b2c-7663-b470-0cc5b424764a,14,，其应四时，上为荧惑星，是以知病之在脉也，其音征，其数七，其臭焦。中央黄色，入通于脾，开窍于口，藏精于脾，故病在舌本，其味甘，其类土，其畜牛，其谷,色,se4,se4 | shai3,polyphone,01a0d5d5-3c60-762a-b9f5-96d659007a91,
金匮真言论篇第四,01a0d5d5-3b2c-7663-b470-0cc5b424764a,14,四时，上为荧惑星，是以知病之在脉也，其音征，其数七，其臭焦。中央黄色，入通于脾，开窍于口，藏精于脾，故病在舌本，其味甘，其类土，其畜牛，其谷稷，其,通,tong1,tong1 | tong4,polyphone,01a0d5d5-3c60-762a-b9f5-96d7cf0e9684,
金匮真言论篇第四,01a0d5d5-3b2c-7663-b470-0cc5b424764a,14,时，上为荧惑星，是以知病之在脉也，其音征，其数七，其臭焦。中央黄色，入通于脾，开窍于口，藏精于脾，故病在舌本，其味甘，其类土，其畜牛，其谷稷，其应,于,yu2,wei2 | xu1 | yu1 | yu2,polyphone,01a0d5d5-3c60-762a-b9f5-96d8ae5567a2,
金匮真言论篇第四,01a0d5d5-3b2c-7663-b470-0cc5b424764a,14,，上为荧惑星，是以知病之在脉也，其音征，其数七，其臭焦。中央黄色，入通于脾，开窍于口，藏精于脾，故病在舌本，其味甘，其类土，其畜牛，其谷稷，其应四,脾,pi2,bi4 | pai2 | pi2 | pi4,polyphone,01a0d5d5-3c60-762a-b9f5-96d9f4eb2e3f,
金匮真言论篇第四,01a0d5d5-3b2c-7663-b470-0cc5b424764a,14,惑星，是以知病之在脉也，其音征，其数七，其臭焦。中央黄色，入通于脾，开窍于口，藏精于脾，故病在舌本，其味甘，其类土，其畜牛，其谷稷，其应四时，上为,于,yu2,wei2 | xu1 | yu1 | yu2,polyphone,01a0d5d5-3c60-762a-b9f5-96daa805d94e,
金匮真言论篇第四,01a0d5d5-3b2c-7663-b470-0cc5b424764a,14,知病之在脉也，其音征，其数七，其臭焦。中央黄色，入通于脾，开窍于口，藏精于脾，故病在舌本，其味甘，其类土，其畜牛，其谷稷，其应四时，上为镇星，是以,于,yu2,wei2 | xu1 | yu1 | yu2,polyphone,01a0d5d5-3c60-762a-b9f5-96dd40f3fe88,
金匮真言论篇第四,01a0d5d5-3b2c-7663-b470-0cc5b424764a,14,病之在脉也，其音征，其数七，其臭焦。中央黄色，入通于脾，开窍于口，藏精于脾，故病在舌本，其味甘，其类土，其畜牛，其谷稷，其应四时，上为镇星，是以知,脾,pi2,bi4 | pai2 | pi2 | pi4,polyphone,01a0d5d5-3c60-762a-b9f5-96de195ae9ad,
金匮真言论篇第四,01a0d5d5-3b2c-7663-b470-0cc5b424764a,14,，其音征，其数七，其臭焦。中央黄色，入通于脾，开窍于口，藏精于脾，故病在舌本，其味甘，其类土，其畜牛，其谷稷，其应四时，上为镇星，是以知病之在肉也,舌,she2,gua1 | she2,polyphone,01a0d5d5-3c60-762a-b9f5-96df31938c32,
金匮真言论篇第四,01a0d5d5-3b2c-7663-b470-0cc5b424764a,14,其音征，其数七，其臭焦。中央黄色，入通于脾，开窍于口，藏精于脾，故病在舌本，其味甘，其类土，其畜牛，其谷稷，其应四时，上为镇星，是以知病之在肉也，,本,ben3,ben1 | ben3,polyphone,01a0d5d5-3c60-762a-b9f5-96e0f1b5ce10,
金匮真言论篇第四,01a0d5d5-3b2c-7663-b470-0cc5b424764a,14,征，其数七，其臭焦。中央黄色，入通于脾，开窍于口，藏精于脾，故病在舌本，其味甘，其类土，其畜牛，其谷稷，其应四时，上为镇星，是以知病之在肉也，其音,其,qi2,ji1 | ji4 | qi2,polyphone,01a0d5d5-3c60-762a-b9f5-96e1edd96a95,
金匮真言论篇第四,01a0d5d5-3b2c-7663-b470-0cc5b424764a,14,，其数七，其臭焦。中央黄色，入通于脾，开窍于口，藏精于脾，故病在舌本，其味甘，其类土，其畜牛，其谷稷，其应四时，上为镇星，是以知病之在肉也，其音宫,味,wei4,mei4 | wei4,polyphone,01a0d5d5-3c60-762a-b9f5-96e2a76ff1f6,
金匮真言论篇第四,01a0d5d5-3b2c-7663-b470-0cc5b424764a,14,其数七，其臭焦。中央黄色，入通于脾，开窍于口，藏精于脾，故病在舌本，其味甘，其类土，其畜牛，其谷稷，其应四时，上为镇星，是以知病之在肉也，其音宫，,甘,gan1,gan1 | han1,polyphone,01a0d5d5-3c60-762a-b9f5-96e39a139fad,
金匮真言论篇第四,01a0d5d5-3b2c-7663-b470-0cc5b424764a,14,七，其臭焦。中央黄色，入通于脾，开窍于口，藏精于脾，故病在舌本，其味甘，其类土，其畜牛，其谷稷，其应四时，上为镇星，是以知病之在肉也，其音宫，其数,其,qi2,ji1 | ji4 | qi2,polyphone,01a0d5d5-3c60-762a-b9f5-96e43b440aed,
金匮真言论篇第四,01a0d5d5-3b2c-7663-b470-0cc5b424764a,14,其臭焦。中央黄色，入通于脾，开窍于口，藏精于脾，故病在舌本，其味甘，其类土，其畜牛，其谷稷，其应四时，上为镇星，是以知病之在肉也，其音宫，其数五，,土,tu3,cha3 | du4 | tu2 | tu3,polyphone,01a0d5d5-3c60-762a-b9f5-96e57ca3ec79,
金匮真言论篇第四,01a0d5d5-3b2c-7663-b470-0cc5b424764a,14,黄色，入通于脾，开窍于口，藏精于脾，故病在舌本，其味甘，其类土，其畜牛，其谷稷，其应四时，上为镇星，是以知病之在肉也，其音宫，其数五，其臭香。西方,其,qi2,ji1 | ji4 | qi2,polyphone,01a0d5d5-3c60-762a-b9f5-96e897cd916d,
金匮真言论篇第四,01a0d5d5-3b2c-7663-b470-0cc5b424764a,14,色，入通于脾，开窍于口，藏精于脾，故病在舌本，其味甘，其类土，其畜牛，其谷稷，其应四时，上为镇星，是以知病之在肉也，其音宫，其数五，其臭香。西方白,谷,gu3,gu3 | lu4 | yu4,polyphone,01a0d5d5-3c60-762a-b9f5-96e9e3985388,
金匮真言论篇第四,01a0d5d5-3b2c-7663-b470-0cc5b424764a,14,通于脾，开窍于口，藏精于脾，故病在舌本，其味甘，其类土，其畜牛，其谷稷，其应四时，上为镇星，是以知病之在肉也，其音宫，其数五，其臭香。西方白色，入,其,qi2,ji1 | ji4 | qi2,polyphone,01a0d5d5-3c60-762a-b9f5-96ebfb29981c,
金匮真言论篇第四,01a0d5d5-3b2c-7663-b470-0cc5b424764a,14,于脾，开窍于口，藏精于脾，故病在舌本，其味甘，其类土，其畜牛，其谷稷，其应四时，上为镇星，是以知病之在肉也，其音宫，其数五，其臭香。西方白色，入通,应,ying1,ying1 | ying4,polyphone,01a0d5d5-3c60-762a-b9f5-96ec16221358,
金匮真言论篇第四,01a0d5d5-3b2c-7663-b470-0cc5b424764a,14,窍于口，藏精于脾，故病在舌本，其味甘，其类土，其畜牛，其谷稷，其应四时，上为镇星，是以知病之在肉也，其音宫，其数五，其臭香。西方白色，入通于肺，开,上,shang4,shang3 | shang4,polyphone,01a0d5d5-3c60-762a-b9f5-96edcfbfe0b6,
金匮真言论篇第四,01a0d5d5-3b2c-7663-b470-0cc5b424764a,14,于口，藏精于脾，故病在舌本，其味甘，其类土，其畜牛，其谷稷，其应四时，上为镇星，是以知病之在肉也，其音宫，其数五，其臭香。西方白色，入通于肺，开窍,为,wei4,wei2 | wei4,polyphone,01a0d5d5-3c60-762a-b9f5-96ee3bfa0fa6,
金匮真言论篇第四,01a0d5d5-3b2c-7663-b470-0cc5b424764a,14,精于脾，故病在舌本，其味甘，其类土，其畜牛，其谷稷，其应四时，上为镇星，是以知病之在肉也，其音宫，其数五，其臭香。西方白色，入通于肺，开窍于鼻，藏,是,shi4,shi4 | ti2,polyphone,01a0d5d5-3c60-762a-b9f5-96efdbe500a1,
金匮真言论篇第四,01a0d5d5-3b2c-7663-b470-0cc5b424764a,14,于脾，故病在舌本，其味甘，其类土，其畜牛，其谷稷，其应四时，上为镇星，是以知病之在肉也，其音宫，其数五，其臭香。西方白色，入通于肺，开窍于鼻，藏精,以,yi3,si4 | yi3,polyphone,01a0d5d5-3c60-762a-b9f5-96f0f89524ab,
金匮真言论篇第四,01a0d5d5-3b2c-7663-b470-0cc5b424764a,14,脾，故病在舌本，其味甘，其类土，其畜牛，其谷稷，其应四时，上为镇星，是以知病之在肉也，其音宫，其数五，其臭香。西方白色，入通于肺，开窍于鼻，藏精于,知,zhi1,zhi1 | zhi4,polyphone,01a0d5d5-3c60-762a-b9f5-96f1d9a1eea8,
金匮真言论篇第四,01a0d5d5-3b2c-7663-b470-0cc5b424764a,14,故病在舌本，其味甘，其类土，其畜牛，其谷稷，其应四时，上为镇星，是以知病之在肉也，其音宫，其数五，其臭香。西方白色，入通于肺，开窍于鼻，藏精于肺，,之,zhi1,zhi1 | zhi4 | zhu1,polyphone,01a0d5d5-3c60-762a-b9f5-96f2fbbafa85,
金匮真言论篇第四,01a0d5d5-3b2c-7663-b470-0cc5b424764a,14,在舌本，其味甘，其类土，其畜牛，其谷稷，其应四时，上为镇星，是以知病之在肉也，其音宫，其数五，其臭香。西方白色，入通于肺，开窍于鼻，藏精于肺，故病,肉,rou4,rou4 | ru4,polyphone,01a0d5d5-3c60-762a-b9f5-96f369c43c74,
金匮真言论篇第四,01a0d5d5-3b2c-7663-b470-0cc5b424764a,14,舌本，其味甘，其类土，其畜牛，其谷稷，其应四时，上为镇星，是以知病之在肉也，其音宫，其数五，其臭香。西方白色，入通于肺，开窍于鼻，藏精于肺，故病在,也,ye3,ye3 | yi2,polyphone,01a0d5d5-3c60-762a-b9f5-96f45b268c58,
金匮真言论篇第四,01a0d5d5-3b2c-7663-b470-0cc5b424764a,14,，其味甘，其类土，其畜牛，其谷稷，其应四时，上为镇星，是以知病之在肉也，其音宫，其数五，其臭香。西方白色，入通于肺，开窍于鼻，藏精于肺，故病在背，,其,qi2,ji1 | ji4 | qi2,polyphone,01a0d5d5-3c60-762a-b9f5-96f53f82c7ff,
金匮真言论篇第四,01a0d5d5-3b2c-7663-b470-0cc5b424764a,14,，其类土，其畜牛，其谷稷，其应四时，上为镇星，是以知病之在肉也，其音宫，其数五，其臭香。西方白色，入通于肺，开窍于鼻，藏精于肺，故病在背，其味辛，,其,qi2,ji1 | ji4 | qi2,polyphone,01a0d5d5-3c60-762a-b9f5-96f60defaf9c,
金匮真言论篇第四,01a0d5d5-3b2c-7663-b470-0cc5b424764a,14,其类土，其畜牛，其谷稷，其应四时，上为镇星，是以知病之在肉也，其音宫，其数五，其臭香。西方白色，入通于肺，开窍于鼻，藏精于肺，故病在背，其味辛，其,数,shu4,shu3 | shu4 | shuo4,polyphone,01a0d5d5-3c60-762a-b9f5-96f764f68736,
金匮真言论篇第四,01a0d5d5-3b2c-7663-b470-0cc5b424764a,14,，其畜牛，其谷稷，其应四时，上为镇星，是以知病之在肉也，其音宫，其数五，其臭香。西方白色，入通于肺，开窍于鼻，藏精于肺，故病在背，其味辛，其类金，,其,qi2,ji1 | ji4 | qi2,polyphone,01a0d5d5-3c60-762a-b9f5-96f89f09b267,
金匮真言论篇第四,01a0d5d5-3b2c-7663-b470-0cc5b424764a,14,其畜牛，其谷稷，其应四时，上为镇星，是以知病之在肉也，其音宫，其数五，其臭香。西方白色，入通于肺，开窍于鼻，藏精于肺，故病在背，其味辛，其类金，其,臭,chou4,chou4 | xiu4,polyphone,01a0d5d5-3c60-762a-b9f5-96f99b2084e4,
金匮真言论篇第四,01a0d5d5-3b2c-7663-b470-0cc6ddb1976c,15,其谷稷，其应四时，上为镇星，是以知病之在肉也，其音宫，其数五，其臭香。西方白色，入通于肺，开窍于鼻，藏精于肺，故病在背，其味辛，其类金，其畜马，其,方,fang1,fang1 | fang2 | fang3 | feng1 | pang2 | wang3,polyphone,01a0d5d5-3c64-7281-9b21-7e1ce5c41cc1,
金匮真言论篇第四,01a0d5d5-3b2c-7663-b470-0cc6ddb1976c,15,谷稷，其应四时，上为镇星，是以知病之在肉也，其音宫，其数五，其臭香。西方白色，入通于肺，开窍于鼻，藏精于肺，故病在背，其味辛，其类金，其畜马，其谷,白,bai2,bai2 | bo2,polyphone,01a0d5d5-3c64-7281-9b21-7e1d8d177df6,
金匮真言论篇第四,01a0d5d5-3b2c-7663-b470-0cc6ddb1976c,15,稷，其应四时，上为镇星，是以知病之在肉也，其音宫，其数五，其臭香。西方白色，入通于肺，开窍于鼻，藏精于肺，故病在背，其味辛，其类金，其畜马，其谷稻,色,se4,se4 | shai3,polyphone,01a0d5d5-3c64-7281-9b21-7e1e08a67abd,
金匮真言论篇第四,01a0d5d5-3b2c-7663-b470-0cc6ddb1976c,15,应四时，上为镇星，是以知病之在肉也，其音宫，其数五，其臭香。西方白色，入通于肺，开窍于鼻，藏精于肺，故病在背，其味辛，其类金，其畜马，其谷稻，其应,通,tong1,tong1 | tong4,polyphone,01a0d5d5-3c64-7281-9b21-7e1f3d7e9718,
金匮真言论篇第四,01a0d5d5-3b2c-7663-b470-0cc6ddb1976c,15,四时，上为镇星，是以知病之在肉也，其音宫，其数五，其臭香。西方白色，入通于肺，开窍于鼻，藏精于肺，故病在背，其味辛，其类金，其畜马，其谷稻，其应四,于,yu2,wei2 | xu1 | yu1 | yu2,polyphone,01a0d5d5-3c64-7281-9b21-7e209ce914a0,
金匮真言论篇第四,01a0d5d5-3b2c-7663-b470-0cc6ddb1976c,15,时，上为镇星，是以知病之在肉也，其音宫，其数五，其臭香。西方白色，入通于肺，开窍于鼻，藏精于肺，故病在背，其味辛，其类金，其畜马，其谷稻，其应四时,肺,fei4,fei4 | pei4,polyphone,01a0d5d5-3c64-7281-9b21-7e21ffb071ce,
金匮真言论篇第四,01a0d5d5-3b2c-7663-b470-0cc6ddb1976c,15,镇星，是以知病之在肉也，其音宫，其数五，其臭香。西方白色，入通于肺，开窍于鼻，藏精于肺，故病在背，其味辛，其类金，其畜马，其谷稻，其应四时，上为太,于,yu2,wei2 | xu1 | yu1 | yu2,polyphone,01a0d5d5-3c64-7281-9b21-7e2240ed9300,
金匮真言论篇第四,01a0d5d5-3b2c-7663-b470-0cc6ddb1976c,15,知病之在肉也，其音宫，其数五，其臭香。西方白色，入通于肺，开窍于鼻，藏精于肺，故病在背，其味辛，其类金，其畜马，其谷稻，其应四时，上为太白星，是以,于,yu2,wei2 | xu1 | yu1 | yu2,polyphone,01a0d5d5-3c64-7281-9b21-7e25f6876273,
金匮真言论篇第四,01a0d5d5-3b2c-7663-b470-0cc6ddb1976c,15,病之在肉也，其音宫，其数五，其臭香。西方白色，入通于肺，开窍于鼻，藏精于肺，故病在背，其味辛，其类金，其畜马，其谷稻，其应四时，上为太白星，是以知,肺,fei4,fei4 | pei4,polyphone,01a0d5d5-3c64-7281-9b21-7e262bd3c633,
金匮真言论篇第四,01a0d5d5-3b2c-7663-b470-0cc6ddb1976c,15,，其音宫，其数五，其臭香。西方白色，入通于肺，开窍于鼻，藏精于肺，故病在背，其味辛，其类金，其畜马，其谷稻，其应四时，上为太白星，是以知病之在皮毛,背,bei4,bei1 | bei4,polyphone,01a0d5d5-3c64-7281-9b21-7e27993310dd,
金匮真言论篇第四,01a0d5d5-3b2c-7663-b470-0cc6ddb1976c,15,音宫，其数五，其臭香。西方白色，入通于肺，开窍于鼻，藏精于肺，故病在背，其味辛，其类金，其畜马，其谷稻，其应四时，上为太白星，是以知病之在皮毛也，,其,qi2,ji1 | ji4 | qi2,polyphone,01a0d5d5-3c64-7281-9b21-7e280300ed60,
金匮真言论篇第四,01a0d5d5-3b2c-7663-b470-0cc6ddb1976c,15,宫，其数五，其臭香。西方白色，入通于肺，开窍于鼻，藏精于肺，故病在背，其味辛，其类金，其畜马，其谷稻，其应四时，上为太白星，是以知病之在皮毛也，其,味,wei4,mei4 | wei4,polyphone,01a0d5d5-3c64-7281-9b21-7e2981df1c39,
金匮真言论篇第四,01a0d5d5-3b2c-7663-b470-0cc6ddb1976c,15,数五，其臭香。西方白色，入通于肺，开窍于鼻，藏精于肺，故病在背，其味辛，其类金，其畜马，其谷稻，其应四时，上为太白星，是以知病之在皮毛也，其音商，,其,qi2,ji1 | ji4 | qi2,polyphone,01a0d5d5-3c64-7281-9b21-7e2ae75c3c89,
金匮真言论篇第四,01a0d5d5-3b2c-7663-b470-0cc6ddb1976c,15,，其臭香。西方白色，入通于肺，开窍于鼻，藏精于肺，故病在背，其味辛，其类金，其畜马，其谷稻，其应四时，上为太白星，是以知病之在皮毛也，其音商，其数,金,jin1,jin1 | jin4,polyphone,01a0d5d5-3c64-7281-9b21-7e2b77cdffa1,
金匮真言论篇第四,01a0d5d5-3b2c-7663-b470-0cc6ddb1976c,15,方白色，入通于肺，开窍于鼻，藏精于肺，故病在背，其味辛，其类金，其畜马，其谷稻，其应四时，上为太白星，是以知病之在皮毛也，其音商，其数九，其臭腥。,其,qi2,ji1 | ji4 | qi2,polyphone,01a0d5d5-3c64-7281-9b21-7e2e535d0790,
金匮真言论篇第四,01a0d5d5-3b2c-7663-b470-0cc6ddb1976c,15,白色，入通于肺，开窍于鼻，藏精于肺，故病在背，其味辛，其类金，其畜马，其谷稻，其应四时，上为太白星，是以知病之在皮毛也，其音商，其数九，其臭腥。北,谷,gu3,gu3 | lu4 | yu4,polyphone,01a0d5d5-3c64-7281-9b21-7e2fcbbb2e27,
金匮真言论篇第四,01a0d5d5-3b2c-7663-b470-0cc6ddb1976c,15,入通于肺，开窍于鼻，藏精于肺，故病在背，其味辛，其类金，其畜马，其谷稻，其应四时，上为太白星，是以知病之在皮毛也，其音商，其数九，其臭腥。北方黑色,其,qi2,ji1 | ji4 | qi2,polyphone,01a0d5d5-3c64-7281-9b21-7e30a5bc16b0,
金匮真言论篇第四,01a0d5d5-3b2c-7663-b470-0cc6ddb1976c,15,通于肺，开窍于鼻，藏精于肺，故病在背，其味辛，其类金，其畜马，其谷稻，其应四时，上为太白星，是以知病之在皮毛也，其音商，其数九，其臭腥。北方黑色，,应,ying1,ying1 | ying4,polyphone,01a0d5d5-3c64-7281-9b21-7e31215956a8,
金匮真言论篇第四,01a0d5d5-3b2c-7663-b470-0cc6ddb1976c,15,开窍于鼻，藏精于肺，故病在背，其味辛，其类金，其畜马，其谷稻，其应四时，上为太白星，是以知病之在皮毛也，其音商，其数九，其臭腥。北方黑色，入通于肾,上,shang4,shang3 | shang4,polyphone,01a0d5d5-3c64-7281-9b21-7e323011eb27,
金匮真言论篇第四,01a0d5d5-3b2c-7663-b470-0cc6ddb1976c,15,窍于鼻，藏精于肺，故病在背，其味辛，其类金，其畜马，其谷稻，其应四时，上为太白星，是以知病之在皮毛也，其音商，其数九，其臭腥。北方黑色，入通于肾，,为,wei4,wei2 | wei4,polyphone,01a0d5d5-3c64-7281-9b21-7e33f5af3dbd,
金匮真言论篇第四,01a0d5d5-3b2c-7663-b470-0cc6ddb1976c,15,于鼻，藏精于肺，故病在背，其味辛，其类金，其畜马，其谷稻，其应四时，上为太白星，是以知病之在皮毛也，其音商，其数九，其臭腥。北方黑色，入通于肾，开,太,tai4,ta1 | tai4,polyphone,01a0d5d5-3c64-7281-9b21-7e3483023719,
金匮真言论篇第四,01a0d5d5-3b2c-7663-b470-0cc6ddb1976c,15,鼻，藏精于肺，故病在背，其味辛，其类金，其畜马，其谷稻，其应四时，上为太白星，是以知病之在皮毛也，其音商，其数九，其臭腥。北方黑色，入通于肾，开窍,白,bai2,bai2 | bo2,polyphone,01a0d5d5-3c64-7281-9b21-7e35a184595b,
金匮真言论篇第四,01a0d5d5-3b2c-7663-b470-0cc6ddb1976c,15,精于肺，故病在背，其味辛，其类金，其畜马，其谷稻，其应四时，上为太白星，是以知病之在皮毛也，其音商，其数九，其臭腥。北方黑色，入通于肾，开窍于二阴,是,shi4,shi4 | ti2,polyphone,01a0d5d5-3c64-7281-9b21-7e36587da2b8,
金匮真言论篇第四,01a0d5d5-3b2c-7663-b470-0cc6ddb1976c,15,于肺，故病在背，其味辛，其类金，其畜马，其谷稻，其应四时，上为太白星，是以知病之在皮毛也，其音商，其数九，其臭腥。北方黑色，入通于肾，开窍于二阴，,以,yi3,si4 | yi3,polyphone,01a0d5d5-3c64-7281-9b21-7e37c1a653f5,
金匮真言论篇第四,01a0d5d5-3b2c-7663-b470-0cc6ddb1976c,15,肺，故病在背，其味辛，其类金，其畜马，其谷稻，其应四时，上为太白星，是以知病之在皮毛也，其音商，其数九，其臭腥。北方黑色，入通于肾，开窍于二阴，藏,知,zhi1,zhi1 | zhi4,polyphone,01a0d5d5-3c64-7281-9b21-7e3844b2630c,
金匮真言论篇第四,01a0d5d5-3b2c-7663-b470-0cc6ddb1976c,15,故病在背，其味辛，其类金，其畜马，其谷稻，其应四时，上为太白星，是以知病之在皮毛也，其音商，其数九，其臭腥。北方黑色，入通于肾，开窍于二阴，藏精于,之,zhi1,zhi1 | zhi4 | zhu1,polyphone,01a0d5d5-3c64-7281-9b21-7e39b67198dc,
金匮真言论篇第四,01a0d5d5-3b2c-7663-b470-0cc6ddb1976c,15,背，其味辛，其类金，其畜马，其谷稻，其应四时，上为太白星，是以知病之在皮毛也，其音商，其数九，其臭腥。北方黑色，入通于肾，开窍于二阴，藏精于肾，故,毛,mao2,mao2 | mao4,polyphone,01a0d5d5-3c64-7281-9b21-7e3ae938f177,
金匮真言论篇第四,01a0d5d5-3b2c-7663-b470-0cc6ddb1976c,15,，其味辛，其类金，其畜马，其谷稻，其应四时，上为太白星，是以知病之在皮毛也，其音商，其数九，其臭腥。北方黑色，入通于肾，开窍于二阴，藏精于肾，故病,也,ye3,ye3 | yi2,polyphone,01a0d5d5-3c64-7281-9b21-7e3b8229f4af,
金匮真言论篇第四,01a0d5d5-3b2c-7663-b470-0cc6ddb1976c,15,味辛，其类金，其畜马，其谷稻，其应四时，上为太白星，是以知病之在皮毛也，其音商，其数九，其臭腥。北方黑色，入通于肾，开窍于二阴，藏精于肾，故病在谿,其,qi2,ji1 | ji4 | qi2,polyphone,01a0d5d5-3c64-7281-9b21-7e3cef4ce51e,
金匮真言论篇第四,01a0d5d5-3b2c-7663-b470-0cc6ddb1976c,15,类金，其畜马，其谷稻，其应四时，上为太白星，是以知病之在皮毛也，其音商，其数九，其臭腥。北方黑色，入通于肾，开窍于二阴，藏精于肾，故病在谿，其味咸,其,qi2,ji1 | ji4 | qi2,polyphone,01a0d5d5-3c64-7281-9b21-7e3d1f7a31fe,
金匮真言论篇第四,01a0d5d5-3b2c-7663-b470-0cc6ddb1976c,15,金，其畜马，其谷稻，其应四时，上为太白星，是以知病之在皮毛也，其音商，其数九，其臭腥。北方黑色，入通于肾，开窍于二阴，藏精于肾，故病在谿，其味咸，,数,shu3,shu3 | shu4 | shuo4,polyphone,01a0d5d5-3c64-7281-9b21-7e3e7d62c5cb,
金匮真言论篇第四,01a0d5d5-3b2c-7663-b470-0cc6ddb1976c,15,，其畜马，其谷稻，其应四时，上为太白星，是以知病之在皮毛也，其音商，其数九，其臭腥。北方黑色，入通于肾，开窍于二阴，藏精于肾，故病在谿，其味咸，其,九,jiu3,jiu1 | jiu3,polyphone,01a0d5d5-3c64-7281-9b21-7e3f22dadc83,
金匮真言论篇第四,01a0d5d5-3b2c-7663-b470-0cc6ddb1976c,15,畜马，其谷稻，其应四时，上为太白星，是以知病之在皮毛也，其音商，其数九，其臭腥。北方黑色，入通于肾，开窍于二阴，藏精于肾，故病在谿，其味咸，其类水,其,qi2,ji1 | ji4 | qi2,polyphone,01a0d5d5-3c64-7281-9b21-7e4088a44260,
金匮真言论篇第四,01a0d5d5-3b2c-7663-b470-0cc6ddb1976c,15,马，其谷稻，其应四时，上为太白星，是以知病之在皮毛也，其音商，其数九，其臭腥。北方黑色，入通于肾，开窍于二阴，藏精于肾，故病在谿，其味咸，其类水，,臭,chou4,chou4 | xiu4,polyphone,01a0d5d5-3c64-7281-9b21-7e41dadb9840,
金匮真言论篇第四,01a0d5d5-3b2c-7663-b470-0cc7ec9a7bdc,16,谷稻，其应四时，上为太白星，是以知病之在皮毛也，其音商，其数九，其臭腥。北方黑色，入通于肾，开窍于二阴，藏精于肾，故病在谿，其味咸，其类水，其畜彘,北,bei3,bei3 | bei4,polyphone,01a0d5d5-3c67-746e-b946-850372f0770d,
金匮真言论篇第四,01a0d5d5-3b2c-7663-b470-0cc7ec9a7bdc,16,稻，其应四时，上为太白星，是以知病之在皮毛也，其音商，其数九，其臭腥。北方黑色，入通于肾，开窍于二阴，藏精于肾，故病在谿，其味咸，其类水，其畜彘，,方,fang1,fang1 | fang2 | fang3 | feng1 | pang2 | wang3,polyphone,01a0d5d5-3c67-746e-b946-8504e28bebcf,
金匮真言论篇第四,01a0d5d5-3b2c-7663-b470-0cc7ec9a7bdc,16,其应四时，上为太白星，是以知病之在皮毛也，其音商，其数九，其臭腥。北方黑色，入通于肾，开窍于二阴，藏精于肾，故病在谿，其味咸，其类水，其畜彘，其谷,色,se4,se4 | shai3,polyphone,01a0d5d5-3c67-746e-b946-85051f8f9565,
金匮真言论篇第四,01a0d5d5-3b2c-7663-b470-0cc7ec9a7bdc,16,时，上为太白星，是以知病之在皮毛也，其音商，其数九，其臭腥。北方黑色，入通于肾，开窍于二阴，藏精于肾，故病在谿，其味咸，其类水，其畜彘，其谷豆，其,通,tong1,tong1 | tong4,polyphone,01a0d5d5-3c67-746e-b946-8506d35df494,
金匮真言论篇第四,01a0d5d5-3b2c-7663-b470-0cc7ec9a7bdc,16,，上为太白星，是以知病之在皮毛也，其音商，其数九，其臭腥。北方黑色，入通于肾，开窍于二阴，藏精于肾，故病在谿，其味咸，其类水，其畜彘，其谷豆，其应,于,yu2,wei2 | xu1 | yu1 | yu2,polyphone,01a0d5d5-3c67-746e-b946-85071b35199b,
金匮真言论篇第四,01a0d5d5-3b2c-7663-b470-0cc7ec9a7bdc,16,星，是以知病之在皮毛也，其音商，其数九，其臭腥。北方黑色，入通于肾，开窍于二阴，藏精于肾，故病在谿，其味咸，其类水，其畜彘，其谷豆，其应四时，上为,于,yu2,wei2 | xu1 | yu1 | yu2,polyphone,01a0d5d5-3c67-746e-b946-85082cf87dbf,
金匮真言论篇第四,01a0d5d5-3b2c-7663-b470-0cc7ec9a7bdc,16,之在皮毛也，其音商，其数九，其臭腥。北方黑色，入通于肾，开窍于二阴，藏精于肾，故病在谿，其味咸，其类水，其畜彘，其谷豆，其应四时，上为辰星，是以知,于,yu2,wei2 | xu1 | yu1 | yu2,polyphone,01a0d5d5-3c67-746e-b946-850b59761c81,
金匮真言论篇第四,01a0d5d5-3b2c-7663-b470-0cc7ec9a7bdc,16,商，其数九，其臭腥。北方黑色，入通于肾，开窍于二阴，藏精于肾，故病在谿，其味咸，其类水，其畜彘，其谷豆，其应四时，上为辰星，是以知病之在骨也，其音,其,qi2,ji1 | ji4 | qi2,polyphone,01a0d5d5-3c67-746e-b946-850d96e3f63b,
金匮真言论篇第四,01a0d5d5-3b2c-7663-b470-0cc7ec9a7bdc,16,，其数九，其臭腥。北方黑色，入通于肾，开窍于二阴，藏精于肾，故病在谿，其味咸，其类水，其畜彘，其谷豆，其应四时，上为辰星，是以知病之在骨也，其音羽,味,wei4,mei4 | wei4,polyphone,01a0d5d5-3c67-746e-b946-850e38a58b92,
金匮真言论篇第四,01a0d5d5-3b2c-7663-b470-0cc7ec9a7bdc,16,其数九，其臭腥。北方黑色，入通于肾，开窍于二阴，藏精于肾，故病在谿，其味咸，其类水，其畜彘，其谷豆，其应四时，上为辰星，是以知病之在骨也，其音羽，,咸,xian2,jian1 | jian3 | xian2,polyphone,01a0d5d5-3c67-746e-b946-850f18c96c5c,
金匮真言论篇第四,01a0d5d5-3b2c-7663-b470-0cc7ec9a7bdc,16,九，其臭腥。北方黑色，入通于肾，开窍于二阴，藏精于肾，故病在谿，其味咸，其类水，其畜彘，其谷豆，其应四时，上为辰星，是以知病之在骨也，其音羽，其数,其,qi2,ji1 | ji4 | qi2,polyphone,01a0d5d5-3c67-746e-b946-85104fd67a6b,
金匮真言论篇第四,01a0d5d5-3b2c-7663-b470-0cc7ec9a7bdc,16,黑色，入通于肾，开窍于二阴，藏精于肾，故病在谿，其味咸，其类水，其畜彘，其谷豆，其应四时，上为辰星，是以知病之在骨也，其音羽，其数六，其臭腐。故善,其,qi2,ji1 | ji4 | qi2,polyphone,01a0d5d5-3c67-746e-b946-8513ce2c33e5,
金匮真言论篇第四,01a0d5d5-3b2c-7663-b470-0cc7ec9a7bdc,16,色，入通于肾，开窍于二阴，藏精于肾，故病在谿，其味咸，其类水，其畜彘，其谷豆，其应四时，上为辰星，是以知病之在骨也，其音羽，其数六，其臭腐。故善为,谷,gu3,gu3 | lu4 | yu4,polyphone,01a0d5d5-3c67-746e-b946-8514e75dc10b,
金匮真言论篇第四,01a0d5d5-3b2c-7663-b470-0cc7ec9a7bdc,16,通于肾，开窍于二阴，藏精于肾，故病在谿，其味咸，其类水，其畜彘，其谷豆，其应四时，上为辰星，是以知病之在骨也，其音羽，其数六，其臭腐。故善为脉者，,其,qi2,ji1 | ji4 | qi2,polyphone,01a0d5d5-3c67-746e-b946-85152f678e8d,
金匮真言论篇第四,01a0d5d5-3b2c-7663-b470-0cc7ec9a7bdc,16,于肾，开窍于二阴，藏精于肾，故病在谿，其味咸，其类水，其畜彘，其谷豆，其应四时，上为辰星，是以知病之在骨也，其音羽，其数六，其臭腐。故善为脉者，谨,应,ying1,ying1 | ying4,polyphone,01a0d5d5-3c67-746e-b946-8516da47e43f,
金匮真言论篇第四,01a0d5d5-3b2c-7663-b470-0cc7ec9a7bdc,16,窍于二阴，藏精于肾，故病在谿，其味咸，其类水，其畜彘，其谷豆，其应四时，上为辰星，是以知病之在骨也，其音羽，其数六，其臭腐。故善为脉者，谨察五藏六,上,shang4,shang3 | shang4,polyphone,01a0d5d5-3c67-746e-b946-8517de20ad6f,
金匮真言论篇第四,01a0d5d5-3b2c-7663-b470-0cc7ec9a7bdc,16,于二阴，藏精于肾，故病在谿，其味咸，其类水，其畜彘，其谷豆，其应四时，上为辰星，是以知病之在骨也，其音羽，其数六，其臭腐。故善为脉者，谨察五藏六府,为,wei4,wei2 | wei4,polyphone,01a0d5d5-3c67-746e-b946-8518cac97ad3,
金匮真言论篇第四,01a0d5d5-3b2c-7663-b470-0cc7ec9a7bdc,16,藏精于肾，故病在谿，其味咸，其类水，其畜彘，其谷豆，其应四时，上为辰星，是以知病之在骨也，其音羽，其数六，其臭腐。故善为脉者，谨察五藏六府，一逆一,是,shi4,shi4 | ti2,polyphone,01a0d5d5-3c67-746e-b946-85198f344a03,
金匮真言论篇第四,01a0d5d5-3b2c-7663-b470-0cc7ec9a7bdc,16,精于肾，故病在谿，其味咸，其类水，其畜彘，其谷豆，其应四时，上为辰星，是以知病之在骨也，其音羽，其数六，其臭腐。故善为脉者，谨察五藏六府，一逆一从,以,yi3,si4 | yi3,polyphone,01a0d5d5-3c67-746e-b946-851a51624163,
金匮真言论篇第四,01a0d5d5-3b2c-7663-b470-0cc7ec9a7bdc,16,于肾，故病在谿，其味咸，其类水，其畜彘，其谷豆，其应四时，上为辰星，是以知病之在骨也，其音羽，其数六，其臭腐。故善为脉者，谨察五藏六府，一逆一从，,知,zhi1,zhi1 | zhi4,polyphone,01a0d5d5-3c67-746e-b946-851b0f34c7ab,
金匮真言论篇第四,01a0d5d5-3b2c-7663-b470-0cc7ec9a7bdc,16,，故病在谿，其味咸，其类水，其畜彘，其谷豆，其应四时，上为辰星，是以知病之在骨也，其音羽，其数六，其臭腐。故善为脉者，谨察五藏六府，一逆一从，阴阳,之,zhi1,zhi1 | zhi4 | zhu1,polyphone,01a0d5d5-3c67-746e-b946-851ccc5ac789,
金匮真言论篇第四,01a0d5d5-3b2c-7663-b470-0cc7ec9a7bdc,16,病在谿，其味咸，其类水，其畜彘，其谷豆，其应四时，上为辰星，是以知病之在骨也，其音羽，其数六，其臭腐。故善为脉者，谨察五藏六府，一逆一从，阴阳表里,骨,gu3,gu1 | gu2 | gu3,polyphone,01a0d5d5-3c67-746e-b946-851d93eb8b3a,
金匮真言论篇第四,01a0d5d5-3b2c-7663-b470-0cc7ec9a7bdc,16,在谿，其味咸，其类水，其畜彘，其谷豆，其应四时，上为辰星，是以知病之在骨也，其音羽，其数六，其臭腐。故善为脉者，谨察五藏六府，一逆一从，阴阳表里，,也,ye3,ye3 | yi2,polyphone,01a0d5d5-3c67-746e-b946-851e255d88aa,
金匮真言论篇第四,01a0d5d5-3b2c-7663-b470-0cc7ec9a7bdc,16,，其味咸，其类水，其畜彘，其谷豆，其应四时，上为辰星，是以知病之在骨也，其音羽，其数六，其臭腐。故善为脉者，谨察五藏六府，一逆一从，阴阳表里，雌雄,其,qi2,ji1 | ji4 | qi2,polyphone,01a0d5d5-3c67-746e-b946-851f24b868f4,
金匮真言论篇第四,01a0d5d5-3b2c-7663-b470-0cc7ec9a7bdc,16,味咸，其类水，其畜彘，其谷豆，其应四时，上为辰星，是以知病之在骨也，其音羽，其数六，其臭腐。故善为脉者，谨察五藏六府，一逆一从，阴阳表里，雌雄之纪,羽,yu3,hu4 | yu3,polyphone,01a0d5d5-3c67-746e-b946-8520fd1bea4c,
金匮真言论篇第四,01a0d5d5-3b2c-7663-b470-0cc7ec9a7bdc,16,，其类水，其畜彘，其谷豆，其应四时，上为辰星，是以知病之在骨也，其音羽，其数六，其臭腐。故善为脉者，谨察五藏六府，一逆一从，阴阳表里，雌雄之纪，藏,其,qi2,ji1 | ji4 | qi2,polyphone,01a0d5d5-3c67-746e-b946-852115e8fc99,
金匮真言论篇第四,01a0d5d5-3b2c-7663-b470-0cc7ec9a7bdc,16,其类水，其畜彘，其谷豆，其应四时，上为辰星，是以知病之在骨也，其音羽，其数六，其臭腐。故善为脉者，谨察五藏六府，一逆一从，阴阳表里，雌雄之纪，藏之,数,shu4,shu3 | shu4 | shuo4,polyphone,01a0d5d5-3c67-746e-b946-8522ec63e7b1,
金匮真言论篇第四,01a0d5d5-3b2c-7663-b470-0cc7ec9a7bdc,16,类水，其畜彘，其谷豆，其应四时，上为辰星，是以知病之在骨也，其音羽，其数六，其臭腐。故善为脉者，谨察五藏六府，一逆一从，阴阳表里，雌雄之纪，藏之心,六,liu4,liu4 | lu4,polyphone,01a0d5d5-3c67-746e-b946-85236c42e24d,
金匮真言论篇第四,01a0d5d5-3b2c-7663-b470-0cc7ec9a7bdc,16,，其畜彘，其谷豆，其应四时，上为辰星，是以知病之在骨也，其音羽，其数六，其臭腐。故善为脉者，谨察五藏六府，一逆一从，阴阳表里，雌雄之纪，藏之心意，,其,qi2,ji1 | ji4 | qi2,polyphone,01a0d5d5-3c67-746e-b946-85248b60c363,
金匮真言论篇第四,01a0d5d5-3b2c-7663-b470-0cc7ec9a7bdc,16,其畜彘，其谷豆，其应四时，上为辰星，是以知病之在骨也，其音羽，其数六，其臭腐。故善为脉者，谨察五藏六府，一逆一从，阴阳表里，雌雄之纪，藏之心意，合,臭,chou4,chou4 | xiu4,polyphone,01a0d5d5-3c67-746e-b946-852505be42bd,
金匮真言论篇第四,01a0d5d5-3b2c-7663-b470-0cc8fb7548d1,17,谷豆，其应四时，上为辰星，是以知病之在骨也，其音羽，其数六，其臭腐。故善为脉者，谨察五藏六府，一逆一从，阴阳表里，雌雄之纪，藏之心意，合心于精，非,为,wei4,wei2 | wei4,polyphone,01a0d5d5-3c6a-738f-8f4a-d4efc21d3afc,
金匮真言论篇第四,01a0d5d5-3b2c-7663-b470-0cc8fb7548d1,17,豆，其应四时，上为辰星，是以知病之在骨也，其音羽，其数六，其臭腐。故善为脉者，谨察五藏六府，一逆一从，阴阳表里，雌雄之纪，藏之心意，合心于精，非其,脉,mai4,mai4 | mo4,polyphone,01a0d5d5-3c6a-738f-8f4a-d4f035c2d38f,
金匮真言论篇第四,01a0d5d5-3b2c-7663-b470-0cc8fb7548d1,17,四时，上为辰星，是以知病之在骨也，其音羽，其数六，其臭腐。故善为脉者，谨察五藏六府，一逆一从，阴阳表里，雌雄之纪，藏之心意，合心于精，非其人勿教，,察,cha2,cha2 | cui4,polyphone,01a0d5d5-3c6a-738f-8f4a-d4f12a734ef4,
金匮真言论篇第四,01a0d5d5-3b2c-7663-b470-0cc8fb7548d1,17,，上为辰星，是以知病之在骨也，其音羽，其数六，其臭腐。故善为脉者，谨察五藏六府，一逆一从，阴阳表里，雌雄之纪，藏之心意，合心于精，非其人勿教，非其,藏,zang4,cang2 | zang1 | zang4,polyphone,01a0d5d5-3c6a-738f-8f4a-d4f2b42762d2,
金匮真言论篇第四,01a0d5d5-3b2c-7663-b470-0cc8fb7548d1,17,上为辰星，是以知病之在骨也，其音羽，其数六，其臭腐。故善为脉者，谨察五藏六府，一逆一从，阴阳表里，雌雄之纪，藏之心意，合心于精，非其人勿教，非其真,六,liu4,liu4 | lu4,polyphone,01a0d5d5-3c6a-738f-8f4a-d4f365bd16d7,
金匮真言论篇第四,01a0d5d5-3b2c-7663-b470-0cc8fb7548d1,17,星，是以知病之在骨也，其音羽，其数六，其臭腐。故善为脉者，谨察五藏六府，一逆一从，阴阳表里，雌雄之纪，藏之心意，合心于精，非其人勿教，非其真勿授，,一,yi1,yi1 | yi2 | yi4,polyphone,01a0d5d5-3c6a-738f-8f4a-d4f472c8169d,
金匮真言论篇第四,01a0d5d5-3b2c-7663-b470-0cc8fb7548d1,17,是以知病之在骨也，其音羽，其数六，其臭腐。故善为脉者，谨察五藏六府，一逆一从，阴阳表里，雌雄之纪，藏之心意，合心于精，非其人勿教，非其真勿授，是谓,一,yi1,yi1 | yi2 | yi4,polyphone,01a0d5d5-3c6a-738f-8f4a-d4f5bf20b70e,
金匮真言论篇第四,01a0d5d5-3b2c-7663-b470-0cc8fb7548d1,17,以知病之在骨也，其音羽，其数六，其臭腐。故善为脉者，谨察五藏六府，一逆一从，阴阳表里，雌雄之纪，藏之心意，合心于精，非其人勿教，非其真勿授，是谓得,从,cong2,cong2 | zong4,polyphone,01a0d5d5-3c6a-738f-8f4a-d4f64748d635,
金匮真言论篇第四,01a0d5d5-3b2c-7663-b470-0cc8fb7548d1,17,音羽，其数六，其臭腐。故善为脉者，谨察五藏六府，一逆一从，阴阳表里，雌雄之纪，藏之心意，合心于精，非其人勿教，非其真勿授，是谓得道。,之,zhi1,zhi1 | zhi4 | zhu1,polyphone,01a0d5d5-3c6a-738f-8f4a-d4f749a27dbc,
金匮真言论篇第四,01a0d5d5-3b2c-7663-b470-0cc8fb7548d1,17,羽，其数六，其臭腐。故善为脉者，谨察五藏六府，一逆一从，阴阳表里，雌雄之纪，藏之心意，合心于精，非其人勿教，非其真勿授，是谓得道。,纪,ji4,ji3 | ji4,polyphone,01a0d5d5-3c6a-738f-8f4a-d4f85e3cefbf,
金匮真言论篇第四,01a0d5d5-3b2c-7663-b470-0cc8fb7548d1,17,其数六，其臭腐。故善为脉者，谨察五藏六府，一逆一从，阴阳表里，雌雄之纪，藏之心意，合心于精，非其人勿教，非其真勿授，是谓得道。,藏,cang2,cang2 | zang1 | zang4,polyphone,01a0d5d5-3c6a-738f-8f4a-d4f9e3ad4ab6,
金匮真言论篇第四,01a0d5d5-3b2c-7663-b470-0cc8fb7548d1,17,数六，其臭腐。故善为脉者，谨察五藏六府，一逆一从，阴阳表里，雌雄之纪，藏之心意，合心于精，非其人勿教，非其真勿授，是谓得道。,之,zhi1,zhi1 | zhi4 | zhu1,polyphone,01a0d5d5-3c6a-738f-8f4a-d4fa8f531d66,
金匮真言论篇第四,01a0d5d5-3b2c-7663-b470-0cc8fb7548d1,17,，其臭腐。故善为脉者，谨察五藏六府，一逆一从，阴阳表里，雌雄之纪，藏之心意，合心于精，非其人勿教，非其真勿授，是谓得道。,意,yi4,yi1 | yi4,polyphone,01a0d5d5-3c6a-738f-8f4a-d4fb1041a8a3,
金匮真言论篇第四,01a0d5d5-3b2c-7663-b470-0cc8fb7548d1,17,臭腐。故善为脉者，谨察五藏六府，一逆一从，阴阳表里，雌雄之纪，藏之心意，合心于精，非其人勿教，非其真勿授，是谓得道。,合,he2,ge3 | he2,polyphone,01a0d5d5-3c6a-738f-8f4a-d4fc8ba3e8dd,
金匮真言论篇第四,01a0d5d5-3b2c-7663-b470-0cc8fb7548d1,17,。故善为脉者，谨察五藏六府，一逆一从，阴阳表里，雌雄之纪，藏之心意，合心于精，非其人勿教，非其真勿授，是谓得道。,于,yu2,wei2 | xu1 | yu1 | yu2,polyphone,01a0d5d5-3c6a-738f-8f4a-d4fde5143ced,
金匮真言论篇第四,01a0d5d5-3b2c-7663-b470-0cc8fb7548d1,17,故善为脉者，谨察五藏六府，一逆一从，阴阳表里，雌雄之纪，藏之心意，合心于精，非其人勿教，非其真勿授，是谓得道。,精,jing1,jing1 | jing4 | qing2,polyphone,01a0d5d5-3c6a-738f-8f4a-d4fea9998b30,
金匮真言论篇第四,01a0d5d5-3b2c-7663-b470-0cc8fb7548d1,17,为脉者，谨察五藏六府，一逆一从，阴阳表里，雌雄之纪，藏之心意，合心于精，非其人勿教，非其真勿授，是谓得道。,非,fei1,fei1 | fei3,polyphone,01a0d5d5-3c6a-738f-8f4a-d4ff29634921,
金匮真言论篇第四,01a0d5d5-3b2c-7663-b470-0cc8fb7548d1,17,脉者，谨察五藏六府，一逆一从，阴阳表里，雌雄之纪，藏之心意，合心于精，非其人勿教，非其真勿授，是谓得道。,其,qi2,ji1 | ji4 | qi2,polyphone,01a0d5d5-3c6a-738f-8f4a-d500df584e58,
金匮真言论篇第四,01a0d5d5-3b2c-7663-b470-0cc8fb7548d1,17,，谨察五藏六府，一逆一从，阴阳表里，雌雄之纪，藏之心意，合心于精，非其人勿教，非其真勿授，是谓得道。,勿,wu4,mo4 | wu4,polyphone,01a0d5d5-3c6a-738f-8f4a-d501ea2de19a,
金匮真言论篇第四,01a0d5d5-3b2c-7663-b470-0cc8fb7548d1,17,谨察五藏六府，一逆一从，阴阳表里，雌雄之纪，藏之心意，合心于精，非其人勿教，非其真勿授，是谓得道。,教,jiao4,jiao1 | jiao4,polyphone,01a0d5d5-3c6a-738f-8f4a-d50202cda425,
金匮真言论篇第四,01a0d5d5-3b2c-7663-b470-0cc8fb7548d1,17,五藏六府，一逆一从，阴阳表里，雌雄之纪，藏之心意，合心于精，非其人勿教，非其真勿授，是谓得道。,非,fei1,fei1 | fei3,polyphone,01a0d5d5-3c6a-738f-8f4a-d503c296b465,
金匮真言论篇第四,01a0d5d5-3b2c-7663-b470-0cc8fb7548d1,17,藏六府，一逆一从，阴阳表里，雌雄之纪，藏之心意，合心于精，非其人勿教，非其真勿授，是谓得道。,其,qi2,ji1 | ji4 | qi2,polyphone,01a0d5d5-3c6a-738f-8f4a-d504415f6e02,
金匮真言论篇第四,01a0d5d5-3b2c-7663-b470-0cc8fb7548d1,17,府，一逆一从，阴阳表里，雌雄之纪，藏之心意，合心于精，非其人勿教，非其真勿授，是谓得道。,勿,wu4,mo4 | wu4,polyphone,01a0d5d5-3c6a-738f-8f4a-d505fbff933c,
金匮真言论篇第四,01a0d5d5-3b2c-7663-b470-0cc8fb7548d1,17,逆一从，阴阳表里，雌雄之纪，藏之心意，合心于精，非其人勿教，非其真勿授，是谓得道。,是,shi4,shi4 | ti2,polyphone,01a0d5d5-3c6a-738f-8f4a-d50632164917,
金匮真言论篇第四,01a0d5d5-3b2c-7663-b470-0cc8fb7548d1,17,从，阴阳表里，雌雄之纪，藏之心意，合心于精，非其人勿教，非其真勿授，是谓得道。,得,de2,de2 | dei3,polyphone,01a0d5d5-3c6a-738f-8f4a-d5074f92fa27,
金匮真言论篇第四,01a0d5d5-3b2c-7663-b470-0cc8fb7548d1,17,，阴阳表里，雌雄之纪，藏之心意，合心于精，非其人勿教，非其真勿授，是谓得道。,道,dao4,dao3 | dao4,polyphone,01a0d5d5-3c6a-738f-8f4a-d508a676f884,
